id,cup_id,title,content,image_url,created_at,template_key,metadata
7537fe8f-5adc-4001-9578-39a9d08f115c,525a0a84-8980-46ff-ac79-aa36777ba89d,Próxima Fase Sorteada!,Os classificados já conhecem seus adversários na próxima fase.,,2026-05-12 16:00:03.261092+00,,{}
6393aeac-2367-4e59-a3d8-be60622f6191,ae0c118a-c866-4203-a3ed-03d7e7be70bb,Próxima Fase Sorteada!,Os classificados já conhecem seus adversários na próxima fase.,,2026-05-12 16:00:03.537207+00,,{}
bf049b94-243c-4e1d-ad3c-f829acfd7746,d21e5082-97c6-4393-a192-9b81a9a6fb4e,Próxima Fase Sorteada!,Os classificados já conhecem seus adversários na próxima fase.,,2026-05-12 16:00:03.738815+00,,{}
d4b34c74-e0b5-4369-98ab-dea134bcd365,93e7baa6-b215-453b-a88d-dbaa3312e41a,Próxima Fase Sorteada!,Os classificados já conhecem seus adversários na próxima fase.,,2026-05-12 16:00:03.92626+00,,{}
42f1116b-5a15-494c-9266-3fc032156fbb,8773b86c-e7b2-4fef-b921-449fdab3c2bd,Próxima Fase Sorteada!,Os classificados já conhecem seus adversários na próxima fase.,,2026-05-12 16:00:04.140552+00,,{}
e475e651-c065-4926-8413-95c4aba5f154,709d8efa-17a1-4516-8674-c19b35d45668,Próxima Fase Sorteada!,Os classificados já conhecem seus adversários na próxima fase.,,2026-05-12 16:00:04.317138+00,,{}
50aeeccb-60f1-470c-8da6-155ecc60d589,866ea51e-8235-4c93-95cc-cc51ab9b631f,Próxima Fase Sorteada!,Os classificados já conhecem seus adversários na próxima fase.,,2026-05-12 16:00:04.478+00,,{}
42e7f6fc-c924-44b8-a546-a484755bac8c,247c5df5-c17b-4873-911a-24419e30d2a6,Próxima Fase Sorteada!,Os classificados já conhecem seus adversários na próxima fase.,,2026-05-12 16:00:04.64742+00,,{}
cbe85cc8-767a-4c2e-8007-677f1e94e000,525a0a84-8980-46ff-ac79-aa36777ba89d,Próxima Fase Sorteada!,Os classificados já conhecem seus adversários na próxima fase.,,2026-05-13 19:00:02.467847+00,,{}
78a3d95f-d565-4207-8881-87c946a23103,ae0c118a-c866-4203-a3ed-03d7e7be70bb,Próxima Fase Sorteada!,Os classificados já conhecem seus adversários na próxima fase.,,2026-05-13 19:00:02.705726+00,,{}
a318087d-3736-41b4-852c-80a2c8d69a29,d21e5082-97c6-4393-a192-9b81a9a6fb4e,Próxima Fase Sorteada!,Os classificados já conhecem seus adversários na próxima fase.,,2026-05-13 19:00:02.902934+00,,{}
5073483a-acbf-45c6-afe9-71f7e6f875cd,93e7baa6-b215-453b-a88d-dbaa3312e41a,Próxima Fase Sorteada!,Os classificados já conhecem seus adversários na próxima fase.,,2026-05-13 19:00:03.087388+00,,{}
c0f8eee2-4ca1-4e52-ad12-2cb1eea5bb38,8773b86c-e7b2-4fef-b921-449fdab3c2bd,Próxima Fase Sorteada!,Os classificados já conhecem seus adversários na próxima fase.,,2026-05-13 19:00:03.272325+00,,{}
0e512daa-a163-4cd2-8ab6-970b5f797387,709d8efa-17a1-4516-8674-c19b35d45668,Próxima Fase Sorteada!,Os classificados já conhecem seus adversários na próxima fase.,,2026-05-13 19:00:03.469677+00,,{}
3495d1de-ad1f-4bfe-808f-cae5e8dc5316,866ea51e-8235-4c93-95cc-cc51ab9b631f,Próxima Fase Sorteada!,Os classificados já conhecem seus adversários na próxima fase.,,2026-05-13 19:00:03.658873+00,,{}
c5675678-76dd-4fcb-9a78-8f80ddc9abfd,247c5df5-c17b-4873-911a-24419e30d2a6,Próxima Fase Sorteada!,Os classificados já conhecem seus adversários na próxima fase.,,2026-05-13 19:00:03.833496+00,,{}
6b6fe192-bb6d-4d53-afaf-9abcb85904e6,525a0a84-8980-46ff-ac79-aa36777ba89d,Copa: Real Madrid 3x1 UNC SPORT CLUB,Real Madrid segue firme na disputa!,,2026-05-14 18:00:01.012123+00,cup_advance,"{""phase"": ""Rodada 3"", ""score"": ""3x1"", ""team_name"": ""Real Madrid"", ""competition"": ""Copa de Espanha"", ""opponent_name"": ""UNC SPORT CLUB""}"
a903f65b-1c7c-401a-9e48-54d6b5884379,525a0a84-8980-46ff-ac79-aa36777ba89d,Copa: Real Madrid 0x2 Espanha Bot 59,Espanha Bot 59 segue firme na disputa!,,2026-05-14 18:00:01.209904+00,cup_advance,"{""phase"": ""Rodada 3"", ""score"": ""0x2"", ""team_name"": ""Espanha Bot 59"", ""competition"": ""Copa de Espanha"", ""opponent_name"": ""Real Madrid""}"
cbd0cad1-a608-4218-8a62-5f5f29c54672,525a0a84-8980-46ff-ac79-aa36777ba89d,Copa: São Paulo 0x0 Flamengo,São Paulo segue firme na disputa!,,2026-05-14 18:00:01.353948+00,cup_advance,"{""phase"": ""Rodada 3"", ""score"": ""0x0"", ""team_name"": ""São Paulo"", ""competition"": ""Copa de Espanha"", ""opponent_name"": ""Flamengo""}"
35fbf130-9a3d-48d1-b07a-7cb5db308ce9,525a0a84-8980-46ff-ac79-aa36777ba89d,Copa: São Paulo 0x2 Espanha Bot 61,Espanha Bot 61 segue firme na disputa!,,2026-05-14 18:00:01.550891+00,cup_advance,"{""phase"": ""Rodada 3"", ""score"": ""0x2"", ""team_name"": ""Espanha Bot 61"", ""competition"": ""Copa de Espanha"", ""opponent_name"": ""São Paulo""}"
81d31145-bb2f-48b8-9716-63eb664469d8,525a0a84-8980-46ff-ac79-aa36777ba89d,Copa: Espanha Bot 63 0x3 Espanha Bot 62,Espanha Bot 62 segue firme na disputa!,,2026-05-14 18:00:01.705562+00,cup_advance,"{""phase"": ""Rodada 3"", ""score"": ""0x3"", ""team_name"": ""Espanha Bot 62"", ""competition"": ""Copa de Espanha"", ""opponent_name"": ""Espanha Bot 63""}"
9c6c6a63-4536-4070-a3bb-2a092957b20b,525a0a84-8980-46ff-ac79-aa36777ba89d,Copa: Espanha Bot 54 2x1 Real Madrid,Espanha Bot 54 segue firme na disputa!,,2026-05-14 18:00:01.851567+00,cup_advance,"{""phase"": ""Rodada 3"", ""score"": ""2x1"", ""team_name"": ""Espanha Bot 54"", ""competition"": ""Copa de Espanha"", ""opponent_name"": ""Real Madrid""}"
a82d2671-6248-4ee5-997f-0064780a8f8c,93e7baa6-b215-453b-a88d-dbaa3312e41a,Copa: BOT Bundesliga 7 0x1 Alemanha Bot 52,Alemanha Bot 52 segue firme na disputa!,,2026-05-14 18:00:02.345762+00,cup_advance,"{""phase"": ""Rodada 3"", ""score"": ""0x1"", ""team_name"": ""Alemanha Bot 52"", ""competition"": ""Copa de Alemanha"", ""opponent_name"": ""BOT Bundesliga 7""}"
52b8092c-5ec4-4ea4-9510-04fda1eed764,93e7baa6-b215-453b-a88d-dbaa3312e41a,Copa: Bayern de Munique 0x1 Flamengo,Flamengo segue firme na disputa!,,2026-05-14 18:00:02.775947+00,cup_advance,"{""phase"": ""Rodada 3"", ""score"": ""0x1"", ""team_name"": ""Flamengo"", ""competition"": ""Copa de Alemanha"", ""opponent_name"": ""Bayern de Munique""}"
f21472d8-5a1b-4b53-a868-472237d69e57,93e7baa6-b215-453b-a88d-dbaa3312e41a,Copa: São Paulo 0x3 Borussia Dortmund,Borussia Dortmund segue firme na disputa!,,2026-05-14 18:00:03.18518+00,cup_advance,"{""phase"": ""Rodada 3"", ""score"": ""0x3"", ""team_name"": ""Borussia Dortmund"", ""competition"": ""Copa de Alemanha"", ""opponent_name"": ""São Paulo""}"
0f591be9-6644-4102-bc58-f0987b5cef78,866ea51e-8235-4c93-95cc-cc51ab9b631f,Copa: Argentina Bot 54 3x3 Flamengo,Flamengo segue firme na disputa!,,2026-05-14 18:00:03.571713+00,cup_advance,"{""phase"": ""Rodada 3"", ""score"": ""3x3"", ""team_name"": ""Flamengo"", ""competition"": ""Copa de Argentina"", ""opponent_name"": ""Argentina Bot 54""}"
4d7a3d45-f338-4093-adf9-3466aba589cc,525a0a84-8980-46ff-ac79-aa36777ba89d,CLASSIFICADO: Espanha Bot 59!,Espanha Bot 59 avança de fase.,,2026-05-14 18:00:04.814079+00,cup_advance,"{""phase"": ""Quartas de Final"", ""team_name"": ""Espanha Bot 59"", ""competition"": ""Copa de Espanha""}"
807d9f9b-6b9e-4257-a913-8c31dee0f265,525a0a84-8980-46ff-ac79-aa36777ba89d,CLASSIFICADO: Espanha Bot 5!,Espanha Bot 5 avança de fase.,,2026-05-14 18:00:04.95384+00,cup_advance,"{""phase"": ""Quartas de Final"", ""team_name"": ""Espanha Bot 5"", ""competition"": ""Copa de Espanha""}"
aad98e55-473e-4349-b41b-31bceb71022e,93e7baa6-b215-453b-a88d-dbaa3312e41a,CLASSIFICADO: Alemanha Bot 7!,Alemanha Bot 7 avança de fase.,,2026-05-14 18:00:05.49122+00,cup_advance,"{""phase"": ""Quartas de Final"", ""team_name"": ""Alemanha Bot 7"", ""competition"": ""Copa de Alemanha""}"
53e61d92-f4f7-40ec-b2bd-a141fef84a44,93e7baa6-b215-453b-a88d-dbaa3312e41a,CLASSIFICADO: Palmeiras!,Palmeiras avança de fase.,,2026-05-14 18:00:05.671907+00,cup_advance,"{""phase"": ""Quartas de Final"", ""team_name"": ""Palmeiras"", ""competition"": ""Copa de Alemanha""}"
f01be936-4b95-4ed9-aa09-d3475af3b268,525a0a84-8980-46ff-ac79-aa36777ba89d,Copa: Palmeiras 1x3 Espanha Bot 5,Espanha Bot 5 segue firme na disputa!,,2026-05-14 18:00:01.997202+00,cup_advance,"{""phase"": ""Rodada 3"", ""score"": ""1x3"", ""team_name"": ""Espanha Bot 5"", ""competition"": ""Copa de Espanha"", ""opponent_name"": ""Palmeiras""}"
e1749cc3-ef6c-4186-9ee6-af95ac9feae4,93e7baa6-b215-453b-a88d-dbaa3312e41a,Copa: Alemanha Bot 7 2x1 Flamengo,Alemanha Bot 7 segue firme na disputa!,,2026-05-14 18:00:02.489309+00,cup_advance,"{""phase"": ""Rodada 3"", ""score"": ""2x1"", ""team_name"": ""Alemanha Bot 7"", ""competition"": ""Copa de Alemanha"", ""opponent_name"": ""Flamengo""}"
ac054ca6-1c85-4a04-9a59-dd7e2bf6f0db,93e7baa6-b215-453b-a88d-dbaa3312e41a,Copa: Alemanha Bot 53 1x3 Alemanha Bot 44,Alemanha Bot 44 segue firme na disputa!,,2026-05-14 18:00:02.90385+00,cup_advance,"{""phase"": ""Rodada 3"", ""score"": ""1x3"", ""team_name"": ""Alemanha Bot 44"", ""competition"": ""Copa de Alemanha"", ""opponent_name"": ""Alemanha Bot 53""}"
2bce9d93-787a-4d61-96a4-6dff7f06a0ab,93e7baa6-b215-453b-a88d-dbaa3312e41a,Copa: Palmeiras 0x3 Bayern de Munique,Bayern de Munique segue firme na disputa!,,2026-05-14 18:00:03.308932+00,cup_advance,"{""phase"": ""Rodada 3"", ""score"": ""0x3"", ""team_name"": ""Bayern de Munique"", ""competition"": ""Copa de Alemanha"", ""opponent_name"": ""Palmeiras""}"
edd966b6-239a-4d52-98db-9aae4f3e637b,866ea51e-8235-4c93-95cc-cc51ab9b631f,Copa: Argentina Bot 53 1x0 Flamengo,Argentina Bot 53 segue firme na disputa!,,2026-05-14 18:00:03.767575+00,cup_advance,"{""phase"": ""Rodada 3"", ""score"": ""1x0"", ""team_name"": ""Argentina Bot 53"", ""competition"": ""Copa de Argentina"", ""opponent_name"": ""Flamengo""}"
276ac67b-1298-4efc-8843-32ac9e16ff40,525a0a84-8980-46ff-ac79-aa36777ba89d,CLASSIFICADO: Espanha Bot 54!,Espanha Bot 54 avança de fase.,,2026-05-14 18:00:04.677463+00,cup_advance,"{""phase"": ""Quartas de Final"", ""team_name"": ""Espanha Bot 54"", ""competition"": ""Copa de Espanha""}"
0da87378-39fb-4535-906a-ee7b4e8ae627,525a0a84-8980-46ff-ac79-aa36777ba89d,CLASSIFICADO: Espanha Bot 62!,Espanha Bot 62 avança de fase.,,2026-05-14 18:00:04.864285+00,cup_advance,"{""phase"": ""Quartas de Final"", ""team_name"": ""Espanha Bot 62"", ""competition"": ""Copa de Espanha""}"
dc513559-b31f-4e79-9090-7c537913ea9f,525a0a84-8980-46ff-ac79-aa36777ba89d,CLASSIFICADO: Espanha Bot 61!,Espanha Bot 61 avança de fase.,,2026-05-14 18:00:05.004273+00,cup_advance,"{""phase"": ""Quartas de Final"", ""team_name"": ""Espanha Bot 61"", ""competition"": ""Copa de Espanha""}"
c0a65a86-c1ed-499a-988c-49f53420c590,93e7baa6-b215-453b-a88d-dbaa3312e41a,CLASSIFICADO: Bayer Leverkusen!,Bayer Leverkusen avança de fase.,,2026-05-14 18:00:05.385249+00,cup_advance,"{""phase"": ""Quartas de Final"", ""team_name"": ""Bayer Leverkusen"", ""competition"": ""Copa de Alemanha""}"
6dbd7a57-d543-4a39-9dd9-0e73e1b767f1,93e7baa6-b215-453b-a88d-dbaa3312e41a,CLASSIFICADO: Bayern de Munique!,Bayern de Munique avança de fase.,,2026-05-14 18:00:05.544359+00,cup_advance,"{""phase"": ""Quartas de Final"", ""team_name"": ""Bayern de Munique"", ""competition"": ""Copa de Alemanha""}"
ab8c651e-d851-4dad-b3ae-89459ae424fd,93e7baa6-b215-453b-a88d-dbaa3312e41a,CLASSIFICADO: Alemanha Bot 52!,Alemanha Bot 52 avança de fase.,,2026-05-14 18:00:05.718901+00,cup_advance,"{""phase"": ""Quartas de Final"", ""team_name"": ""Alemanha Bot 52"", ""competition"": ""Copa de Alemanha""}"
fc41172a-d597-4efb-9028-6e74140445fc,525a0a84-8980-46ff-ac79-aa36777ba89d,Copa: São Paulo 3x1 Palmeiras,São Paulo segue firme na disputa!,,2026-05-14 18:00:02.154981+00,cup_advance,"{""phase"": ""Rodada 3"", ""score"": ""3x1"", ""team_name"": ""São Paulo"", ""competition"": ""Copa de Espanha"", ""opponent_name"": ""Palmeiras""}"
9ddfa551-f1d1-4b93-ae9d-5d215702b13a,93e7baa6-b215-453b-a88d-dbaa3312e41a,Copa: Bayer Leverkusen 2x0 Flamengo,Bayer Leverkusen segue firme na disputa!,,2026-05-14 18:00:02.647729+00,cup_advance,"{""phase"": ""Rodada 3"", ""score"": ""2x0"", ""team_name"": ""Bayer Leverkusen"", ""competition"": ""Copa de Alemanha"", ""opponent_name"": ""Flamengo""}"
49fb13b8-7ed9-4cab-9f31-2bf58320f9db,93e7baa6-b215-453b-a88d-dbaa3312e41a,Copa: Palmeiras 3x1 Bayern de Munique,Palmeiras segue firme na disputa!,,2026-05-14 18:00:03.047622+00,cup_advance,"{""phase"": ""Rodada 3"", ""score"": ""3x1"", ""team_name"": ""Palmeiras"", ""competition"": ""Copa de Alemanha"", ""opponent_name"": ""Bayern de Munique""}"
729f103c-24f5-449c-addd-25cd013f4431,866ea51e-8235-4c93-95cc-cc51ab9b631f,Copa: Argentina Bot 61 1x3 Flamengo,Flamengo segue firme na disputa!,,2026-05-14 18:00:03.43838+00,cup_advance,"{""phase"": ""Rodada 3"", ""score"": ""1x3"", ""team_name"": ""Flamengo"", ""competition"": ""Copa de Argentina"", ""opponent_name"": ""Argentina Bot 61""}"
f730dbcf-e109-4947-837e-2051392f6c38,866ea51e-8235-4c93-95cc-cc51ab9b631f,Copa: Argentina Bot 4 3x1 Palmeiras,Argentina Bot 4 segue firme na disputa!,,2026-05-14 18:00:03.887161+00,cup_advance,"{""phase"": ""Rodada 3"", ""score"": ""3x1"", ""team_name"": ""Argentina Bot 4"", ""competition"": ""Copa de Argentina"", ""opponent_name"": ""Palmeiras""}"
a4ed988f-d3d8-4448-af90-df4a776fb1b6,525a0a84-8980-46ff-ac79-aa36777ba89d,CLASSIFICADO: São Paulo!,São Paulo avança de fase.,,2026-05-14 18:00:04.748973+00,cup_advance,"{""phase"": ""Quartas de Final"", ""team_name"": ""São Paulo"", ""competition"": ""Copa de Espanha""}"
9b4ab566-5f55-4556-b0cb-f0f6b1c4ee59,525a0a84-8980-46ff-ac79-aa36777ba89d,CLASSIFICADO: Real Madrid!,Real Madrid avança de fase.,,2026-05-14 18:00:04.905978+00,cup_advance,"{""phase"": ""Quartas de Final"", ""team_name"": ""Real Madrid"", ""competition"": ""Copa de Espanha""}"
3420c427-c66e-4ad6-ad47-7e2f955eba59,525a0a84-8980-46ff-ac79-aa36777ba89d,CLASSIFICADO: São Paulo!,São Paulo avança de fase.,,2026-05-14 18:00:05.059344+00,cup_advance,"{""phase"": ""Quartas de Final"", ""team_name"": ""São Paulo"", ""competition"": ""Copa de Espanha""}"
56eae26f-b7ff-4aba-90c7-a7d56abf5e54,93e7baa6-b215-453b-a88d-dbaa3312e41a,CLASSIFICADO: Flamengo!,Flamengo avança de fase.,,2026-05-14 18:00:05.438157+00,cup_advance,"{""phase"": ""Quartas de Final"", ""team_name"": ""Flamengo"", ""competition"": ""Copa de Alemanha""}"
200f95f7-5602-49f5-89bb-6b530409a3a7,93e7baa6-b215-453b-a88d-dbaa3312e41a,CLASSIFICADO: Borussia Dortmund!,Borussia Dortmund avança de fase.,,2026-05-14 18:00:05.591241+00,cup_advance,"{""phase"": ""Quartas de Final"", ""team_name"": ""Borussia Dortmund"", ""competition"": ""Copa de Alemanha""}"
9d520dce-ac3b-484f-a017-02fe19a332c5,93e7baa6-b215-453b-a88d-dbaa3312e41a,CLASSIFICADO: Alemanha Bot 44!,Alemanha Bot 44 avança de fase.,,2026-05-14 18:00:05.763855+00,cup_advance,"{""phase"": ""Quartas de Final"", ""team_name"": ""Alemanha Bot 44"", ""competition"": ""Copa de Alemanha""}"
fe9b7874-1e8f-43ea-978c-86f930cf6bbb,866ea51e-8235-4c93-95cc-cc51ab9b631f,Copa: Argentina Bot 45 1x1 Palmeiras,Argentina Bot 45 segue firme na disputa!,,2026-05-14 18:01:01.16366+00,cup_advance,"{""phase"": ""Rodada 3"", ""score"": ""1x1"", ""team_name"": ""Argentina Bot 45"", ""competition"": ""Copa de Argentina"", ""opponent_name"": ""Palmeiras""}"
42ad12ce-e990-4ef3-af75-76684edf26d1,866ea51e-8235-4c93-95cc-cc51ab9b631f,Copa: Argentina Bot 41 1x1 Argentina Bot 9,Argentina Bot 9 segue firme na disputa!,,2026-05-14 18:01:01.280019+00,cup_advance,"{""phase"": ""Rodada 3"", ""score"": ""1x1"", ""team_name"": ""Argentina Bot 9"", ""competition"": ""Copa de Argentina"", ""opponent_name"": ""Argentina Bot 41""}"
7c90dda3-7cc1-40cf-9fc4-e4e27029af55,866ea51e-8235-4c93-95cc-cc51ab9b631f,Copa: Flamengo 1x0 Argentina Bot 56,Flamengo segue firme na disputa!,,2026-05-14 18:01:01.377153+00,cup_advance,"{""phase"": ""Rodada 3"", ""score"": ""1x0"", ""team_name"": ""Flamengo"", ""competition"": ""Copa de Argentina"", ""opponent_name"": ""Argentina Bot 56""}"
19f9f513-7a4a-4e01-8046-b70d8fc17e30,866ea51e-8235-4c93-95cc-cc51ab9b631f,Copa: Palmeiras 2x2 Argentina Bot 60,Argentina Bot 60 segue firme na disputa!,,2026-05-14 18:01:01.542818+00,cup_advance,"{""phase"": ""Rodada 3"", ""score"": ""2x2"", ""team_name"": ""Argentina Bot 60"", ""competition"": ""Copa de Argentina"", ""opponent_name"": ""Palmeiras""}"
bc9da7bb-44ab-4a38-81ca-3c631e49a2e8,ae0c118a-c866-4203-a3ed-03d7e7be70bb,Copa: Manchester United 2x2 Inglaterra Bot 7,Inglaterra Bot 7 segue firme na disputa!,,2026-05-14 18:01:01.646652+00,cup_advance,"{""phase"": ""Rodada 3"", ""score"": ""2x2"", ""team_name"": ""Inglaterra Bot 7"", ""competition"": ""Copa de Inglaterra"", ""opponent_name"": ""Manchester United""}"
45f32dea-dd2d-4302-b483-90b21c670ee7,ae0c118a-c866-4203-a3ed-03d7e7be70bb,Copa: Inglaterra Bot 52 2x0 Inglaterra Bot 62,Inglaterra Bot 52 segue firme na disputa!,,2026-05-14 18:01:01.733367+00,cup_advance,"{""phase"": ""Rodada 3"", ""score"": ""2x0"", ""team_name"": ""Inglaterra Bot 52"", ""competition"": ""Copa de Inglaterra"", ""opponent_name"": ""Inglaterra Bot 62""}"
5bf8bbf1-b483-40bf-9c61-17778f231059,ae0c118a-c866-4203-a3ed-03d7e7be70bb,Copa: BOT Premier League 7 0x3 São Paulo,São Paulo segue firme na disputa!,,2026-05-14 18:01:01.831117+00,cup_advance,"{""phase"": ""Rodada 3"", ""score"": ""0x3"", ""team_name"": ""São Paulo"", ""competition"": ""Copa de Inglaterra"", ""opponent_name"": ""BOT Premier League 7""}"
5eea4819-5668-4430-b2a8-32fe91450f82,ae0c118a-c866-4203-a3ed-03d7e7be70bb,Copa: Manchester City 3x1 BOT Premier League 6,Manchester City segue firme na disputa!,,2026-05-14 18:01:01.921901+00,cup_advance,"{""phase"": ""Rodada 3"", ""score"": ""3x1"", ""team_name"": ""Manchester City"", ""competition"": ""Copa de Inglaterra"", ""opponent_name"": ""BOT Premier League 6""}"
c560efc8-0321-4fbe-9d7e-01aa9e32858a,ae0c118a-c866-4203-a3ed-03d7e7be70bb,Copa: São Paulo 1x3 Inglaterra Bot 51,Inglaterra Bot 51 segue firme na disputa!,,2026-05-14 18:01:02.016317+00,cup_advance,"{""phase"": ""Rodada 3"", ""score"": ""1x3"", ""team_name"": ""Inglaterra Bot 51"", ""competition"": ""Copa de Inglaterra"", ""opponent_name"": ""São Paulo""}"
8140c609-8139-4d4f-b6c1-2c3889657a93,ae0c118a-c866-4203-a3ed-03d7e7be70bb,Copa: Arsenal 3x3 Liverpool,Liverpool segue firme na disputa!,,2026-05-14 18:01:02.103125+00,cup_advance,"{""phase"": ""Rodada 3"", ""score"": ""3x3"", ""team_name"": ""Liverpool"", ""competition"": ""Copa de Inglaterra"", ""opponent_name"": ""Arsenal""}"
b802606f-bb2d-43ca-852e-47aa9113657d,ae0c118a-c866-4203-a3ed-03d7e7be70bb,Copa: Inglaterra Bot 44 0x1 Flamengo,Flamengo segue firme na disputa!,,2026-05-14 18:01:02.195936+00,cup_advance,"{""phase"": ""Rodada 3"", ""score"": ""0x1"", ""team_name"": ""Flamengo"", ""competition"": ""Copa de Inglaterra"", ""opponent_name"": ""Inglaterra Bot 44""}"
766b3cdb-bec9-486e-89b9-3ec90c2aac4c,ae0c118a-c866-4203-a3ed-03d7e7be70bb,Copa: Flamengo 0x3 BOT Premier League 8,BOT Premier League 8 segue firme na disputa!,,2026-05-14 18:01:02.296816+00,cup_advance,"{""phase"": ""Rodada 3"", ""score"": ""0x3"", ""team_name"": ""BOT Premier League 8"", ""competition"": ""Copa de Inglaterra"", ""opponent_name"": ""Flamengo""}"
359a8dac-f181-4018-b148-beeb1f16d807,8773b86c-e7b2-4fef-b921-449fdab3c2bd,Copa: França Bot 54 3x3 França Bot 63,França Bot 54 segue firme na disputa!,,2026-05-14 18:01:02.390361+00,cup_advance,"{""phase"": ""Rodada 3"", ""score"": ""3x3"", ""team_name"": ""França Bot 54"", ""competition"": ""Copa de França"", ""opponent_name"": ""França Bot 63""}"
30642c42-7882-4212-aeaa-8e28ee2134aa,8773b86c-e7b2-4fef-b921-449fdab3c2bd,Copa: BOT Ligue 1 15 3x1 São Paulo,BOT Ligue 1 15 segue firme na disputa!,,2026-05-14 18:01:02.477766+00,cup_advance,"{""phase"": ""Rodada 3"", ""score"": ""3x1"", ""team_name"": ""BOT Ligue 1 15"", ""competition"": ""Copa de França"", ""opponent_name"": ""São Paulo""}"
31896039-90bc-4273-8ba0-0c67e7a234d8,8773b86c-e7b2-4fef-b921-449fdab3c2bd,Copa: Flamengo 1x2 BOT Ligue 1 12,BOT Ligue 1 12 segue firme na disputa!,,2026-05-14 18:01:02.565146+00,cup_advance,"{""phase"": ""Rodada 3"", ""score"": ""1x2"", ""team_name"": ""BOT Ligue 1 12"", ""competition"": ""Copa de França"", ""opponent_name"": ""Flamengo""}"
6cb50677-edcb-40ab-a995-e9a5b265d757,8773b86c-e7b2-4fef-b921-449fdab3c2bd,Copa: França Bot 58 0x2 BOT Ligue 1 14,BOT Ligue 1 14 segue firme na disputa!,,2026-05-14 18:01:02.707659+00,cup_advance,"{""phase"": ""Rodada 3"", ""score"": ""0x2"", ""team_name"": ""BOT Ligue 1 14"", ""competition"": ""Copa de França"", ""opponent_name"": ""França Bot 58""}"
6584940c-04f4-4d9d-85e2-aa94ce4f5653,709d8efa-17a1-4516-8674-c19b35d45668,CLASSIFICADO: Benfica!,Benfica avança de fase.,,2026-05-15 19:00:03.450159+00,cup_advance,"{""phase"": ""Semifinal"", ""team_name"": ""Benfica"", ""competition"": ""Copa de Portugal""}"
051d7296-ce35-4dc5-9c9b-c96bcddb9820,8773b86c-e7b2-4fef-b921-449fdab3c2bd,Copa: França Bot 8 3x1 França Bot 52,França Bot 8 segue firme na disputa!,,2026-05-14 18:01:02.79346+00,cup_advance,"{""phase"": ""Rodada 3"", ""score"": ""3x1"", ""team_name"": ""França Bot 8"", ""competition"": ""Copa de França"", ""opponent_name"": ""França Bot 52""}"
05cee93c-547f-41d5-8079-b17672f52ea5,8773b86c-e7b2-4fef-b921-449fdab3c2bd,Copa: França Bot 40 1x3 Flamengo,Flamengo segue firme na disputa!,,2026-05-14 18:01:03.082926+00,cup_advance,"{""phase"": ""Rodada 3"", ""score"": ""1x3"", ""team_name"": ""Flamengo"", ""competition"": ""Copa de França"", ""opponent_name"": ""França Bot 40""}"
be577023-77ef-4c75-a07e-0b4b70b477d5,8773b86c-e7b2-4fef-b921-449fdab3c2bd,Copa: Flamengo 2x3 BOT Ligue 1 1,BOT Ligue 1 1 segue firme na disputa!,,2026-05-14 18:01:02.890233+00,cup_advance,"{""phase"": ""Rodada 3"", ""score"": ""2x3"", ""team_name"": ""BOT Ligue 1 1"", ""competition"": ""Copa de França"", ""opponent_name"": ""Flamengo""}"
f50afc46-2dad-488c-aa8b-2f474f20fc60,8773b86c-e7b2-4fef-b921-449fdab3c2bd,Copa: França Bot 42 0x0 Flamengo,Flamengo segue firme na disputa!,,2026-05-14 18:01:02.99523+00,cup_advance,"{""phase"": ""Rodada 3"", ""score"": ""0x0"", ""team_name"": ""Flamengo"", ""competition"": ""Copa de França"", ""opponent_name"": ""França Bot 42""}"
cf3f9169-cdb2-4a38-922f-5dcfc0ccba71,247c5df5-c17b-4873-911a-24419e30d2a6,Copa: Athletico Paranaense 2x1 Mirassol,Athletico Paranaense segue firme na disputa!,,2026-05-14 18:02:00.922663+00,cup_advance,"{""phase"": ""Rodada 3"", ""score"": ""2x1"", ""team_name"": ""Athletico Paranaense"", ""competition"": ""Copa de Brasil"", ""opponent_name"": ""Mirassol""}"
ac41a9e7-e403-4605-81b7-6f19a6c488f9,247c5df5-c17b-4873-911a-24419e30d2a6,Copa: Novorizontino 2x1 Atlético Mineiro,Novorizontino segue firme na disputa!,,2026-05-14 18:02:01.045708+00,cup_advance,"{""phase"": ""Rodada 3"", ""score"": ""2x1"", ""team_name"": ""Novorizontino"", ""competition"": ""Copa de Brasil"", ""opponent_name"": ""Atlético Mineiro""}"
d31627f3-d30d-4df8-bc05-85f0f8d4da72,d21e5082-97c6-4393-a192-9b81a9a6fb4e,Copa: Milan 3x0 São Paulo,Milan segue firme na disputa!,,2026-05-14 18:02:01.219686+00,cup_advance,"{""phase"": ""Rodada 3"", ""score"": ""3x0"", ""team_name"": ""Milan"", ""competition"": ""Copa de Itália"", ""opponent_name"": ""São Paulo""}"
681eab02-abc7-42fb-a728-0d4ed36035c8,d21e5082-97c6-4393-a192-9b81a9a6fb4e,Copa: São Paulo 1x0 Itália Bot 57,São Paulo segue firme na disputa!,,2026-05-14 18:02:01.308273+00,cup_advance,"{""phase"": ""Rodada 3"", ""score"": ""1x0"", ""team_name"": ""São Paulo"", ""competition"": ""Copa de Itália"", ""opponent_name"": ""Itália Bot 57""}"
b4775acb-cd58-4616-8e06-4803f6ef689b,d21e5082-97c6-4393-a192-9b81a9a6fb4e,Copa: Inter de Milão 1x2 Itália Bot 6,Itália Bot 6 segue firme na disputa!,,2026-05-14 18:02:01.388276+00,cup_advance,"{""phase"": ""Rodada 3"", ""score"": ""1x2"", ""team_name"": ""Itália Bot 6"", ""competition"": ""Copa de Itália"", ""opponent_name"": ""Inter de Milão""}"
de795c53-b98c-4eb7-88d8-b7ec2ed2f9f5,d21e5082-97c6-4393-a192-9b81a9a6fb4e,Copa: Itália Bot 5 2x1 Itália Bot 46,Itália Bot 5 segue firme na disputa!,,2026-05-14 18:02:01.482436+00,cup_advance,"{""phase"": ""Rodada 3"", ""score"": ""2x1"", ""team_name"": ""Itália Bot 5"", ""competition"": ""Copa de Itália"", ""opponent_name"": ""Itália Bot 46""}"
56ac8129-7026-4e39-a4b2-77fa617902a3,d21e5082-97c6-4393-a192-9b81a9a6fb4e,Copa: São Paulo 0x0 São Paulo,São Paulo segue firme na disputa!,,2026-05-14 18:02:01.570651+00,cup_advance,"{""phase"": ""Rodada 3"", ""score"": ""0x0"", ""team_name"": ""São Paulo"", ""competition"": ""Copa de Itália"", ""opponent_name"": ""São Paulo""}"
1a18cc24-852f-4cc9-a02f-ad5823f9d49b,d21e5082-97c6-4393-a192-9b81a9a6fb4e,Copa: Palmeiras 3x0 BOT Serie A 6,Palmeiras segue firme na disputa!,,2026-05-14 18:02:01.71631+00,cup_advance,"{""phase"": ""Rodada 3"", ""score"": ""3x0"", ""team_name"": ""Palmeiras"", ""competition"": ""Copa de Itália"", ""opponent_name"": ""BOT Serie A 6""}"
85daa5d9-c1b5-48b3-98f8-ce92b41b7fdf,d21e5082-97c6-4393-a192-9b81a9a6fb4e,Copa: Itália Bot 41 1x0 Itália Bot 59,Itália Bot 41 segue firme na disputa!,,2026-05-14 18:02:01.811799+00,cup_advance,"{""phase"": ""Rodada 3"", ""score"": ""1x0"", ""team_name"": ""Itália Bot 41"", ""competition"": ""Copa de Itália"", ""opponent_name"": ""Itália Bot 59""}"
a78133ed-4a8c-42db-919b-fd0b108327f1,d21e5082-97c6-4393-a192-9b81a9a6fb4e,Copa: Inter de Milão 0x3 Inter de Milão,Inter de Milão segue firme na disputa!,,2026-05-14 18:02:01.904622+00,cup_advance,"{""phase"": ""Rodada 3"", ""score"": ""0x3"", ""team_name"": ""Inter de Milão"", ""competition"": ""Copa de Itália"", ""opponent_name"": ""Inter de Milão""}"
d189778a-bc6d-49a2-a40d-d8e187cff5a9,709d8efa-17a1-4516-8674-c19b35d45668,Copa: Portugal Bot 54 3x2 Benfica,Portugal Bot 54 segue firme na disputa!,,2026-05-14 18:02:01.986338+00,cup_advance,"{""phase"": ""Rodada 3"", ""score"": ""3x2"", ""team_name"": ""Portugal Bot 54"", ""competition"": ""Copa de Portugal"", ""opponent_name"": ""Benfica""}"
49dd2ec2-cb62-47db-99db-0c84a86e10ef,709d8efa-17a1-4516-8674-c19b35d45668,Copa: Benfica 0x0 Sporting CP,Benfica segue firme na disputa!,,2026-05-14 18:02:02.069031+00,cup_advance,"{""phase"": ""Rodada 3"", ""score"": ""0x0"", ""team_name"": ""Benfica"", ""competition"": ""Copa de Portugal"", ""opponent_name"": ""Sporting CP""}"
2b9b3e6e-da23-4615-8ef3-0bd56f5ce604,709d8efa-17a1-4516-8674-c19b35d45668,Copa: São Paulo 1x2 São Paulo,São Paulo segue firme na disputa!,,2026-05-14 18:02:02.156292+00,cup_advance,"{""phase"": ""Rodada 3"", ""score"": ""1x2"", ""team_name"": ""São Paulo"", ""competition"": ""Copa de Portugal"", ""opponent_name"": ""São Paulo""}"
191069be-a789-449e-86fc-f113a63d29c3,709d8efa-17a1-4516-8674-c19b35d45668,Copa: Flamengo 0x3 Portugal Bot 4,Portugal Bot 4 segue firme na disputa!,,2026-05-14 18:02:02.298982+00,cup_advance,"{""phase"": ""Rodada 3"", ""score"": ""0x3"", ""team_name"": ""Portugal Bot 4"", ""competition"": ""Copa de Portugal"", ""opponent_name"": ""Flamengo""}"
b695920d-84d3-4462-bc52-c581e3fecb83,709d8efa-17a1-4516-8674-c19b35d45668,Copa: BOT Liga Portugal 5 3x2 São Paulo,BOT Liga Portugal 5 segue firme na disputa!,,2026-05-14 18:02:02.379544+00,cup_advance,"{""phase"": ""Rodada 3"", ""score"": ""3x2"", ""team_name"": ""BOT Liga Portugal 5"", ""competition"": ""Copa de Portugal"", ""opponent_name"": ""São Paulo""}"
0b79fda3-27a1-4c49-9dd5-f80cc07caaa6,709d8efa-17a1-4516-8674-c19b35d45668,Copa: Portugal Bot 63 1x0 São Paulo,Portugal Bot 63 segue firme na disputa!,,2026-05-14 18:02:02.462549+00,cup_advance,"{""phase"": ""Rodada 3"", ""score"": ""1x0"", ""team_name"": ""Portugal Bot 63"", ""competition"": ""Copa de Portugal"", ""opponent_name"": ""São Paulo""}"
ce433388-ddde-4cca-a7a1-c193fe11626d,709d8efa-17a1-4516-8674-c19b35d45668,Copa: Flamengo 2x0 São Paulo,Flamengo segue firme na disputa!,,2026-05-14 18:02:02.54501+00,cup_advance,"{""phase"": ""Rodada 3"", ""score"": ""2x0"", ""team_name"": ""Flamengo"", ""competition"": ""Copa de Portugal"", ""opponent_name"": ""São Paulo""}"
7ea2b030-455d-4ded-9a89-c4334bcb839d,709d8efa-17a1-4516-8674-c19b35d45668,Copa: Portugal Bot 50 1x3 Benfica,Benfica segue firme na disputa!,,2026-05-14 18:02:02.622858+00,cup_advance,"{""phase"": ""Rodada 3"", ""score"": ""1x3"", ""team_name"": ""Benfica"", ""competition"": ""Copa de Portugal"", ""opponent_name"": ""Portugal Bot 50""}"
27585939-1902-4222-afed-0939b2d5f969,ae0c118a-c866-4203-a3ed-03d7e7be70bb,CLASSIFICADO: Liverpool!,Liverpool avança de fase.,,2026-05-14 19:00:03.285821+00,cup_advance,"{""phase"": ""Quartas de Final"", ""team_name"": ""Liverpool"", ""competition"": ""Copa de Inglaterra""}"
8a5de039-bdc3-409a-9b23-f45060fd667b,ae0c118a-c866-4203-a3ed-03d7e7be70bb,CLASSIFICADO: Inglaterra Bot 52!,Inglaterra Bot 52 avança de fase.,,2026-05-14 19:00:03.399497+00,cup_advance,"{""phase"": ""Quartas de Final"", ""team_name"": ""Inglaterra Bot 52"", ""competition"": ""Copa de Inglaterra""}"
c8a65910-8edc-42dc-90e7-d0bf54d0fa15,ae0c118a-c866-4203-a3ed-03d7e7be70bb,CLASSIFICADO: BOT Premier League 8!,BOT Premier League 8 avança de fase.,,2026-05-14 19:00:03.460008+00,cup_advance,"{""phase"": ""Quartas de Final"", ""team_name"": ""BOT Premier League 8"", ""competition"": ""Copa de Inglaterra""}"
2a6dd857-9a11-4e1c-a56f-d555ee6282f2,ae0c118a-c866-4203-a3ed-03d7e7be70bb,CLASSIFICADO: Flamengo!,Flamengo avança de fase.,,2026-05-14 19:00:03.52832+00,cup_advance,"{""phase"": ""Quartas de Final"", ""team_name"": ""Flamengo"", ""competition"": ""Copa de Inglaterra""}"
22e724e7-0255-4be3-94ce-4abdb71d8adc,ae0c118a-c866-4203-a3ed-03d7e7be70bb,CLASSIFICADO: São Paulo!,São Paulo avança de fase.,,2026-05-14 19:00:03.612051+00,cup_advance,"{""phase"": ""Quartas de Final"", ""team_name"": ""São Paulo"", ""competition"": ""Copa de Inglaterra""}"
7c438879-4ce4-4a14-a6da-d64f49f09ec6,ae0c118a-c866-4203-a3ed-03d7e7be70bb,CLASSIFICADO: Inglaterra Bot 7!,Inglaterra Bot 7 avança de fase.,,2026-05-14 19:00:03.69107+00,cup_advance,"{""phase"": ""Quartas de Final"", ""team_name"": ""Inglaterra Bot 7"", ""competition"": ""Copa de Inglaterra""}"
20b890bd-4b94-4533-b1b2-eac9402d5192,ae0c118a-c866-4203-a3ed-03d7e7be70bb,CLASSIFICADO: Inglaterra Bot 51!,Inglaterra Bot 51 avança de fase.,,2026-05-14 19:00:03.757014+00,cup_advance,"{""phase"": ""Quartas de Final"", ""team_name"": ""Inglaterra Bot 51"", ""competition"": ""Copa de Inglaterra""}"
0f15d4a8-aef7-4f82-b8a3-d972820cf821,ae0c118a-c866-4203-a3ed-03d7e7be70bb,CLASSIFICADO: Manchester City!,Manchester City avança de fase.,,2026-05-14 19:00:03.816508+00,cup_advance,"{""phase"": ""Quartas de Final"", ""team_name"": ""Manchester City"", ""competition"": ""Copa de Inglaterra""}"
ca93e4a7-728e-4428-9f32-145cf8680c2c,d21e5082-97c6-4393-a192-9b81a9a6fb4e,CLASSIFICADO: Milan!,Milan avança de fase.,,2026-05-14 19:00:04.091938+00,cup_advance,"{""phase"": ""Quartas de Final"", ""team_name"": ""Milan"", ""competition"": ""Copa de Itália""}"
36e01b58-4e2e-4da7-b0b5-72890a81a4f5,d21e5082-97c6-4393-a192-9b81a9a6fb4e,CLASSIFICADO: Itália Bot 5!,Itália Bot 5 avança de fase.,,2026-05-14 19:00:04.148163+00,cup_advance,"{""phase"": ""Quartas de Final"", ""team_name"": ""Itália Bot 5"", ""competition"": ""Copa de Itália""}"
dd844653-7dee-45cd-8d82-d03790a62eee,d21e5082-97c6-4393-a192-9b81a9a6fb4e,CLASSIFICADO: Palmeiras!,Palmeiras avança de fase.,,2026-05-14 19:00:04.212371+00,cup_advance,"{""phase"": ""Quartas de Final"", ""team_name"": ""Palmeiras"", ""competition"": ""Copa de Itália""}"
2d3a3631-dfc3-4d50-885f-a641450117ec,d21e5082-97c6-4393-a192-9b81a9a6fb4e,CLASSIFICADO: Itália Bot 41!,Itália Bot 41 avança de fase.,,2026-05-14 19:00:04.273136+00,cup_advance,"{""phase"": ""Quartas de Final"", ""team_name"": ""Itália Bot 41"", ""competition"": ""Copa de Itália""}"
993f0f56-8ca3-4833-bd11-fdc797694734,d21e5082-97c6-4393-a192-9b81a9a6fb4e,CLASSIFICADO: Inter de Milão!,Inter de Milão avança de fase.,,2026-05-14 19:00:04.333106+00,cup_advance,"{""phase"": ""Quartas de Final"", ""team_name"": ""Inter de Milão"", ""competition"": ""Copa de Itália""}"
37db7d3a-6340-40c9-84f5-76c6f5c2a706,d21e5082-97c6-4393-a192-9b81a9a6fb4e,CLASSIFICADO: Itália Bot 6!,Itália Bot 6 avança de fase.,,2026-05-14 19:00:04.492986+00,cup_advance,"{""phase"": ""Quartas de Final"", ""team_name"": ""Itália Bot 6"", ""competition"": ""Copa de Itália""}"
eb47a876-eed6-4638-a895-5079d9f111da,8773b86c-e7b2-4fef-b921-449fdab3c2bd,CLASSIFICADO: Flamengo!,Flamengo avança de fase.,,2026-05-14 19:00:04.766074+00,cup_advance,"{""phase"": ""Quartas de Final"", ""team_name"": ""Flamengo"", ""competition"": ""Copa de França""}"
15b8a7f8-dcd5-410d-926f-73534e1b96f8,8773b86c-e7b2-4fef-b921-449fdab3c2bd,CLASSIFICADO: França Bot 54!,França Bot 54 avança de fase.,,2026-05-14 19:00:04.950659+00,cup_advance,"{""phase"": ""Quartas de Final"", ""team_name"": ""França Bot 54"", ""competition"": ""Copa de França""}"
bd8c0711-dbfc-46c0-ad86-09fff084760b,8773b86c-e7b2-4fef-b921-449fdab3c2bd,CLASSIFICADO: França Bot 8!,França Bot 8 avança de fase.,,2026-05-14 19:00:05.145025+00,cup_advance,"{""phase"": ""Quartas de Final"", ""team_name"": ""França Bot 8"", ""competition"": ""Copa de França""}"
e8eac00c-7269-4fd7-bee5-e5bf3c55f590,709d8efa-17a1-4516-8674-c19b35d45668,CLASSIFICADO: Benfica!,Benfica avança de fase.,,2026-05-14 19:00:05.602151+00,cup_advance,"{""phase"": ""Quartas de Final"", ""team_name"": ""Benfica"", ""competition"": ""Copa de Portugal""}"
6061878a-2b09-445d-873c-379cd7763d14,709d8efa-17a1-4516-8674-c19b35d45668,CLASSIFICADO: São Paulo!,São Paulo avança de fase.,,2026-05-14 19:00:05.777183+00,cup_advance,"{""phase"": ""Quartas de Final"", ""team_name"": ""São Paulo"", ""competition"": ""Copa de Portugal""}"
42c61f45-18b7-4f2a-9a1a-90b67119bd03,866ea51e-8235-4c93-95cc-cc51ab9b631f,CLASSIFICADO: Argentina Bot 60!,Argentina Bot 60 avança de fase.,,2026-05-14 19:00:06.219722+00,cup_advance,"{""phase"": ""Quartas de Final"", ""team_name"": ""Argentina Bot 60"", ""competition"": ""Copa de Argentina""}"
62638d8f-ae39-4d71-8277-31dc417afd43,866ea51e-8235-4c93-95cc-cc51ab9b631f,CLASSIFICADO: Argentina Bot 45!,Argentina Bot 45 avança de fase.,,2026-05-14 19:00:06.390201+00,cup_advance,"{""phase"": ""Quartas de Final"", ""team_name"": ""Argentina Bot 45"", ""competition"": ""Copa de Argentina""}"
4089d78b-bbef-4bbb-b05b-5f7113559abc,866ea51e-8235-4c93-95cc-cc51ab9b631f,CLASSIFICADO: Flamengo!,Flamengo avança de fase.,,2026-05-14 19:00:06.553554+00,cup_advance,"{""phase"": ""Quartas de Final"", ""team_name"": ""Flamengo"", ""competition"": ""Copa de Argentina""}"
ee5cd039-62ba-4733-bfab-948ced4a32e7,247c5df5-c17b-4873-911a-24419e30d2a6,CLASSIFICADO: Novorizontino!,Novorizontino avança de fase.,,2026-05-14 19:00:06.832103+00,cup_advance,"{""phase"": ""Final"", ""team_name"": ""Novorizontino"", ""competition"": ""Copa de Brasil""}"
60e388d4-7db5-4312-af19-3d171392e948,d21e5082-97c6-4393-a192-9b81a9a6fb4e,CLASSIFICADO: São Paulo!,São Paulo avança de fase.,,2026-05-14 19:00:04.381887+00,cup_advance,"{""phase"": ""Quartas de Final"", ""team_name"": ""São Paulo"", ""competition"": ""Copa de Itália""}"
a18d5b70-055f-4163-a84d-c74088e8c071,8773b86c-e7b2-4fef-b921-449fdab3c2bd,CLASSIFICADO: BOT Ligue 1 12!,BOT Ligue 1 12 avança de fase.,,2026-05-14 19:00:04.822413+00,cup_advance,"{""phase"": ""Quartas de Final"", ""team_name"": ""BOT Ligue 1 12"", ""competition"": ""Copa de França""}"
54766f3f-7622-4482-90bd-2a1e82aa41bb,8773b86c-e7b2-4fef-b921-449fdab3c2bd,CLASSIFICADO: Flamengo!,Flamengo avança de fase.,,2026-05-14 19:00:05.019423+00,cup_advance,"{""phase"": ""Quartas de Final"", ""team_name"": ""Flamengo"", ""competition"": ""Copa de França""}"
e61f66d1-a00a-4c23-9570-43f0a6723e7d,8773b86c-e7b2-4fef-b921-449fdab3c2bd,CLASSIFICADO: BOT Ligue 1 14!,BOT Ligue 1 14 avança de fase.,,2026-05-14 19:00:05.195996+00,cup_advance,"{""phase"": ""Quartas de Final"", ""team_name"": ""BOT Ligue 1 14"", ""competition"": ""Copa de França""}"
e1b0161d-29d4-43b0-a0ba-1d77065e276a,709d8efa-17a1-4516-8674-c19b35d45668,CLASSIFICADO: Flamengo!,Flamengo avança de fase.,,2026-05-14 19:00:05.468531+00,cup_advance,"{""phase"": ""Quartas de Final"", ""team_name"": ""Flamengo"", ""competition"": ""Copa de Portugal""}"
21a5b4e6-b99a-4cbe-8892-302347872383,709d8efa-17a1-4516-8674-c19b35d45668,CLASSIFICADO: Benfica!,Benfica avança de fase.,,2026-05-14 19:00:05.662846+00,cup_advance,"{""phase"": ""Quartas de Final"", ""team_name"": ""Benfica"", ""competition"": ""Copa de Portugal""}"
343e3d2d-5754-4067-b256-854c98607626,709d8efa-17a1-4516-8674-c19b35d45668,CLASSIFICADO: Portugal Bot 54!,Portugal Bot 54 avança de fase.,,2026-05-14 19:00:05.837625+00,cup_advance,"{""phase"": ""Quartas de Final"", ""team_name"": ""Portugal Bot 54"", ""competition"": ""Copa de Portugal""}"
a9d037c2-9118-4491-be5a-5bc7825a5589,866ea51e-8235-4c93-95cc-cc51ab9b631f,CLASSIFICADO: Argentina Bot 53!,Argentina Bot 53 avança de fase.,,2026-05-14 19:00:06.277551+00,cup_advance,"{""phase"": ""Quartas de Final"", ""team_name"": ""Argentina Bot 53"", ""competition"": ""Copa de Argentina""}"
f8f328f2-fb94-4d47-b891-4b1fe02ab18b,866ea51e-8235-4c93-95cc-cc51ab9b631f,CLASSIFICADO: Argentina Bot 9!,Argentina Bot 9 avança de fase.,,2026-05-14 19:00:06.448325+00,cup_advance,"{""phase"": ""Quartas de Final"", ""team_name"": ""Argentina Bot 9"", ""competition"": ""Copa de Argentina""}"
8ecb97f6-225f-4241-bd0b-67f64c4c4b6e,247c5df5-c17b-4873-911a-24419e30d2a6,CLASSIFICADO: Athletico Paranaense!,Athletico Paranaense avança de fase.,,2026-05-14 19:00:06.889686+00,cup_advance,"{""phase"": ""Final"", ""team_name"": ""Athletico Paranaense"", ""competition"": ""Copa de Brasil""}"
dff468d8-81af-4b4d-bcf5-10b7d680edc5,d21e5082-97c6-4393-a192-9b81a9a6fb4e,CLASSIFICADO: São Paulo!,São Paulo avança de fase.,,2026-05-14 19:00:04.434745+00,cup_advance,"{""phase"": ""Quartas de Final"", ""team_name"": ""São Paulo"", ""competition"": ""Copa de Itália""}"
95a6f3a8-437f-49f9-9985-2a733a95d5fc,8773b86c-e7b2-4fef-b921-449fdab3c2bd,CLASSIFICADO: BOT Ligue 1 15!,BOT Ligue 1 15 avança de fase.,,2026-05-14 19:00:04.884305+00,cup_advance,"{""phase"": ""Quartas de Final"", ""team_name"": ""BOT Ligue 1 15"", ""competition"": ""Copa de França""}"
4ec43764-1952-4685-b4ba-49beff78305e,8773b86c-e7b2-4fef-b921-449fdab3c2bd,CLASSIFICADO: BOT Ligue 1 1!,BOT Ligue 1 1 avança de fase.,,2026-05-14 19:00:05.090987+00,cup_advance,"{""phase"": ""Quartas de Final"", ""team_name"": ""BOT Ligue 1 1"", ""competition"": ""Copa de França""}"
ab2293a0-9207-4550-a540-3d662ab0abb0,709d8efa-17a1-4516-8674-c19b35d45668,CLASSIFICADO: Portugal Bot 63!,Portugal Bot 63 avança de fase.,,2026-05-14 19:00:05.528635+00,cup_advance,"{""phase"": ""Quartas de Final"", ""team_name"": ""Portugal Bot 63"", ""competition"": ""Copa de Portugal""}"
e503cf88-9f54-4912-88d7-74bae3c98a85,709d8efa-17a1-4516-8674-c19b35d45668,CLASSIFICADO: BOT Liga Portugal 5!,BOT Liga Portugal 5 avança de fase.,,2026-05-14 19:00:05.715993+00,cup_advance,"{""phase"": ""Quartas de Final"", ""team_name"": ""BOT Liga Portugal 5"", ""competition"": ""Copa de Portugal""}"
f73ef90c-1d6f-4493-934b-25fb5f468fb6,709d8efa-17a1-4516-8674-c19b35d45668,CLASSIFICADO: Portugal Bot 4!,Portugal Bot 4 avança de fase.,,2026-05-14 19:00:05.894541+00,cup_advance,"{""phase"": ""Quartas de Final"", ""team_name"": ""Portugal Bot 4"", ""competition"": ""Copa de Portugal""}"
f5baf36e-2761-419f-85d8-a987de2e40b7,866ea51e-8235-4c93-95cc-cc51ab9b631f,CLASSIFICADO: Flamengo!,Flamengo avança de fase.,,2026-05-14 19:00:06.143365+00,cup_advance,"{""phase"": ""Quartas de Final"", ""team_name"": ""Flamengo"", ""competition"": ""Copa de Argentina""}"
c39e4979-d131-4f64-93f6-06f8bef7f5e1,866ea51e-8235-4c93-95cc-cc51ab9b631f,CLASSIFICADO: Flamengo!,Flamengo avança de fase.,,2026-05-14 19:00:06.335959+00,cup_advance,"{""phase"": ""Quartas de Final"", ""team_name"": ""Flamengo"", ""competition"": ""Copa de Argentina""}"
d4b79d1e-b754-4de2-9015-980b19a1242e,866ea51e-8235-4c93-95cc-cc51ab9b631f,CLASSIFICADO: Argentina Bot 4!,Argentina Bot 4 avança de fase.,,2026-05-14 19:00:06.502335+00,cup_advance,"{""phase"": ""Quartas de Final"", ""team_name"": ""Argentina Bot 4"", ""competition"": ""Copa de Argentina""}"
ad744072-0907-4d70-98f8-1afed03ba528,525a0a84-8980-46ff-ac79-aa36777ba89d,Copa: Espanha Bot 62 0x3 Espanha Bot 59,Espanha Bot 59 segue firme na disputa!,,2026-05-15 18:05:01.116811+00,cup_advance,"{""phase"": ""Rodada 4"", ""score"": ""0x3"", ""team_name"": ""Espanha Bot 59"", ""competition"": ""Copa de Espanha"", ""opponent_name"": ""Espanha Bot 62""}"
4b71150f-38b2-4d26-9fab-66ee009894e4,525a0a84-8980-46ff-ac79-aa36777ba89d,Copa: São Paulo 2x2 Real Madrid,Real Madrid segue firme na disputa!,,2026-05-15 18:05:01.35141+00,cup_advance,"{""phase"": ""Rodada 4"", ""score"": ""2x2"", ""team_name"": ""Real Madrid"", ""competition"": ""Copa de Espanha"", ""opponent_name"": ""São Paulo""}"
9e52c925-64d1-4901-a648-0f88bf95d807,525a0a84-8980-46ff-ac79-aa36777ba89d,Copa: Espanha Bot 61 0x2 São Paulo,São Paulo segue firme na disputa!,,2026-05-15 18:05:01.487603+00,cup_advance,"{""phase"": ""Rodada 4"", ""score"": ""0x2"", ""team_name"": ""São Paulo"", ""competition"": ""Copa de Espanha"", ""opponent_name"": ""Espanha Bot 61""}"
4b825713-cf89-4bf8-a3f9-f91126584293,525a0a84-8980-46ff-ac79-aa36777ba89d,Copa: Espanha Bot 54 2x2 Espanha Bot 5,Espanha Bot 54 segue firme na disputa!,,2026-05-15 18:05:01.582546+00,cup_advance,"{""phase"": ""Rodada 4"", ""score"": ""2x2"", ""team_name"": ""Espanha Bot 54"", ""competition"": ""Copa de Espanha"", ""opponent_name"": ""Espanha Bot 5""}"
39969255-9e5b-465d-9c3a-243efcd9ff2c,93e7baa6-b215-453b-a88d-dbaa3312e41a,Copa: Alemanha Bot 7 2x1 Flamengo,Alemanha Bot 7 segue firme na disputa!,,2026-05-15 18:05:01.693057+00,cup_advance,"{""phase"": ""Rodada 4"", ""score"": ""2x1"", ""team_name"": ""Alemanha Bot 7"", ""competition"": ""Copa de Alemanha"", ""opponent_name"": ""Flamengo""}"
b034078e-966d-4c92-bce8-b789a9c7a890,93e7baa6-b215-453b-a88d-dbaa3312e41a,Copa: Alemanha Bot 52 3x1 Bayer Leverkusen,Alemanha Bot 52 segue firme na disputa!,,2026-05-15 18:05:01.793389+00,cup_advance,"{""phase"": ""Rodada 4"", ""score"": ""3x1"", ""team_name"": ""Alemanha Bot 52"", ""competition"": ""Copa de Alemanha"", ""opponent_name"": ""Bayer Leverkusen""}"
dcc23fbf-5772-4db5-aa5a-47e1985756ef,93e7baa6-b215-453b-a88d-dbaa3312e41a,Copa: Borussia Dortmund 3x3 Alemanha Bot 44,Alemanha Bot 44 segue firme na disputa!,,2026-05-15 18:05:01.88259+00,cup_advance,"{""phase"": ""Rodada 4"", ""score"": ""3x3"", ""team_name"": ""Alemanha Bot 44"", ""competition"": ""Copa de Alemanha"", ""opponent_name"": ""Borussia Dortmund""}"
7574eddb-e153-41d7-80ed-962a838dba13,93e7baa6-b215-453b-a88d-dbaa3312e41a,Copa: Palmeiras 0x2 Bayern de Munique,Bayern de Munique segue firme na disputa!,,2026-05-15 18:05:01.983911+00,cup_advance,"{""phase"": ""Rodada 4"", ""score"": ""0x2"", ""team_name"": ""Bayern de Munique"", ""competition"": ""Copa de Alemanha"", ""opponent_name"": ""Palmeiras""}"
4b0fb765-eb5c-4abc-873b-3973cfb8882c,ae0c118a-c866-4203-a3ed-03d7e7be70bb,Copa: Inglaterra Bot 51 0x1 Flamengo,Flamengo segue firme na disputa!,,2026-05-15 18:05:02.073958+00,cup_advance,"{""phase"": ""Rodada 4"", ""score"": ""0x1"", ""team_name"": ""Flamengo"", ""competition"": ""Copa de Inglaterra"", ""opponent_name"": ""Inglaterra Bot 51""}"
fc1bab4d-80a7-4432-84cc-a3519269695b,ae0c118a-c866-4203-a3ed-03d7e7be70bb,Copa: Inglaterra Bot 52 0x1 Liverpool,Liverpool segue firme na disputa!,,2026-05-15 18:05:02.168455+00,cup_advance,"{""phase"": ""Rodada 4"", ""score"": ""0x1"", ""team_name"": ""Liverpool"", ""competition"": ""Copa de Inglaterra"", ""opponent_name"": ""Inglaterra Bot 52""}"
16d48e52-d6ec-4653-899d-aa96c33e7735,ae0c118a-c866-4203-a3ed-03d7e7be70bb,Copa: Manchester City 0x2 São Paulo,São Paulo segue firme na disputa!,,2026-05-15 18:05:02.250428+00,cup_advance,"{""phase"": ""Rodada 4"", ""score"": ""0x2"", ""team_name"": ""São Paulo"", ""competition"": ""Copa de Inglaterra"", ""opponent_name"": ""Manchester City""}"
704a038f-4f87-4ea2-b2a0-14b124baf9d2,ae0c118a-c866-4203-a3ed-03d7e7be70bb,Copa: Inglaterra Bot 7 1x0 BOT Premier League 8,Inglaterra Bot 7 segue firme na disputa!,,2026-05-15 18:05:02.33881+00,cup_advance,"{""phase"": ""Rodada 4"", ""score"": ""1x0"", ""team_name"": ""Inglaterra Bot 7"", ""competition"": ""Copa de Inglaterra"", ""opponent_name"": ""BOT Premier League 8""}"
30b79098-3b81-4a02-bd98-78ed1ad7edd8,866ea51e-8235-4c93-95cc-cc51ab9b631f,Copa: Argentina Bot 45 1x1 Flamengo,Flamengo segue firme na disputa!,,2026-05-15 18:05:02.421255+00,cup_advance,"{""phase"": ""Rodada 4"", ""score"": ""1x1"", ""team_name"": ""Flamengo"", ""competition"": ""Copa de Argentina"", ""opponent_name"": ""Argentina Bot 45""}"
66536425-b56f-4d89-9dfe-3ea217fbb4f8,866ea51e-8235-4c93-95cc-cc51ab9b631f,Copa: Argentina Bot 9 2x2 Flamengo,Argentina Bot 9 segue firme na disputa!,,2026-05-15 18:05:02.499076+00,cup_advance,"{""phase"": ""Rodada 4"", ""score"": ""2x2"", ""team_name"": ""Argentina Bot 9"", ""competition"": ""Copa de Argentina"", ""opponent_name"": ""Flamengo""}"
96fab05b-ef51-4891-88db-b01c8ffb5723,866ea51e-8235-4c93-95cc-cc51ab9b631f,Copa: Argentina Bot 53 3x1 Argentina Bot 60,Argentina Bot 53 segue firme na disputa!,,2026-05-15 18:05:02.579536+00,cup_advance,"{""phase"": ""Rodada 4"", ""score"": ""3x1"", ""team_name"": ""Argentina Bot 53"", ""competition"": ""Copa de Argentina"", ""opponent_name"": ""Argentina Bot 60""}"
f7c38afc-6cd5-462d-9a29-a3f7aeba1141,866ea51e-8235-4c93-95cc-cc51ab9b631f,Copa: Flamengo 3x1 Argentina Bot 4,Flamengo segue firme na disputa!,,2026-05-15 18:05:02.660738+00,cup_advance,"{""phase"": ""Rodada 4"", ""score"": ""3x1"", ""team_name"": ""Flamengo"", ""competition"": ""Copa de Argentina"", ""opponent_name"": ""Argentina Bot 4""}"
50819019-fdcb-4b8f-a324-2cfa82c9b8e8,d21e5082-97c6-4393-a192-9b81a9a6fb4e,Copa: São Paulo 3x2 Milan,São Paulo segue firme na disputa!,,2026-05-15 18:05:02.744465+00,cup_advance,"{""phase"": ""Rodada 4"", ""score"": ""3x2"", ""team_name"": ""São Paulo"", ""competition"": ""Copa de Itália"", ""opponent_name"": ""Milan""}"
f74134b4-04db-40c0-b6a2-fd53a82ecb88,d21e5082-97c6-4393-a192-9b81a9a6fb4e,Copa: Itália Bot 5 1x3 Itália Bot 41,Itália Bot 41 segue firme na disputa!,,2026-05-15 18:05:02.840729+00,cup_advance,"{""phase"": ""Rodada 4"", ""score"": ""1x3"", ""team_name"": ""Itália Bot 41"", ""competition"": ""Copa de Itália"", ""opponent_name"": ""Itália Bot 5""}"
68fc9482-19b9-4955-a2e3-7de4b244e62b,d21e5082-97c6-4393-a192-9b81a9a6fb4e,Copa: São Paulo 1x1 Inter de Milão,Inter de Milão segue firme na disputa!,,2026-05-15 18:05:02.925398+00,cup_advance,"{""phase"": ""Rodada 4"", ""score"": ""1x1"", ""team_name"": ""Inter de Milão"", ""competition"": ""Copa de Itália"", ""opponent_name"": ""São Paulo""}"
f16648f2-5ccd-4df2-b081-e189528b7c19,d21e5082-97c6-4393-a192-9b81a9a6fb4e,Copa: Palmeiras 3x3 Itália Bot 6,Palmeiras segue firme na disputa!,,2026-05-15 18:05:03.013643+00,cup_advance,"{""phase"": ""Rodada 4"", ""score"": ""3x3"", ""team_name"": ""Palmeiras"", ""competition"": ""Copa de Itália"", ""opponent_name"": ""Itália Bot 6""}"
987f86a8-af24-40d7-ab16-80690c1daa98,866ea51e-8235-4c93-95cc-cc51ab9b631f,Premiação: Argentina Bot 9,Argentina Bot 9 recebeu a premiação pela classificação para a próxima fase (Quartas de Final).,,2026-05-15 18:05:04.746512+00,cup_advance,"{""phase"": ""Quartas de Final"", ""team_name"": ""Argentina Bot 9"", ""competition"": ""Copa de Argentina""}"
9b49ef31-d527-45b9-8134-693d6fbccc73,525a0a84-8980-46ff-ac79-aa36777ba89d,Premiação: Espanha Bot 54,Espanha Bot 54 recebeu a premiação pela classificação para a próxima fase (Quartas de Final).,,2026-05-15 18:05:03.387836+00,cup_advance,"{""phase"": ""Quartas de Final"", ""team_name"": ""Espanha Bot 54"", ""competition"": ""Copa de Espanha""}"
39408d91-8ef4-42b8-aa2f-b6294f530695,525a0a84-8980-46ff-ac79-aa36777ba89d,Premiação: Espanha Bot 59,Espanha Bot 59 recebeu a premiação pela classificação para a próxima fase (Quartas de Final).,,2026-05-15 18:05:03.451758+00,cup_advance,"{""phase"": ""Quartas de Final"", ""team_name"": ""Espanha Bot 59"", ""competition"": ""Copa de Espanha""}"
f7dac0fa-5ca9-444a-a21b-21ac0c08f0e9,ae0c118a-c866-4203-a3ed-03d7e7be70bb,Premiação: Flamengo,Flamengo recebeu a premiação pela classificação para a próxima fase (Quartas de Final).,,2026-05-15 18:05:04.087036+00,cup_advance,"{""phase"": ""Quartas de Final"", ""team_name"": ""Flamengo"", ""competition"": ""Copa de Inglaterra""}"
bf53165f-7fd0-4461-bdf0-6f9ed1a832b3,ae0c118a-c866-4203-a3ed-03d7e7be70bb,Premiação: Liverpool,Liverpool recebeu a premiação pela classificação para a próxima fase (Quartas de Final).,,2026-05-15 18:05:04.149203+00,cup_advance,"{""phase"": ""Quartas de Final"", ""team_name"": ""Liverpool"", ""competition"": ""Copa de Inglaterra""}"
72caac5e-1921-4161-a77e-58710418087a,525a0a84-8980-46ff-ac79-aa36777ba89d,Premiação: Real Madrid,Real Madrid recebeu a premiação pela classificação para a próxima fase (Quartas de Final).,,2026-05-15 18:05:03.526739+00,cup_advance,"{""phase"": ""Quartas de Final"", ""team_name"": ""Real Madrid"", ""competition"": ""Copa de Espanha""}"
9dcc3781-d831-4935-b8b1-680cdc6347ae,525a0a84-8980-46ff-ac79-aa36777ba89d,Premiação: São Paulo,São Paulo recebeu a premiação pela classificação para a próxima fase (Quartas de Final).,,2026-05-15 18:05:03.593931+00,cup_advance,"{""phase"": ""Quartas de Final"", ""team_name"": ""São Paulo"", ""competition"": ""Copa de Espanha""}"
51619641-b24a-4036-bb8e-f1cdf3c9a3f6,93e7baa6-b215-453b-a88d-dbaa3312e41a,Premiação: Alemanha Bot 7,Alemanha Bot 7 recebeu a premiação pela classificação para a próxima fase (Quartas de Final).,,2026-05-15 18:05:03.719143+00,cup_advance,"{""phase"": ""Quartas de Final"", ""team_name"": ""Alemanha Bot 7"", ""competition"": ""Copa de Alemanha""}"
5b8437e1-84a6-48fe-9fcd-f7a36d20369d,ae0c118a-c866-4203-a3ed-03d7e7be70bb,Premiação: São Paulo,São Paulo recebeu a premiação pela classificação para a próxima fase (Quartas de Final).,,2026-05-15 18:05:04.206624+00,cup_advance,"{""phase"": ""Quartas de Final"", ""team_name"": ""São Paulo"", ""competition"": ""Copa de Inglaterra""}"
ef575e16-b3f5-4eea-831a-510c8011c46f,ae0c118a-c866-4203-a3ed-03d7e7be70bb,Premiação: Inglaterra Bot 7,Inglaterra Bot 7 recebeu a premiação pela classificação para a próxima fase (Quartas de Final).,,2026-05-15 18:05:04.265961+00,cup_advance,"{""phase"": ""Quartas de Final"", ""team_name"": ""Inglaterra Bot 7"", ""competition"": ""Copa de Inglaterra""}"
78f6f4dd-7308-4f4b-be94-8f6892d1c212,d21e5082-97c6-4393-a192-9b81a9a6fb4e,Premiação: São Paulo,São Paulo recebeu a premiação pela classificação para a próxima fase (Quartas de Final).,,2026-05-15 18:05:04.379364+00,cup_advance,"{""phase"": ""Quartas de Final"", ""team_name"": ""São Paulo"", ""competition"": ""Copa de Itália""}"
3c8a02f1-64e2-443c-8893-96ac3c9ba8d3,866ea51e-8235-4c93-95cc-cc51ab9b631f,Premiação: Argentina Bot 53,Argentina Bot 53 recebeu a premiação pela classificação para a próxima fase (Quartas de Final).,,2026-05-15 18:05:04.803417+00,cup_advance,"{""phase"": ""Quartas de Final"", ""team_name"": ""Argentina Bot 53"", ""competition"": ""Copa de Argentina""}"
939b1853-9350-4da4-88dc-d1e113a193ef,93e7baa6-b215-453b-a88d-dbaa3312e41a,Premiação: Alemanha Bot 44,Alemanha Bot 44 recebeu a premiação pela classificação para a próxima fase (Quartas de Final).,,2026-05-15 18:05:03.782544+00,cup_advance,"{""phase"": ""Quartas de Final"", ""team_name"": ""Alemanha Bot 44"", ""competition"": ""Copa de Alemanha""}"
571b5a94-2681-488e-82fc-c6b37615d477,93e7baa6-b215-453b-a88d-dbaa3312e41a,Premiação: Bayern de Munique,Bayern de Munique recebeu a premiação pela classificação para a próxima fase (Quartas de Final).,,2026-05-15 18:05:03.895316+00,cup_advance,"{""phase"": ""Quartas de Final"", ""team_name"": ""Bayern de Munique"", ""competition"": ""Copa de Alemanha""}"
6d898fb2-f24a-4952-8716-a8ac16544f62,d21e5082-97c6-4393-a192-9b81a9a6fb4e,Premiação: Itália Bot 41,Itália Bot 41 recebeu a premiação pela classificação para a próxima fase (Quartas de Final).,,2026-05-15 18:05:04.435948+00,cup_advance,"{""phase"": ""Quartas de Final"", ""team_name"": ""Itália Bot 41"", ""competition"": ""Copa de Itália""}"
5c67b458-6be5-4972-bc6e-af53b608bb2b,d21e5082-97c6-4393-a192-9b81a9a6fb4e,Premiação: Inter de Milão,Inter de Milão recebeu a premiação pela classificação para a próxima fase (Quartas de Final).,,2026-05-15 18:05:04.494772+00,cup_advance,"{""phase"": ""Quartas de Final"", ""team_name"": ""Inter de Milão"", ""competition"": ""Copa de Itália""}"
3bdf83cf-a123-403f-87d9-d857e1490004,866ea51e-8235-4c93-95cc-cc51ab9b631f,Premiação: Flamengo,Flamengo recebeu a premiação pela classificação para a próxima fase (Quartas de Final).,,2026-05-15 18:05:04.858673+00,cup_advance,"{""phase"": ""Quartas de Final"", ""team_name"": ""Flamengo"", ""competition"": ""Copa de Argentina""}"
d54e2b44-7c07-484a-8b77-e3b08006e450,866ea51e-8235-4c93-95cc-cc51ab9b631f,Premiação: Flamengo,Flamengo recebeu a premiação pela classificação para a próxima fase (Quartas de Final).,,2026-05-15 18:05:04.91318+00,cup_advance,"{""phase"": ""Quartas de Final"", ""team_name"": ""Flamengo"", ""competition"": ""Copa de Argentina""}"
9f97961f-cea7-46db-b176-242328ad266d,93e7baa6-b215-453b-a88d-dbaa3312e41a,Premiação: Alemanha Bot 52,Alemanha Bot 52 recebeu a premiação pela classificação para a próxima fase (Quartas de Final).,,2026-05-15 18:05:03.95854+00,cup_advance,"{""phase"": ""Quartas de Final"", ""team_name"": ""Alemanha Bot 52"", ""competition"": ""Copa de Alemanha""}"
5e9fd2b5-f8c4-4898-9f95-ba94c8de4330,d21e5082-97c6-4393-a192-9b81a9a6fb4e,Premiação: Palmeiras,Palmeiras recebeu a premiação pela classificação para a próxima fase (Quartas de Final).,,2026-05-15 18:05:04.57807+00,cup_advance,"{""phase"": ""Quartas de Final"", ""team_name"": ""Palmeiras"", ""competition"": ""Copa de Itália""}"
1f679e90-7a91-4241-820d-d5a137ccc775,709d8efa-17a1-4516-8674-c19b35d45668,Copa: Benfica 0x0 Portugal Bot 63,Benfica segue firme na disputa!,,2026-05-15 18:06:01.453527+00,cup_advance,"{""phase"": ""Rodada 4"", ""score"": ""0x0"", ""team_name"": ""Benfica"", ""competition"": ""Copa de Portugal"", ""opponent_name"": ""Portugal Bot 63""}"
b7b966a7-7af4-4305-8f16-6e397b6d15a4,709d8efa-17a1-4516-8674-c19b35d45668,Copa: Benfica 1x3 BOT Liga Portugal 5,BOT Liga Portugal 5 segue firme na disputa!,,2026-05-15 18:06:01.584003+00,cup_advance,"{""phase"": ""Rodada 4"", ""score"": ""1x3"", ""team_name"": ""BOT Liga Portugal 5"", ""competition"": ""Copa de Portugal"", ""opponent_name"": ""Benfica""}"
3d79a51d-3454-445f-a175-121ea5381bc0,709d8efa-17a1-4516-8674-c19b35d45668,Copa: Portugal Bot 54 1x2 Flamengo,Flamengo segue firme na disputa!,,2026-05-15 18:06:01.690586+00,cup_advance,"{""phase"": ""Rodada 4"", ""score"": ""1x2"", ""team_name"": ""Flamengo"", ""competition"": ""Copa de Portugal"", ""opponent_name"": ""Portugal Bot 54""}"
7c49e909-f730-42d4-bf89-6a0e09fe47db,709d8efa-17a1-4516-8674-c19b35d45668,Copa: São Paulo 2x2 Portugal Bot 4,Portugal Bot 4 segue firme na disputa!,,2026-05-15 18:06:01.807591+00,cup_advance,"{""phase"": ""Rodada 4"", ""score"": ""2x2"", ""team_name"": ""Portugal Bot 4"", ""competition"": ""Copa de Portugal"", ""opponent_name"": ""São Paulo""}"
8e62b8b8-9ec1-42ad-ba29-aebd2438355c,8773b86c-e7b2-4fef-b921-449fdab3c2bd,Copa: Flamengo 1x1 BOT Ligue 1 12,BOT Ligue 1 12 segue firme na disputa!,,2026-05-15 18:06:01.911349+00,cup_advance,"{""phase"": ""Rodada 4"", ""score"": ""1x1"", ""team_name"": ""BOT Ligue 1 12"", ""competition"": ""Copa de França"", ""opponent_name"": ""Flamengo""}"
ac60464c-59f3-4260-81d0-f36e40e10002,8773b86c-e7b2-4fef-b921-449fdab3c2bd,Copa: França Bot 8 1x1 BOT Ligue 1 15,BOT Ligue 1 15 segue firme na disputa!,,2026-05-15 18:06:02.03121+00,cup_advance,"{""phase"": ""Rodada 4"", ""score"": ""1x1"", ""team_name"": ""BOT Ligue 1 15"", ""competition"": ""Copa de França"", ""opponent_name"": ""França Bot 8""}"
bb7fc8c5-e404-4226-a114-5611af75c417,8773b86c-e7b2-4fef-b921-449fdab3c2bd,Copa: BOT Ligue 1 14 2x1 França Bot 54,BOT Ligue 1 14 segue firme na disputa!,,2026-05-15 18:06:02.165614+00,cup_advance,"{""phase"": ""Rodada 4"", ""score"": ""2x1"", ""team_name"": ""BOT Ligue 1 14"", ""competition"": ""Copa de França"", ""opponent_name"": ""França Bot 54""}"
ad4871bf-26cd-4b55-976f-14397d34b71b,8773b86c-e7b2-4fef-b921-449fdab3c2bd,Copa: Flamengo 1x2 BOT Ligue 1 1,BOT Ligue 1 1 segue firme na disputa!,,2026-05-15 18:06:02.278977+00,cup_advance,"{""phase"": ""Rodada 4"", ""score"": ""1x2"", ""team_name"": ""BOT Ligue 1 1"", ""competition"": ""Copa de França"", ""opponent_name"": ""Flamengo""}"
0accd9ee-0232-4902-bcf5-f1759469f2e7,247c5df5-c17b-4873-911a-24419e30d2a6,Copa: Novorizontino 1x0 Athletico Paranaense,Novorizontino segue firme na disputa!,,2026-05-15 18:06:02.378029+00,cup_advance,"{""phase"": ""Rodada 4"", ""score"": ""1x0"", ""team_name"": ""Novorizontino"", ""competition"": ""Copa de Brasil"", ""opponent_name"": ""Athletico Paranaense""}"
b69695b7-538c-4bfe-b360-9fb02d254d2a,8773b86c-e7b2-4fef-b921-449fdab3c2bd,Premiação: BOT Ligue 1 12,BOT Ligue 1 12 recebeu a premiação pela classificação para a próxima fase (Quartas de Final).,,2026-05-15 18:06:02.684054+00,cup_advance,"{""phase"": ""Quartas de Final"", ""team_name"": ""BOT Ligue 1 12"", ""competition"": ""Copa de França""}"
114cc4cf-effa-4d53-8d56-bb9754a86ae2,8773b86c-e7b2-4fef-b921-449fdab3c2bd,Premiação: BOT Ligue 1 15,BOT Ligue 1 15 recebeu a premiação pela classificação para a próxima fase (Quartas de Final).,,2026-05-15 18:06:02.756347+00,cup_advance,"{""phase"": ""Quartas de Final"", ""team_name"": ""BOT Ligue 1 15"", ""competition"": ""Copa de França""}"
c7e3de57-418d-4c19-bd26-2eac82641c22,8773b86c-e7b2-4fef-b921-449fdab3c2bd,Premiação: BOT Ligue 1 14,BOT Ligue 1 14 recebeu a premiação pela classificação para a próxima fase (Quartas de Final).,,2026-05-15 18:06:02.833988+00,cup_advance,"{""phase"": ""Quartas de Final"", ""team_name"": ""BOT Ligue 1 14"", ""competition"": ""Copa de França""}"
61229c5e-42ca-45e4-9b4e-cc1375ef5500,8773b86c-e7b2-4fef-b921-449fdab3c2bd,Premiação: BOT Ligue 1 1,BOT Ligue 1 1 recebeu a premiação pela classificação para a próxima fase (Quartas de Final).,,2026-05-15 18:06:02.907724+00,cup_advance,"{""phase"": ""Quartas de Final"", ""team_name"": ""BOT Ligue 1 1"", ""competition"": ""Copa de França""}"
abf51acc-6565-405a-8db2-221fd34a25cf,709d8efa-17a1-4516-8674-c19b35d45668,Premiação: Benfica,Benfica recebeu a premiação pela classificação para a próxima fase (Quartas de Final).,,2026-05-15 18:06:03.066909+00,cup_advance,"{""phase"": ""Quartas de Final"", ""team_name"": ""Benfica"", ""competition"": ""Copa de Portugal""}"
31669a1a-84d6-477c-8e24-9a8ad60fadd1,709d8efa-17a1-4516-8674-c19b35d45668,Premiação: BOT Liga Portugal 5,BOT Liga Portugal 5 recebeu a premiação pela classificação para a próxima fase (Quartas de Final).,,2026-05-15 18:06:03.144896+00,cup_advance,"{""phase"": ""Quartas de Final"", ""team_name"": ""BOT Liga Portugal 5"", ""competition"": ""Copa de Portugal""}"
a4e6b1d3-865a-46fc-9dc3-8dd847286a75,709d8efa-17a1-4516-8674-c19b35d45668,Premiação: Flamengo,Flamengo recebeu a premiação pela classificação para a próxima fase (Quartas de Final).,,2026-05-15 18:06:03.217886+00,cup_advance,"{""phase"": ""Quartas de Final"", ""team_name"": ""Flamengo"", ""competition"": ""Copa de Portugal""}"
e9c03c43-bca2-4ca5-ac81-51806e201630,709d8efa-17a1-4516-8674-c19b35d45668,Premiação: Portugal Bot 4,Portugal Bot 4 recebeu a premiação pela classificação para a próxima fase (Quartas de Final).,,2026-05-15 18:06:03.290149+00,cup_advance,"{""phase"": ""Quartas de Final"", ""team_name"": ""Portugal Bot 4"", ""competition"": ""Copa de Portugal""}"
6323796d-0eff-4d72-96c5-0fd295419745,247c5df5-c17b-4873-911a-24419e30d2a6,🏆 undefined É CAMPEÃO!,O undefined venceu a final e faturou o bônus milionário de campeão!,,2026-05-15 18:06:03.466237+00,cup_champion,"{""competition"": ""Copa de Brasil""}"
9b74faed-39bc-4043-9e4b-e8e674d56284,d21e5082-97c6-4393-a192-9b81a9a6fb4e,CLASSIFICADO: Palmeiras!,Palmeiras avança de fase.,,2026-05-15 19:00:02.318377+00,cup_advance,"{""phase"": ""Semifinal"", ""team_name"": ""Palmeiras"", ""competition"": ""Copa de Itália""}"
aadcd248-dac4-4f07-9867-cb3128e701bf,d21e5082-97c6-4393-a192-9b81a9a6fb4e,CLASSIFICADO: Itália Bot 41!,Itália Bot 41 avança de fase.,,2026-05-15 19:00:02.386353+00,cup_advance,"{""phase"": ""Semifinal"", ""team_name"": ""Itália Bot 41"", ""competition"": ""Copa de Itália""}"
c45c60f2-2f19-4db4-85fd-227786730887,d21e5082-97c6-4393-a192-9b81a9a6fb4e,CLASSIFICADO: Inter de Milão!,Inter de Milão avança de fase.,,2026-05-15 19:00:02.432394+00,cup_advance,"{""phase"": ""Semifinal"", ""team_name"": ""Inter de Milão"", ""competition"": ""Copa de Itália""}"
dfbda43d-d5c2-441f-8790-c45b90c27661,d21e5082-97c6-4393-a192-9b81a9a6fb4e,CLASSIFICADO: São Paulo!,São Paulo avança de fase.,,2026-05-15 19:00:02.482513+00,cup_advance,"{""phase"": ""Semifinal"", ""team_name"": ""São Paulo"", ""competition"": ""Copa de Itália""}"
cfd2a57b-8a5f-4c74-b1ec-df6878c644fb,866ea51e-8235-4c93-95cc-cc51ab9b631f,CLASSIFICADO: Flamengo!,Flamengo avança de fase.,,2026-05-15 19:00:02.682371+00,cup_advance,"{""phase"": ""Semifinal"", ""team_name"": ""Flamengo"", ""competition"": ""Copa de Argentina""}"
8ee3625b-f71d-4f77-aec6-ec4e573645f9,866ea51e-8235-4c93-95cc-cc51ab9b631f,CLASSIFICADO: Argentina Bot 53!,Argentina Bot 53 avança de fase.,,2026-05-15 19:00:02.721584+00,cup_advance,"{""phase"": ""Semifinal"", ""team_name"": ""Argentina Bot 53"", ""competition"": ""Copa de Argentina""}"
0ee180a9-5818-4dc9-87b7-18df5f1de642,866ea51e-8235-4c93-95cc-cc51ab9b631f,CLASSIFICADO: Flamengo!,Flamengo avança de fase.,,2026-05-15 19:00:02.774685+00,cup_advance,"{""phase"": ""Semifinal"", ""team_name"": ""Flamengo"", ""competition"": ""Copa de Argentina""}"
06a00aff-1f00-46e2-b640-dc2e292499bf,866ea51e-8235-4c93-95cc-cc51ab9b631f,CLASSIFICADO: Argentina Bot 9!,Argentina Bot 9 avança de fase.,,2026-05-15 19:00:02.815011+00,cup_advance,"{""phase"": ""Semifinal"", ""team_name"": ""Argentina Bot 9"", ""competition"": ""Copa de Argentina""}"
830b4c92-0933-429f-8963-3f4189071491,8773b86c-e7b2-4fef-b921-449fdab3c2bd,CLASSIFICADO: BOT Ligue 1 12!,BOT Ligue 1 12 avança de fase.,,2026-05-15 19:00:03.029689+00,cup_advance,"{""phase"": ""Semifinal"", ""team_name"": ""BOT Ligue 1 12"", ""competition"": ""Copa de França""}"
ccad5cd2-703c-414e-909d-472f4ae88400,8773b86c-e7b2-4fef-b921-449fdab3c2bd,CLASSIFICADO: BOT Ligue 1 15!,BOT Ligue 1 15 avança de fase.,,2026-05-15 19:00:03.075055+00,cup_advance,"{""phase"": ""Semifinal"", ""team_name"": ""BOT Ligue 1 15"", ""competition"": ""Copa de França""}"
05f2b672-46d4-4cfd-8400-4f15eb80881f,8773b86c-e7b2-4fef-b921-449fdab3c2bd,CLASSIFICADO: BOT Ligue 1 1!,BOT Ligue 1 1 avança de fase.,,2026-05-15 19:00:03.156868+00,cup_advance,"{""phase"": ""Semifinal"", ""team_name"": ""BOT Ligue 1 1"", ""competition"": ""Copa de França""}"
5f96f994-8526-4fb9-9cc1-cb11e2b75459,709d8efa-17a1-4516-8674-c19b35d45668,CLASSIFICADO: BOT Liga Portugal 5!,BOT Liga Portugal 5 avança de fase.,,2026-05-15 19:00:03.501771+00,cup_advance,"{""phase"": ""Semifinal"", ""team_name"": ""BOT Liga Portugal 5"", ""competition"": ""Copa de Portugal""}"
6c5ca57a-df44-4a99-81a6-8fdd9b290647,247c5df5-c17b-4873-911a-24419e30d2a6,🏆 Novorizontino É CAMPEÃO!,O Novorizontino ergue a taça!,,2026-05-15 19:00:03.719959+00,cup_champion,"{""team_name"": ""Novorizontino"", ""competition"": ""Copa de Brasil""}"
7ab10bef-695c-4285-9aec-c8f8dd5f5051,525a0a84-8980-46ff-ac79-aa36777ba89d,CLASSIFICADO: Real Madrid!,Real Madrid avança de fase.,,2026-05-15 19:00:04.133711+00,cup_advance,"{""phase"": ""Semifinal"", ""team_name"": ""Real Madrid"", ""competition"": ""Copa de Espanha""}"
24705310-5455-4094-9bf7-c97a6fe4913a,ae0c118a-c866-4203-a3ed-03d7e7be70bb,CLASSIFICADO: Flamengo!,Flamengo avança de fase.,,2026-05-15 19:00:04.772721+00,cup_advance,"{""phase"": ""Semifinal"", ""team_name"": ""Flamengo"", ""competition"": ""Copa de Inglaterra""}"
2e06d2c2-734e-45c5-887f-b167f0d20f0d,8773b86c-e7b2-4fef-b921-449fdab3c2bd,CLASSIFICADO: BOT Ligue 1 14!,BOT Ligue 1 14 avança de fase.,,2026-05-15 19:00:03.202786+00,cup_advance,"{""phase"": ""Semifinal"", ""team_name"": ""BOT Ligue 1 14"", ""competition"": ""Copa de França""}"
de231c20-9bcd-4fdc-a65b-9f80d2ea6653,709d8efa-17a1-4516-8674-c19b35d45668,CLASSIFICADO: Flamengo!,Flamengo avança de fase.,,2026-05-15 19:00:03.405374+00,cup_advance,"{""phase"": ""Semifinal"", ""team_name"": ""Flamengo"", ""competition"": ""Copa de Portugal""}"
8f65d04b-0af5-4173-9fba-22ecec244eb6,525a0a84-8980-46ff-ac79-aa36777ba89d,CLASSIFICADO: Espanha Bot 59!,Espanha Bot 59 avança de fase.,,2026-05-15 19:00:04.088722+00,cup_advance,"{""phase"": ""Semifinal"", ""team_name"": ""Espanha Bot 59"", ""competition"": ""Copa de Espanha""}"
c0269665-f928-4e9c-b1a2-aae4cbd52268,93e7baa6-b215-453b-a88d-dbaa3312e41a,CLASSIFICADO: Alemanha Bot 7!,Alemanha Bot 7 avança de fase.,,2026-05-15 19:00:04.340739+00,cup_advance,"{""phase"": ""Semifinal"", ""team_name"": ""Alemanha Bot 7"", ""competition"": ""Copa de Alemanha""}"
e3bfa37d-a321-4b24-aecb-9e10f6c3f55b,ae0c118a-c866-4203-a3ed-03d7e7be70bb,CLASSIFICADO: Liverpool!,Liverpool avança de fase.,,2026-05-15 19:00:04.73363+00,cup_advance,"{""phase"": ""Semifinal"", ""team_name"": ""Liverpool"", ""competition"": ""Copa de Inglaterra""}"
918e0ac5-81dc-46bf-9967-7f1342d45a69,709d8efa-17a1-4516-8674-c19b35d45668,CLASSIFICADO: Portugal Bot 4!,Portugal Bot 4 avança de fase.,,2026-05-15 19:00:03.553427+00,cup_advance,"{""phase"": ""Semifinal"", ""team_name"": ""Portugal Bot 4"", ""competition"": ""Copa de Portugal""}"
a235714e-1bc9-40e2-b8f7-8e671eefdb84,ae0c118a-c866-4203-a3ed-03d7e7be70bb,CLASSIFICADO: São Paulo!,São Paulo avança de fase.,,2026-05-15 19:00:04.813365+00,cup_advance,"{""phase"": ""Semifinal"", ""team_name"": ""São Paulo"", ""competition"": ""Copa de Inglaterra""}"
15d97f1f-db07-42f4-9bbf-657e8e204ea4,525a0a84-8980-46ff-ac79-aa36777ba89d,CLASSIFICADO: Espanha Bot 54!,Espanha Bot 54 avança de fase.,,2026-05-15 19:00:04.002053+00,cup_advance,"{""phase"": ""Semifinal"", ""team_name"": ""Espanha Bot 54"", ""competition"": ""Copa de Espanha""}"
05e8f3b9-1ba3-4274-b33d-145e858c4709,93e7baa6-b215-453b-a88d-dbaa3312e41a,CLASSIFICADO: Bayern de Munique!,Bayern de Munique avança de fase.,,2026-05-15 19:00:04.380263+00,cup_advance,"{""phase"": ""Semifinal"", ""team_name"": ""Bayern de Munique"", ""competition"": ""Copa de Alemanha""}"
e27f64e3-cb04-43b9-a840-337b6233c589,525a0a84-8980-46ff-ac79-aa36777ba89d,CLASSIFICADO: São Paulo!,São Paulo avança de fase.,,2026-05-15 19:00:04.047028+00,cup_advance,"{""phase"": ""Semifinal"", ""team_name"": ""São Paulo"", ""competition"": ""Copa de Espanha""}"
c8561753-988b-486d-9a50-6c4061635e0a,93e7baa6-b215-453b-a88d-dbaa3312e41a,CLASSIFICADO: Alemanha Bot 52!,Alemanha Bot 52 avança de fase.,,2026-05-15 19:00:04.422701+00,cup_advance,"{""phase"": ""Semifinal"", ""team_name"": ""Alemanha Bot 52"", ""competition"": ""Copa de Alemanha""}"
58474086-9cea-41c8-a564-34f3c49a1198,93e7baa6-b215-453b-a88d-dbaa3312e41a,CLASSIFICADO: Alemanha Bot 44!,Alemanha Bot 44 avança de fase.,,2026-05-15 19:00:04.466873+00,cup_advance,"{""phase"": ""Semifinal"", ""team_name"": ""Alemanha Bot 44"", ""competition"": ""Copa de Alemanha""}"
28bcff86-9373-4995-a3d2-807e358caed3,ae0c118a-c866-4203-a3ed-03d7e7be70bb,CLASSIFICADO: Inglaterra Bot 7!,Inglaterra Bot 7 avança de fase.,,2026-05-15 19:00:04.851002+00,cup_advance,"{""phase"": ""Semifinal"", ""team_name"": ""Inglaterra Bot 7"", ""competition"": ""Copa de Inglaterra""}"
