id,title,version,description,fixes,features,ai_summary,status,author_id,created_at,published_at
c4663bc2-8566-4a09-9672-f38ec2d92dcf,Lançamento Aproxima!!,2026-04-07,A fase testes vai começar!,{},"{""Lançamento Aproxima!!""}",Imagem gerada por IA,published,68123140-4a25-44c0-adff-ea148c54423c,2026-04-07 00:19:31.008214+00,2026-04-07 00:19:30.54+00
1a8cbb07-f99b-4dc5-9fe0-ec52fe139e76,Mundial Chegando ,2026-04-21,Prepare Seu Time A maior copetição vai começar!,{},"{""Mundial Chegando ""}",Imagem gerada por IA,published,c9544dd0-3729-480b-bd00-315d75a45711,2026-04-21 13:03:50.292927+00,2026-04-21 13:03:49.436+00
54d04cb6-fe5f-4e7f-b39c-0569909d8f95,V10,10.0.0,Copas é Ligas Novo sistema,"{""Diversos Bugs Corrigidos!""}","{""Jogo Em Fase Final iniciando testes em breve "",""Dia 1 = Somente ADMS"",""Dia 10 = ADMS é Players Escolhidos!""}","Olá treinador! Confira as novidades da V10 do FLM 26:

• Chegou o novo sistema de Copas e Ligas para deixar a competição ainda melhor.
• Diversos bugs foram corrigidos para garantir uma experiência mais fluida.
• O jogo entrou em fase final de desenvolvimento e os testes começam em breve.
• No primeiro dia, o acesso será exclusivo para os administradores.
• No dia 10, os administradores e jogadores selecionados poderão testar as novidades.
• Fique atento e prepare seu time, o lançamento oficial está cada vez mais próximo!",published,68123140-4a25-44c0-adff-ea148c54423c,2026-04-26 13:27:49.746989+00,2026-04-26 13:28:01.256+00
