id,user_id,league_id,country,club_name,action,bot_replaced_id,details,created_at
dbc2b703-a8c5-4670-bcf4-0b198cca085a,dd9fd5b7-074d-4375-a26d-0a2e7c61f47c,,Brasil,Meg FC,queued,,,2026-05-27 14:38:07.659707+00
6b679492-59f3-4552-bc9b-edaad5ddc0bb,dd9fd5b7-074d-4375-a26d-0a2e7c61f47c,,Brasil,Meg FC,queued,,,2026-05-27 14:55:38.882466+00
bbd1300f-1759-4df3-9a32-11f2e4bf862a,dd9fd5b7-074d-4375-a26d-0a2e7c61f47c,,Brasil,Meg FC,queued,,,2026-05-27 14:55:48.734518+00
79e89865-891b-4c91-9fe4-89ce5154d47d,dd9fd5b7-074d-4375-a26d-0a2e7c61f47c,,Brasil,Meg FC,queued,,,2026-05-27 14:55:49.119664+00
9ff7167a-2707-4e7b-bc51-fbfd54dab5f4,dd9fd5b7-074d-4375-a26d-0a2e7c61f47c,,Brasil,Meg FC,queued,,,2026-05-27 14:55:49.398937+00
c246e8dc-3fe4-4b03-b34f-91a19dd38b5a,dd9fd5b7-074d-4375-a26d-0a2e7c61f47c,,Brasil,Meg FC,queued,,,2026-05-27 14:55:49.704716+00
073a3c2f-781f-41fa-bb94-25fdb83ed7c8,dd9fd5b7-074d-4375-a26d-0a2e7c61f47c,,Brasil,Meg FC,queued,,,2026-05-27 14:55:50.039289+00
a0bc39b0-f9bd-49f7-963c-73861bb5a521,dd9fd5b7-074d-4375-a26d-0a2e7c61f47c,,Brasil,Meg FC,queued,,,2026-05-27 14:55:50.342427+00
89a26ffe-5d15-484d-aea9-deb474bfba52,dd9fd5b7-074d-4375-a26d-0a2e7c61f47c,,Brasil,Meg FC,queued,,,2026-05-27 14:55:50.630251+00
e9c3f1e9-90da-4b00-bc6e-2bee62ff58c1,dd9fd5b7-074d-4375-a26d-0a2e7c61f47c,,Brasil,Meg FC,queued,,,2026-05-27 14:55:50.929799+00
f95fdf24-0a04-451e-a99c-ed2add95d57c,dd9fd5b7-074d-4375-a26d-0a2e7c61f47c,,Brasil,Meg FC,queued,,,2026-05-27 14:55:51.222442+00
39b72040-d9cc-498f-82eb-723e891c7928,dd9fd5b7-074d-4375-a26d-0a2e7c61f47c,,Brasil,Meg FC,queued,,,2026-05-27 14:55:51.591505+00
5137767b-f7e2-4116-b52f-54b15a46127f,dd9fd5b7-074d-4375-a26d-0a2e7c61f47c,,Brasil,Meg FC,queued,,,2026-05-27 14:55:51.911023+00
eb910339-aff9-41df-8ff5-26e527fd9710,dd9fd5b7-074d-4375-a26d-0a2e7c61f47c,,Brasil,Meg FC,queued,,,2026-05-27 14:55:52.236591+00
ecdc1d9f-e72f-4a5d-9b32-b514af32da5c,dd9fd5b7-074d-4375-a26d-0a2e7c61f47c,,Brasil,Meg FC,queued,,,2026-05-27 14:55:52.529414+00
0d2302b4-2933-42a1-a8a4-8f441d3edc8d,dd9fd5b7-074d-4375-a26d-0a2e7c61f47c,,Brasil,Meg FC,queued,,,2026-05-27 14:55:52.832841+00
0328bb99-e33b-456e-bfb0-3aa7630cbf2d,dd9fd5b7-074d-4375-a26d-0a2e7c61f47c,,Brasil,Meg FC,queued,,,2026-05-27 14:55:53.216899+00
c86b9781-dd9f-41ce-b376-352835a66307,dd9fd5b7-074d-4375-a26d-0a2e7c61f47c,,Brasil,Meg FC,queued,,,2026-05-27 14:55:53.49884+00
ff83f048-598a-46a2-8fad-95a5f71d4117,dd9fd5b7-074d-4375-a26d-0a2e7c61f47c,,Brasil,Meg FC,queued,,,2026-05-27 14:55:53.83964+00
d7cb3dae-035f-4a3a-9c28-fdb18b90ac7d,dd9fd5b7-074d-4375-a26d-0a2e7c61f47c,,Brasil,Meg FC,queued,,,2026-05-27 14:55:54.140036+00
ccf49658-2e16-4e14-a989-b129562f4b9d,dd9fd5b7-074d-4375-a26d-0a2e7c61f47c,,Brasil,Meg FC,queued,,,2026-05-27 14:55:54.583249+00
855989bb-8cb3-4984-bfa7-21c34a3fd7d0,dd9fd5b7-074d-4375-a26d-0a2e7c61f47c,,Brasil,Meg FC,queued,,,2026-05-27 14:55:54.90572+00
c372c87e-022a-489d-bbb5-0460bf413d45,dd9fd5b7-074d-4375-a26d-0a2e7c61f47c,,Brasil,Meg FC,queued,,,2026-05-27 14:55:55.233691+00
074e2081-9857-4952-8fb1-cefdb8f414ee,dd9fd5b7-074d-4375-a26d-0a2e7c61f47c,,Brasil,Meg FC,queued,,,2026-05-27 14:55:55.545593+00
c9287203-3c42-4e69-ab72-8a4bef01b723,dd9fd5b7-074d-4375-a26d-0a2e7c61f47c,,Brasil,Meg FC,queued,,,2026-05-27 14:55:55.837781+00
2de87b65-1631-4e1c-a212-c64597441263,dd9fd5b7-074d-4375-a26d-0a2e7c61f47c,,Brasil,Meg FC,queued,,,2026-05-27 14:55:56.178263+00
b628cbed-01be-4005-b5b7-e906c7e71abb,dd9fd5b7-074d-4375-a26d-0a2e7c61f47c,,Brasil,Meg FC,queued,,,2026-05-27 14:55:56.538152+00
77abe452-5b6d-4f7e-a3b4-2aa5c190d896,dd9fd5b7-074d-4375-a26d-0a2e7c61f47c,,Brasil,Meg FC,queued,,,2026-05-27 14:55:56.860524+00
349a5063-f829-4c94-ac4d-52bde5903c80,dd9fd5b7-074d-4375-a26d-0a2e7c61f47c,,Brasil,Meg FC,queued,,,2026-05-27 14:55:57.177512+00
d7e8a5de-dcd0-48ae-b449-2316dc9b456b,dd9fd5b7-074d-4375-a26d-0a2e7c61f47c,,Brasil,Meg FC,queued,,,2026-05-27 14:55:57.592104+00
742ac42d-ad36-46c7-8a63-e91957fdefc1,dd9fd5b7-074d-4375-a26d-0a2e7c61f47c,,Brasil,Meg FC,queued,,,2026-05-27 14:55:57.955755+00
4e9cf60b-757e-43fd-9006-70184b1df6b6,dd9fd5b7-074d-4375-a26d-0a2e7c61f47c,,Brasil,Meg FC,queued,,,2026-05-27 14:55:58.347985+00
cd739900-4cd3-4031-ba74-6cf65d715e11,dd9fd5b7-074d-4375-a26d-0a2e7c61f47c,,Brasil,Meg FC,queued,,,2026-05-27 14:55:58.708768+00
cf922ce7-9c70-4d78-a8b3-996659f0b32c,dd9fd5b7-074d-4375-a26d-0a2e7c61f47c,,Brasil,Meg FC,queued,,,2026-05-27 14:56:00.282416+00
87debc19-6f94-4a50-8766-3d8e899bcd9d,dd9fd5b7-074d-4375-a26d-0a2e7c61f47c,,Brasil,Meg FC,queued,,,2026-05-27 14:56:00.949877+00
932b30dc-37aa-401a-b8ca-21fde9499b97,dd9fd5b7-074d-4375-a26d-0a2e7c61f47c,,Brasil,Meg FC,queued,,,2026-05-27 14:56:01.366271+00
db217e49-a4b1-474e-af44-c341b778ba15,dd9fd5b7-074d-4375-a26d-0a2e7c61f47c,,Brasil,Meg FC,queued,,,2026-05-27 14:56:01.708318+00
738752b7-a32f-4528-8f54-241bd3e36016,dd9fd5b7-074d-4375-a26d-0a2e7c61f47c,,Brasil,Meg FC,queued,,,2026-05-27 14:56:03.012232+00
5e2e15e5-d66c-44f6-be0c-5f6a6feb8c88,dd9fd5b7-074d-4375-a26d-0a2e7c61f47c,,Brasil,Meg FC,queued,,,2026-05-27 14:56:03.60032+00
a4fa5229-5024-4713-9ec7-3b3310515462,dd9fd5b7-074d-4375-a26d-0a2e7c61f47c,,Brasil,Meg FC,queued,,,2026-05-27 14:56:04.113416+00
8cf306d7-f1ce-470a-9678-06dd80b8f63e,dd9fd5b7-074d-4375-a26d-0a2e7c61f47c,,Brasil,Meg FC,queued,,,2026-05-27 14:56:04.49348+00
f3b08e3e-f3c0-4044-bb60-d5ad074b187b,dd9fd5b7-074d-4375-a26d-0a2e7c61f47c,,Brasil,Meg FC,queued,,,2026-05-27 14:56:05.00654+00
273026f6-dff3-4ec4-a9cc-465c34ce7821,dd9fd5b7-074d-4375-a26d-0a2e7c61f47c,,Brasil,Meg FC,queued,,,2026-05-27 14:56:05.362611+00
8fb011bd-ca83-4fc9-8480-176350575d4b,dd9fd5b7-074d-4375-a26d-0a2e7c61f47c,,Brasil,Meg FC,queued,,,2026-05-27 14:56:05.748091+00
c4c9f523-b6d2-45f6-81d6-aa7f2f653ec4,dd9fd5b7-074d-4375-a26d-0a2e7c61f47c,,Brasil,Meg FC,queued,,,2026-05-27 14:56:06.073996+00
7a058588-87bb-4839-acaf-fffbda3fd0bb,dd9fd5b7-074d-4375-a26d-0a2e7c61f47c,,Brasil,Meg FC,queued,,,2026-05-27 14:56:06.403909+00
f7bd19c9-5c12-43ee-ae60-f875d0ee5f3f,dd9fd5b7-074d-4375-a26d-0a2e7c61f47c,,Brasil,Meg FC,queued,,,2026-05-27 14:56:06.821267+00
975b82f9-d886-4818-a0be-cd3d37f956f7,dd9fd5b7-074d-4375-a26d-0a2e7c61f47c,,Brasil,Meg FC,queued,,,2026-05-27 14:56:07.211925+00
2ad51f13-e9d6-442b-9060-c6e8fc4f8d84,dd9fd5b7-074d-4375-a26d-0a2e7c61f47c,,Brasil,Meg FC,queued,,,2026-05-27 14:56:07.533824+00
06c26665-6690-4b25-a9b3-0754a8c72fe7,dd9fd5b7-074d-4375-a26d-0a2e7c61f47c,,Brasil,Meg FC,queued,,,2026-05-27 14:56:07.832686+00
a07a4975-8827-49fd-8463-68ca20cdbfe4,dd9fd5b7-074d-4375-a26d-0a2e7c61f47c,,Brasil,Meg FC,queued,,,2026-05-27 14:56:08.295107+00
14bd6a76-3c4f-4a4b-8dd1-534d0bcbefea,dd9fd5b7-074d-4375-a26d-0a2e7c61f47c,,Brasil,Meg FC,queued,,,2026-05-27 14:56:08.621905+00
1b139443-26b1-4671-9093-6f766622dded,dd9fd5b7-074d-4375-a26d-0a2e7c61f47c,,Brasil,Meg FC,queued,,,2026-05-27 14:56:08.939424+00
4fe27bd6-e70e-433a-ab1c-7e7282a2469e,dd9fd5b7-074d-4375-a26d-0a2e7c61f47c,,Brasil,Meg FC,queued,,,2026-05-27 14:56:09.38094+00
76443a0d-8475-4d68-895f-4125585605c6,dd9fd5b7-074d-4375-a26d-0a2e7c61f47c,,Brasil,Meg FC,queued,,,2026-05-27 14:56:09.939644+00
f5c7374f-6ba2-4694-9ca1-c0b80a366029,dd9fd5b7-074d-4375-a26d-0a2e7c61f47c,,Brasil,Meg FC,queued,,,2026-05-27 14:56:10.292761+00
1da68816-add6-4996-a419-53441f86495f,dd9fd5b7-074d-4375-a26d-0a2e7c61f47c,,Brasil,Meg FC,queued,,,2026-05-27 14:56:10.759145+00
dc0ec6db-0a96-4fc7-8850-0e1419e4d00d,dd9fd5b7-074d-4375-a26d-0a2e7c61f47c,,Brasil,Meg FC,queued,,,2026-05-27 14:56:11.123026+00
ea52f875-4a7e-4ade-8595-612ce2f92a1e,dd9fd5b7-074d-4375-a26d-0a2e7c61f47c,,Brasil,Meg FC,queued,,,2026-05-27 14:56:11.500886+00
10886e0a-023e-43ec-9e1c-3a74e5ba2387,dd9fd5b7-074d-4375-a26d-0a2e7c61f47c,,Brasil,Meg FC,queued,,,2026-05-27 14:56:11.843234+00
78e80593-9907-41cc-9ad5-165e930c6756,dd9fd5b7-074d-4375-a26d-0a2e7c61f47c,,Brasil,Meg FC,queued,,,2026-05-27 14:56:12.403109+00
d2f9be4f-64c5-4fb9-b925-f7f479c73802,dd9fd5b7-074d-4375-a26d-0a2e7c61f47c,,Brasil,Meg FC,queued,,,2026-05-27 14:56:13.971025+00
79008055-40f6-41c1-acc8-4d36f8d8aae5,dd9fd5b7-074d-4375-a26d-0a2e7c61f47c,,Brasil,Meg FC,queued,,,2026-05-27 14:56:14.237732+00
e0cde351-430e-416b-aa80-8f99596df899,dd9fd5b7-074d-4375-a26d-0a2e7c61f47c,,Brasil,Meg FC,queued,,,2026-05-27 14:56:14.561326+00
4f0c968b-fcab-47f6-b1dd-fe9a35b53f93,dd9fd5b7-074d-4375-a26d-0a2e7c61f47c,,Brasil,Meg FC,queued,,,2026-05-27 14:56:14.841744+00
0b599c35-da37-4780-a92f-d99334888774,dd9fd5b7-074d-4375-a26d-0a2e7c61f47c,,Brasil,Meg FC,queued,,,2026-05-27 14:56:15.160691+00
efa6ff53-441c-4a25-b07e-a3beadad5aa3,dd9fd5b7-074d-4375-a26d-0a2e7c61f47c,,Brasil,Meg FC,queued,,,2026-05-27 14:56:15.479739+00
0d3466da-22f3-4c31-86df-d3d2c1dbb1c6,dd9fd5b7-074d-4375-a26d-0a2e7c61f47c,,Brasil,Meg FC,queued,,,2026-05-27 14:56:15.829395+00
fd2c5713-d85c-4c0d-a4cf-3c2952a9e287,dd9fd5b7-074d-4375-a26d-0a2e7c61f47c,,Brasil,Meg FC,queued,,,2026-05-27 14:56:16.248752+00
36182c88-a3dc-4632-ba49-47e58ed63a60,dd9fd5b7-074d-4375-a26d-0a2e7c61f47c,,Brasil,Meg FC,queued,,,2026-05-27 14:56:16.611034+00
6332aba0-8b55-41e4-ba03-a1a73b3139ab,dd9fd5b7-074d-4375-a26d-0a2e7c61f47c,,Brasil,Meg FC,queued,,,2026-05-27 14:56:16.950049+00
eadfd121-2ee9-4ef0-b0fb-0324fa095c41,dd9fd5b7-074d-4375-a26d-0a2e7c61f47c,,Brasil,Meg FC,queued,,,2026-05-27 14:56:17.530185+00
5bdba5b1-aa6d-41e2-a037-977e703ac6ba,dd9fd5b7-074d-4375-a26d-0a2e7c61f47c,,Brasil,Meg FC,queued,,,2026-05-27 14:56:18.215324+00
1c37006a-82cb-491e-b679-09210f3cd9e2,dd9fd5b7-074d-4375-a26d-0a2e7c61f47c,,Brasil,Meg FC,queued,,,2026-05-27 14:56:19.856142+00
f165dd98-0439-497b-ba4b-dda2c5c70cff,dd9fd5b7-074d-4375-a26d-0a2e7c61f47c,,Brasil,Meg FC,queued,,,2026-05-27 14:56:20.324313+00
85edc0b7-14ad-4386-bec6-2ef35105f559,dd9fd5b7-074d-4375-a26d-0a2e7c61f47c,,Brasil,Meg FC,queued,,,2026-05-27 14:56:20.650387+00
adfbd3d1-45f4-49e2-a2eb-326e166e6ba4,dd9fd5b7-074d-4375-a26d-0a2e7c61f47c,,Brasil,Meg FC,queued,,,2026-05-27 14:56:20.992748+00
b1b9180d-a176-4a9c-9ab7-430d51b78482,dd9fd5b7-074d-4375-a26d-0a2e7c61f47c,,Brasil,Meg FC,queued,,,2026-05-27 14:56:21.314173+00
1faf4a39-1777-4263-b10e-9ad3ac2555ba,dd9fd5b7-074d-4375-a26d-0a2e7c61f47c,,Brasil,Meg FC,queued,,,2026-05-27 14:56:21.635044+00
70a1e518-d6e3-4955-a6c1-de86e06d410f,dd9fd5b7-074d-4375-a26d-0a2e7c61f47c,,Brasil,Meg FC,queued,,,2026-05-27 14:56:22.001577+00
a51f20aa-0d85-4ae4-8fee-9d3f34406250,dd9fd5b7-074d-4375-a26d-0a2e7c61f47c,,Brasil,Meg FC,queued,,,2026-05-27 14:56:22.352639+00
9d748927-1118-424e-85e1-132eb89c7886,dd9fd5b7-074d-4375-a26d-0a2e7c61f47c,,Brasil,Meg FC,queued,,,2026-05-27 14:56:22.774518+00
5ca78f3b-af01-43b3-bc22-565644aad483,dd9fd5b7-074d-4375-a26d-0a2e7c61f47c,,Brasil,Meg FC,queued,,,2026-05-27 14:56:25.414047+00
82b9f858-4bfb-4425-be2c-b54f07b21b5e,dd9fd5b7-074d-4375-a26d-0a2e7c61f47c,,Brasil,Meg FC,queued,,,2026-05-27 14:56:26.381123+00
80f99936-9a85-4a00-bc4a-b84b8b012a2b,dd9fd5b7-074d-4375-a26d-0a2e7c61f47c,,Brasil,Meg FC,queued,,,2026-05-27 14:56:27.645663+00
53872ac9-752f-42db-a311-a09bfce3d0f6,dd9fd5b7-074d-4375-a26d-0a2e7c61f47c,,Brasil,Meg FC,queued,,,2026-05-27 14:56:30.257901+00
23975e03-4c08-45e3-8046-3a129c6b47f1,dd9fd5b7-074d-4375-a26d-0a2e7c61f47c,,Brasil,Meg FC,queued,,,2026-05-27 14:56:23.111678+00
59070c58-9e26-4a15-83c2-8a2c9237debe,dd9fd5b7-074d-4375-a26d-0a2e7c61f47c,,Brasil,Meg FC,queued,,,2026-05-27 14:56:23.425157+00
34d63b1e-9740-4fc1-88e3-7326fc106c5c,dd9fd5b7-074d-4375-a26d-0a2e7c61f47c,,Brasil,Meg FC,queued,,,2026-05-27 14:56:26.672227+00
982cb0e6-e795-469f-a3a6-12dc638d26c3,dd9fd5b7-074d-4375-a26d-0a2e7c61f47c,,Brasil,Meg FC,queued,,,2026-05-27 14:56:28.648599+00
640de366-bab5-4053-af80-2ecee21045ee,dd9fd5b7-074d-4375-a26d-0a2e7c61f47c,,Brasil,Meg FC,queued,,,2026-05-27 14:56:29.534968+00
3c80d7ea-f912-477c-ba4c-fcd0165d6671,dd9fd5b7-074d-4375-a26d-0a2e7c61f47c,,Brasil,Meg FC,queued,,,2026-05-27 14:56:23.917125+00
806fa924-046b-4218-848b-d43a291fff99,dd9fd5b7-074d-4375-a26d-0a2e7c61f47c,,Brasil,Meg FC,queued,,,2026-05-27 14:56:24.228678+00
7895524f-861c-4192-aa72-fcf55a259c83,dd9fd5b7-074d-4375-a26d-0a2e7c61f47c,,Brasil,Meg FC,queued,,,2026-05-27 14:56:24.847094+00
d4f845b2-c164-4030-8e88-44ff7b7bfba5,dd9fd5b7-074d-4375-a26d-0a2e7c61f47c,,Brasil,Meg FC,queued,,,2026-05-27 14:56:25.753251+00
6867cf7b-c28b-4992-a1e0-79b0bff151a2,dd9fd5b7-074d-4375-a26d-0a2e7c61f47c,,Brasil,Meg FC,queued,,,2026-05-27 14:56:26.053208+00
22881dc7-9199-42a0-a0da-e19b92464777,dd9fd5b7-074d-4375-a26d-0a2e7c61f47c,,Brasil,Meg FC,queued,,,2026-05-27 14:56:29.202082+00
fd68de61-37ae-4b81-b09b-acc7b306443e,dd9fd5b7-074d-4375-a26d-0a2e7c61f47c,,Brasil,Meg FC,queued,,,2026-05-27 14:56:30.636533+00
4f6e6658-25f4-4ce5-9b87-3cf88f65b495,dd9fd5b7-074d-4375-a26d-0a2e7c61f47c,,Brasil,Meg FC,queued,,,2026-05-27 14:56:30.979829+00
b3bead0a-4b5a-449a-a341-aa801416cd62,dd9fd5b7-074d-4375-a26d-0a2e7c61f47c,,Brasil,Meg FC,queued,,,2026-05-27 14:56:24.560516+00
695bd380-ca81-4cc8-9c04-b98e8f9d8823,dd9fd5b7-074d-4375-a26d-0a2e7c61f47c,,Brasil,Meg FC,queued,,,2026-05-27 14:56:27.989233+00
d41f2525-b725-45b5-b328-ed82156c27d1,dd9fd5b7-074d-4375-a26d-0a2e7c61f47c,,Brasil,Meg FC,queued,,,2026-05-27 14:56:25.152164+00
39c0a0ef-aa97-473f-b56f-2da7ef8daafd,dd9fd5b7-074d-4375-a26d-0a2e7c61f47c,,Brasil,Meg FC,queued,,,2026-05-27 14:56:26.962164+00
1345cba1-ec7b-4e99-aeb5-ae81c8614c6a,dd9fd5b7-074d-4375-a26d-0a2e7c61f47c,,Brasil,Meg FC,queued,,,2026-05-27 14:56:27.251613+00
e1bd8832-7806-47a7-b436-7a20ca1ac3ae,dd9fd5b7-074d-4375-a26d-0a2e7c61f47c,,Brasil,Meg FC,queued,,,2026-05-27 14:56:28.304898+00
57e44818-b5e7-4df2-b322-6156900afe7b,dd9fd5b7-074d-4375-a26d-0a2e7c61f47c,,Brasil,Meg FC,queued,,,2026-05-27 14:56:29.891869+00
00d8f1bf-dd21-4270-8bc9-77fda6202661,dd9fd5b7-074d-4375-a26d-0a2e7c61f47c,,Brasil,Meg FC,queued,,,2026-05-27 14:56:31.276998+00
ce42b6a2-219a-4e8b-b075-6806e9c3b260,dd9fd5b7-074d-4375-a26d-0a2e7c61f47c,,Brasil,Meg FC,queued,,,2026-05-27 14:56:31.577708+00
3e0ad094-ca8a-461f-90f5-4c207c952190,dd9fd5b7-074d-4375-a26d-0a2e7c61f47c,,Brasil,Meg FC,queued,,,2026-05-27 14:56:31.957836+00
a9bbd578-de90-498d-8b28-fa5bbd041f00,dd9fd5b7-074d-4375-a26d-0a2e7c61f47c,,Brasil,Meg FC,queued,,,2026-05-27 14:56:32.844428+00
fd07ef6a-6914-4dcd-b7e2-c18727a780ba,dd9fd5b7-074d-4375-a26d-0a2e7c61f47c,,Brasil,Meg FC,queued,,,2026-05-27 14:56:33.155027+00
d934724b-1ad8-4b1b-ab35-49f89d485783,dd9fd5b7-074d-4375-a26d-0a2e7c61f47c,,Brasil,Meg FC,queued,,,2026-05-27 14:56:33.552702+00
2e0d4138-a76c-4b94-87cd-679e0fd542c5,dd9fd5b7-074d-4375-a26d-0a2e7c61f47c,,Brasil,Meg FC,queued,,,2026-05-27 14:56:33.879144+00
89640a39-29b2-4007-b44a-d3a990a2850f,dd9fd5b7-074d-4375-a26d-0a2e7c61f47c,,Brasil,Meg FC,queued,,,2026-05-27 14:56:34.189812+00
d37abafb-89d0-4350-97dc-4217c037e0ec,dd9fd5b7-074d-4375-a26d-0a2e7c61f47c,,Brasil,Meg FC,queued,,,2026-05-27 14:56:34.492001+00
9763387c-2d5b-459f-999e-b3ff6c3b1eb2,dd9fd5b7-074d-4375-a26d-0a2e7c61f47c,,Brasil,Meg FC,queued,,,2026-05-27 14:56:34.936523+00
bd510fbf-5a89-45f3-85db-375b1fc92658,dd9fd5b7-074d-4375-a26d-0a2e7c61f47c,,Brasil,Meg FC,queued,,,2026-05-27 14:56:35.280355+00
b20c42e1-da6a-4557-acb2-7c1c61adfc90,dd9fd5b7-074d-4375-a26d-0a2e7c61f47c,,Brasil,Meg FC,queued,,,2026-05-27 14:56:35.569307+00
b070088a-0f8d-49b3-930d-a7ae17d68fed,dd9fd5b7-074d-4375-a26d-0a2e7c61f47c,,Brasil,Meg FC,queued,,,2026-05-27 14:56:35.872301+00
75934bd4-b9b1-49a1-9dbe-a532644ca970,dd9fd5b7-074d-4375-a26d-0a2e7c61f47c,,Brasil,Meg FC,queued,,,2026-05-27 14:56:36.165123+00
588ae365-0067-447b-a3b5-37ea25b968ba,dd9fd5b7-074d-4375-a26d-0a2e7c61f47c,,Brasil,Meg FC,queued,,,2026-05-27 14:56:36.483655+00
6409ed34-082d-4fe8-b864-75f408986e8c,dd9fd5b7-074d-4375-a26d-0a2e7c61f47c,,Brasil,Meg FC,queued,,,2026-05-27 14:56:36.788023+00
01148b50-106a-4a18-a72e-28373bc0508e,dd9fd5b7-074d-4375-a26d-0a2e7c61f47c,,Brasil,Meg FC,queued,,,2026-05-27 14:56:37.170214+00
5b5f1de6-738d-414f-9957-5fca3d6cf0d3,dd9fd5b7-074d-4375-a26d-0a2e7c61f47c,,Brasil,Meg FC,queued,,,2026-05-27 14:56:38.061301+00
f38c3fdb-283f-45b1-8cd2-d91b723c79df,dd9fd5b7-074d-4375-a26d-0a2e7c61f47c,,Brasil,Meg FC,queued,,,2026-05-27 14:56:38.633724+00
6a6e2754-a638-4ec0-8713-a73b2703deee,dd9fd5b7-074d-4375-a26d-0a2e7c61f47c,,Brasil,Meg FC,queued,,,2026-05-27 14:56:38.951704+00
c8f06626-12d3-45f9-bbe2-4c17a11a61aa,dd9fd5b7-074d-4375-a26d-0a2e7c61f47c,,Brasil,Meg FC,queued,,,2026-05-27 14:56:39.359101+00
702f33a8-13ed-40d8-a6fd-72b59ae004db,dd9fd5b7-074d-4375-a26d-0a2e7c61f47c,,Brasil,Meg FC,queued,,,2026-05-27 14:56:40.205375+00
7e910f03-6915-4687-a002-2650ced58ee0,dd9fd5b7-074d-4375-a26d-0a2e7c61f47c,,Brasil,Meg FC,queued,,,2026-05-27 14:56:40.568411+00
76422d29-ed83-458f-9de2-6606acba47b1,dd9fd5b7-074d-4375-a26d-0a2e7c61f47c,,Brasil,Meg FC,queued,,,2026-05-27 14:56:40.978359+00
ebcc5fbe-6a1d-4282-9d59-91d330b20c1b,dd9fd5b7-074d-4375-a26d-0a2e7c61f47c,,Brasil,Meg FC,queued,,,2026-05-27 14:56:41.310768+00
948ade62-1e94-4380-b8f6-a66e4e89d68d,dd9fd5b7-074d-4375-a26d-0a2e7c61f47c,,Brasil,Meg FC,queued,,,2026-05-27 14:56:41.751742+00
245d59d8-2d75-40a4-bf6b-a36b4fd7ecc3,dd9fd5b7-074d-4375-a26d-0a2e7c61f47c,,Brasil,Meg FC,queued,,,2026-05-27 14:56:42.148128+00
dfcdc207-fcb7-4e53-9864-bac157eb75a8,dd9fd5b7-074d-4375-a26d-0a2e7c61f47c,,Brasil,Meg FC,queued,,,2026-05-27 14:56:42.461852+00
2bc8ca0c-d147-43b2-a69a-191db78d914b,dd9fd5b7-074d-4375-a26d-0a2e7c61f47c,,Brasil,Meg FC,queued,,,2026-05-27 14:56:42.860572+00
05fb6596-7ab7-4d13-a366-9eb79c1aac2d,dd9fd5b7-074d-4375-a26d-0a2e7c61f47c,,Brasil,Meg FC,queued,,,2026-05-27 14:56:43.219386+00
d8763df9-8bba-46de-bef9-2324c0a8d0ba,dd9fd5b7-074d-4375-a26d-0a2e7c61f47c,,Brasil,Meg FC,queued,,,2026-05-27 14:56:43.550471+00
0344fe8a-5ed8-4062-aa19-561d6206a263,dd9fd5b7-074d-4375-a26d-0a2e7c61f47c,,Brasil,Meg FC,queued,,,2026-05-27 14:56:43.959901+00
3b3960cd-a3e4-43d6-8e07-aba69e66b3ba,dd9fd5b7-074d-4375-a26d-0a2e7c61f47c,,Brasil,Meg FC,queued,,,2026-05-27 14:56:44.322847+00
a90ebbdc-76c1-4f37-aaad-e28370c8e20f,dd9fd5b7-074d-4375-a26d-0a2e7c61f47c,,Brasil,Meg FC,queued,,,2026-05-27 14:56:44.714832+00
6b5e59a7-2849-4a6e-a5e1-6bf754bc1b60,b192ae6f-3143-442f-8ac7-b2fb6c9dca14,ccb95e4c-2890-4f28-8c47-abfc9f82e1ee,ES,ATLÉTICO DE MADRID,replaced_bot,25e36e55-20f5-461f-a802-2fb77ca965e9,,2026-05-27 14:56:50.149803+00
79e5696a-4878-4d86-850c-de69de09df42,dd9fd5b7-074d-4375-a26d-0a2e7c61f47c,,Brasil,Meg FC,queued,,,2026-05-27 17:56:23.461848+00
5c94ebb2-3e25-4752-92b6-d8790039c737,dd9fd5b7-074d-4375-a26d-0a2e7c61f47c,,Brasil,Meg FC,queued,,,2026-05-27 17:58:59.773393+00
31d9a87f-a8c1-4d8a-89f4-417df160eb64,dd9fd5b7-074d-4375-a26d-0a2e7c61f47c,,Brasil,Meg FC,queued,,,2026-05-27 17:59:22.016934+00
863d850d-67b6-4c6d-ab99-e785cd901f3e,dd9fd5b7-074d-4375-a26d-0a2e7c61f47c,,Brasil,Meg FC,queued,,,2026-05-27 18:10:34.366396+00
48910f0e-c1e2-419f-9d69-61aa13d590ab,dd9fd5b7-074d-4375-a26d-0a2e7c61f47c,,Brasil,Meg FC,queued,,,2026-05-27 18:10:42.362766+00
27ae0e16-25cf-4d39-b133-fae2ad03ed6d,dd9fd5b7-074d-4375-a26d-0a2e7c61f47c,,Brasil,Meg FC,queued,,,2026-05-27 18:17:15.693917+00
0834ad07-dfaf-4b60-ab45-77997137757c,dd9fd5b7-074d-4375-a26d-0a2e7c61f47c,,Brasil,Meg FC,queued,,,2026-05-27 18:17:34.434855+00
eb6eaf79-9535-4517-8dc6-40650879cfcf,dd9fd5b7-074d-4375-a26d-0a2e7c61f47c,,Brasil,Meg FC,queued,,,2026-05-27 18:21:22.056365+00
ec384d91-41e6-427f-9c3f-1d5a433dd1a6,dd9fd5b7-074d-4375-a26d-0a2e7c61f47c,,Brasil,Meg FC,queued,,,2026-05-28 20:21:54.99745+00
fdd37e25-d2b2-4f86-af71-06a44df440ef,dd9fd5b7-074d-4375-a26d-0a2e7c61f47c,,Brasil,Meg FC,queued,,,2026-05-28 21:56:16.192784+00
4deea010-aa13-434e-90e9-39e0993707fe,dd9fd5b7-074d-4375-a26d-0a2e7c61f47c,,Brasil,Meg FC,queued,,,2026-05-28 21:57:02.402433+00
