id,match_id,match_type,start_time,end_time,duration_ms,result_text,status,error_message,details
33a7b4db-51d2-4b12-9cff-3ef40a4bf83e,90662ad3-fdb9-4d5c-9423-e9542ffa8c9d,world,2026-05-18 23:02:01.947024+00,,712,MANAGER FC 2x4 Manager FC,finished,,"{""ag"": 4, ""hg"": 2, ""round"": 999}"
d9de5db9-24d9-4b42-8f7d-4de12a44091c,10e32fb0-98f0-4bea-9548-e905ca9bdf42,world,2026-05-18 23:02:02.375158+00,,375,FLM Team Fc 3x1 Bahia,finished,,"{""ag"": 1, ""hg"": 3, ""round"": 19}"
6f014444-fe44-404a-8fc3-cfcc5b3d0723,81b49a06-d994-4f38-a581-c733937a85a7,world,2026-05-18 23:02:02.691456+00,,277,ABC FC 4x4 Real Zaragola,finished,,"{""ag"": 4, ""hg"": 4, ""round"": 19}"
db25c835-eaa5-4e0d-835b-ac345ee70020,78f74291-8a84-4a3d-8c9a-eb81cff01cc7,world,2026-05-18 23:02:03.153008+00,,406,UNC SPORT CLUB 0x4 Grêmio,finished,,"{""ag"": 4, ""hg"": 0, ""round"": 19}"
68496bbd-ae2a-49dd-b61e-a65d0aebfc85,2fa45e09-832b-4288-9d24-085de7808d12,world,2026-05-18 23:02:03.425408+00,,251,Santos 6x1 a,finished,,"{""ag"": 1, ""hg"": 6, ""round"": 19}"
00ea874d-392b-4af0-8416-425fee135393,7e4b60eb-7674-4d27-8fe3-b93c83a6b116,world,2026-05-18 23:02:03.645366+00,,203,Internacional 2x1 FLM Team Fc,finished,,"{""ag"": 1, ""hg"": 2, ""round"": 18}"
ac7e260a-494f-4981-b23d-ea44daf2da84,078e6657-4ac6-4d20-aa33-8edd162e0468,world,2026-05-18 23:02:03.895547+00,,231,ADM FC 3x1 UNC SPORT CLUB,finished,,"{""ag"": 1, ""hg"": 3, ""round"": 18}"
92195422-712b-472e-b1ca-27a452516c15,02a771bf-11ed-402e-b1c9-137ff7597dc1,world,2026-05-18 23:02:04.185011+00,,394,FLM 4x3 Cruzeiro,finished,,"{""ag"": 3, ""hg"": 4, ""round"": 18}"
ea389ee7-7107-4020-b1bb-ba3339cb68ed,4a492b08-8f27-4268-b53e-38c6498bb3bf,world,2026-05-18 23:02:04.234907+00,,238,Grêmio 1x1 MANAGER FC,finished,,"{""ag"": 1, ""hg"": 1, ""round"": 18}"
fcf667f1-0d39-40ac-bd6b-3fb87596c4fb,467e5a42-e207-411c-8dec-d711468dea66,world,2026-05-18 23:02:04.423747+00,,191,a 2x0 Fluminense,finished,,"{""ag"": 0, ""hg"": 2, ""round"": 18}"
6b3b99e9-9419-4280-b286-9e09c17a9662,467e5a42-e207-411c-8dec-d711468dea66,world,2026-05-18 23:02:04.512023+00,,243,a 3x3 Fluminense,finished,,"{""ag"": 3, ""hg"": 3, ""round"": 18}"
deed873f-21f6-483d-930c-fd9f3c212db9,e24e517c-bcf9-4f3e-ac62-1b32a8f8f119,world,2026-05-18 23:02:04.674468+00,,127,MANAGER FC 2x0 FLM,finished,,"{""ag"": 0, ""hg"": 2, ""round"": 19}"
18c02bcd-c2ff-4d85-a2bb-124613536748,b248e20e-70b0-4af6-9101-14eb886e2dc2,world,2026-05-18 23:02:04.752176+00,,305,Manager FC 3x3 Corinthians,finished,,"{""ag"": 3, ""hg"": 3, ""round"": 18}"
22652bcc-641d-4409-a0cf-64eafaa495af,5f24376f-934e-4be3-8aaa-415b95bb392b,world,2026-05-18 23:02:04.893667+00,,178,Fluminense 3x1 Manager FC,finished,,"{""ag"": 1, ""hg"": 3, ""round"": 19}"
54e66ac2-547a-4fa6-a214-3fb69fdba3fe,4d92e2ca-09bc-4132-9c0e-8b8b27d460cb,world,2026-05-18 23:02:04.999998+00,,177,Cruzeiro 2x2 Corinthians,finished,,"{""ag"": 2, ""hg"": 2, ""round"": 19}"
d9c46b10-a72c-43ba-ae7e-e0464c2f2762,658bcd2e-6385-4149-ba5d-09770f285826,world,2026-05-18 23:02:05.113983+00,,169,Bahia 1x3 ABC FC,finished,,"{""ag"": 3, ""hg"": 1, ""round"": 18}"
dd803857-f04d-4632-beeb-69b462875b0d,2fc87363-2dff-469a-9d0a-90a5f2ba4106,world,2026-05-18 23:02:05.289814+00,,244,Real Zaragola 5x1 Santos,finished,,"{""ag"": 1, ""hg"": 5, ""round"": 18}"
1d9552ee-1931-43aa-84dc-9f83564a12e1,0cdf01ce-1b77-4822-9601-bce3f6a23eda,world,2026-05-19 22:35:01.562944+00,,771,ADM FC 1x3 FLM Team Fc,finished,,"{""ag"": 3, ""hg"": 1, ""round"": 20}"
be0c5022-c22a-4546-a4e9-14b3be44290d,78ab67cf-ddd8-474b-925f-8c2f96f2b8db,world,2026-05-19 22:35:01.90573+00,,303,Real Zaragola 2x2 Bahia,finished,,"{""ag"": 2, ""hg"": 2, ""round"": 20}"
0030ddc1-5f02-46ac-9cf9-c11117d40839,e4e201f3-0ffd-4c95-8ece-64a3ab1d21d0,world,2026-05-19 22:35:02.186284+00,,251,Grêmio 3x2 Internacional,finished,,"{""ag"": 2, ""hg"": 3, ""round"": 20}"
226ec298-eb2f-4ade-9b20-332114eb0094,cb2fc276-4b34-4417-9e1a-8ea65db4fe36,world,2026-05-19 22:35:02.423977+00,,214,a 3x1 ABC FC,finished,,"{""ag"": 1, ""hg"": 3, ""round"": 20}"
7b33fa02-8f57-40fe-8d18-4e4f6ae8370e,7be36f9d-b26f-49de-9c61-2e941ea89b31,world,2026-05-19 22:35:02.723765+00,,275,FLM 4x3 UNC SPORT CLUB,finished,,"{""ag"": 3, ""hg"": 4, ""round"": 20}"
1a852a36-901b-4e49-a7f6-89be968a7fcf,8c14df18-a8d2-4b0a-822e-d5bae2d14a43,world,2026-05-19 22:35:02.981713+00,,234,Manager FC 1x5 Santos,finished,,"{""ag"": 5, ""hg"": 1, ""round"": 20}"
608c1be6-f1bd-4c0e-a1b9-f684da9a7cd9,dfb9e3b6-7a37-4499-968b-b5f2aedf3b5a,world,2026-05-19 22:35:03.20871+00,,206,Corinthians 2x2 MANAGER FC,finished,,"{""ag"": 2, ""hg"": 2, ""round"": 20}"
94cf3b51-6f58-4cb2-8a49-8fd9ec286e99,ef185d17-8104-44dd-937a-872896afebe2,world,2026-05-19 22:35:03.42562+00,,194,Cruzeiro 3x1 Fluminense,finished,,"{""ag"": 1, ""hg"": 3, ""round"": 20}"
ce385caa-a09c-4f4f-a87e-a97b91eb824d,03b370e5-b3e1-4cd9-80c6-f0eab9eab6b6,world,2026-05-21 22:35:02.688854+00,,1172,Grêmio 1x1 FLM Team Fc,finished,,"{""ag"": 1, ""hg"": 1, ""round"": 22}"
485a45f9-714b-4f21-af41-7ea12f83e0c5,dadae2c4-fc19-449d-b9ec-18771a2425ab,world,2026-05-21 22:35:03.009439+00,,281,FLM Team Fc 3x5 Real Zaragola,finished,,"{""ag"": 5, ""hg"": 3, ""round"": 21}"
b03edb48-a890-4453-a2de-6629d70150ff,a9e87f10-bdaf-43c3-b629-dbd323d7ffc0,world,2026-05-21 22:35:03.174904+00,,148,ADM FC 2x0 Grêmio,finished,,"{""ag"": 0, ""hg"": 2, ""round"": 21}"
9602a8e4-2189-4044-b7c8-2508882428f1,31091547-4998-4daa-b2a2-686d7166a270,world,2026-05-21 22:35:03.38245+00,,191,Bahia 2x3 a,finished,,"{""ag"": 3, ""hg"": 2, ""round"": 21}"
21958c36-bc28-496d-8dba-ef822ef2e8fc,2c11a5cd-b47f-4180-b9f3-fda828065d77,world,2026-05-21 22:35:03.592106+00,,191,Internacional 4x2 FLM,finished,,"{""ag"": 2, ""hg"": 4, ""round"": 21}"
1036664a-24c5-42cf-9b7d-6c3a82c7104c,091cc535-51ed-4b71-aa49-6f6c3d64bf75,world,2026-05-21 22:35:03.756882+00,,146,ABC FC 0x3 Manager FC,finished,,"{""ag"": 3, ""hg"": 0, ""round"": 21}"
1b6ef85c-eca1-4540-b336-02875f49de17,987263ab-0eb1-4639-996d-e512ff589243,world,2026-05-21 22:35:03.909212+00,,135,UNC SPORT CLUB 1x1 Corinthians,finished,,"{""ag"": 1, ""hg"": 1, ""round"": 21}"
5be5d83e-f53b-47d0-85d2-bb8d1c78836c,efad804d-5b13-4fb1-8356-93bcbc8e1352,world,2026-05-21 22:35:04.110696+00,,183,Santos 2x1 Cruzeiro,finished,,"{""ag"": 1, ""hg"": 2, ""round"": 21}"
d101d404-eb5b-4467-a872-3e6b1508073e,b21299a7-b8b8-45d5-bcdc-35bc55424fe5,world,2026-05-21 22:35:04.281399+00,,154,MANAGER FC 2x2 Fluminense,finished,,"{""ag"": 2, ""hg"": 2, ""round"": 21}"
ddb687e6-ea84-45b7-a030-dc09b1a2c049,e0a95e2a-bfa0-403d-af3f-8f3217a387e7,world,2026-05-21 22:35:04.461349+00,,164,a 3x1 Real Zaragola,finished,,"{""ag"": 1, ""hg"": 3, ""round"": 22}"
46c2f1f6-8001-4bb8-8c13-2cdbbdb224b1,e613b033-b681-4503-a7d8-6717166aece8,world,2026-05-21 22:35:04.685421+00,,207,FLM 4x3 ADM FC,finished,,"{""ag"": 3, ""hg"": 4, ""round"": 22}"
7e099300-5a57-4207-9766-e485e491c0b6,b38eca37-ed8a-4ace-849b-3b2a0e8db675,world,2026-05-21 22:35:04.894846+00,,192,Manager FC 4x2 Bahia,finished,,"{""ag"": 2, ""hg"": 4, ""round"": 22}"
c966b8db-464e-4288-98a5-9a998b11194e,0910b0e6-4e73-48df-ab4e-cea085394b88,world,2026-05-21 22:35:05.184529+00,,272,Corinthians 5x2 Internacional,finished,,"{""ag"": 2, ""hg"": 5, ""round"": 22}"
dc98d7e4-4af2-4041-a24b-0bad7fae3951,495b908e-dbb2-4b3d-8992-b451f18eb0eb,world,2026-05-21 22:35:05.370774+00,,171,Cruzeiro 0x5 ABC FC,finished,,"{""ag"": 5, ""hg"": 0, ""round"": 22}"
68b2863c-30ed-4648-9092-d4c879d7fac1,de5c9254-7476-45b6-8722-a4870a36d40f,world,2026-05-21 22:35:05.557238+00,,168,Fluminense 4x1 UNC SPORT CLUB,finished,,"{""ag"": 1, ""hg"": 4, ""round"": 22}"
13e51d58-282e-48fc-b5c7-2ec93b8e2292,da2b59af-8422-4d2a-8891-e80bfe753c92,world,2026-05-21 22:35:05.748205+00,,174,MANAGER FC 3x2 Santos,finished,,"{""ag"": 2, ""hg"": 3, ""round"": 22}"
1ed809bc-12e4-4f2b-8b09-f17ab6c49431,553c84bf-2d7c-46dd-bc9f-04f72b732407,world,2026-05-22 22:35:02.396016+00,,1112,FLM Team Fc 2x1 a,finished,,"{""ag"": 1, ""hg"": 2, ""round"": 23}"
c675b541-bf13-46ba-b172-abdad2838342,46ef03f6-bd5a-4843-a37b-573e26b39b7f,world,2026-05-22 22:35:02.673041+00,,250,Grêmio 1x5 FLM,finished,,"{""ag"": 5, ""hg"": 1, ""round"": 23}"
70d46e5b-53d4-4222-9401-2bda04b71405,d9650388-bc79-4fbc-9812-453c72b75097,world,2026-05-22 22:35:02.884353+00,,189,Real Zaragola 1x2 Manager FC,finished,,"{""ag"": 2, ""hg"": 1, ""round"": 23}"
51ea46c5-db9e-43eb-93e1-df8c3d608f37,abbb0165-4e52-47d3-8692-1575336c3e7c,world,2026-05-22 22:35:03.032395+00,,124,ADM FC 0x0 Corinthians,finished,,"{""ag"": 0, ""hg"": 0, ""round"": 23}"
bb2989a2-b5c3-4fbd-b77b-1a537f67e7d2,8fe98d63-d09b-45cb-bc42-d915e22b011f,world,2026-05-22 22:35:03.274267+00,,221,Bahia 3x2 Cruzeiro,finished,,"{""ag"": 2, ""hg"": 3, ""round"": 23}"
224250f9-9149-4f42-a803-6fff3fd425c1,d3ac5209-f140-45ed-97e4-9759713cf024,world,2026-05-22 22:35:03.494077+00,,198,Internacional 2x2 Fluminense,finished,,"{""ag"": 2, ""hg"": 2, ""round"": 23}"
91924bfd-aeed-439e-9368-19ec9ba676fa,4381d62f-b597-4c10-9c37-87a89bd19dff,world,2026-05-22 22:35:03.733913+00,,218,ABC FC 3x2 MANAGER FC,finished,,"{""ag"": 2, ""hg"": 3, ""round"": 23}"
a34d1299-87a5-4ed6-b5dc-9ee972437429,0a5f3496-daab-467c-b415-e368b439fba3,world,2026-05-22 22:35:03.981287+00,,224,UNC SPORT CLUB 3x2 Santos,finished,,"{""ag"": 2, ""hg"": 3, ""round"": 23}"
6b1421d0-b695-45e1-83ce-9645c7965ce6,8570d27e-040e-4b13-85ec-72e3c38b23a1,world,2026-05-23 22:35:03.972534+00,,1544,FLM 4x4 FLM Team Fc,finished,,"{""ag"": 4, ""hg"": 4, ""round"": 24}"
e7a8345b-7c39-4442-b7eb-24125b446384,f94f9118-eb34-42da-8941-3489315c7517,world,2026-05-23 22:35:04.188786+00,,190,Manager FC 1x1 a,finished,,"{""ag"": 1, ""hg"": 1, ""round"": 24}"
c1a17f82-2b2d-40bc-a640-a818ed59ba00,c427d254-bb20-492f-bab8-9483cdf4fbb8,world,2026-05-23 22:35:04.384684+00,,176,Corinthians 3x0 Grêmio,finished,,"{""ag"": 0, ""hg"": 3, ""round"": 24}"
aa88ab6c-0b3a-4c8c-8643-4b996bacc1f9,228bf96b-6915-4a20-ab6b-92557494a4d5,world,2026-05-23 22:35:04.599257+00,,197,Cruzeiro 1x1 Real Zaragola,finished,,"{""ag"": 1, ""hg"": 1, ""round"": 24}"
59e8baf8-1b5c-479d-b591-a97b225e7142,6079e063-a0c9-4e9c-b99f-ae518f53f1db,world,2026-05-23 22:35:04.81629+00,,199,Fluminense 3x2 ADM FC,finished,,"{""ag"": 2, ""hg"": 3, ""round"": 24}"
8a4f72b2-9289-42e7-b431-1c49bb481ade,06def94e-c8ef-408b-88c0-d191508a4eea,world,2026-05-23 22:35:04.96727+00,,131,MANAGER FC 1x0 Bahia,finished,,"{""ag"": 0, ""hg"": 1, ""round"": 24}"
f4b842d6-aacb-490d-8e06-e2d9a326d4bd,a23c0345-1ecf-4d6d-919a-f0f483ddbf5a,world,2026-05-23 22:35:05.642829+00,,653,Santos 3x4 Internacional,finished,,"{""ag"": 4, ""hg"": 3, ""round"": 24}"
2858a3a9-05ee-4685-a485-5fbb2dfbea6f,8195e931-86d8-40c2-b9a8-eccfc9ac5f24,world,2026-05-23 22:35:05.809842+00,,150,UNC SPORT CLUB 2x0 ABC FC,finished,,"{""ag"": 0, ""hg"": 2, ""round"": 24}"
27090642-c30a-4153-b5e9-df93c0e65fce,9370c959-5060-4c75-bcfb-e468e86c32c4,world,2026-05-24 22:35:03.431998+00,,473,Grêmio 1x3 Fluminense,finished,,"{""ag"": 3, ""hg"": 1, ""round"": 25}"
0e81037d-817d-451f-acf6-1c114a364d29,9819ebe0-f097-4bd5-898f-e174a76be58b,world,2026-05-24 23:54:07.997611+00,,3504,FLM 5x1 Corinthians,finished,,"{""ag"": 1, ""hg"": 5, ""round"": 25}"
af2cb2f8-e53d-4344-8f62-223dc90fd3a7,d92436eb-3617-46cc-a7d6-638ca0f548c6,world,2026-05-24 23:54:08.498183+00,,452,ADM FC 0x1 Santos,finished,,"{""ag"": 1, ""hg"": 0, ""round"": 25}"
132a7bf0-4445-4e79-946f-19cf419e6ff9,f814911e-176b-4442-a4f5-9044d99292d9,world,2026-05-24 23:54:08.789846+00,,254,Bahia 1x1 UNC SPORT CLUB,finished,,"{""ag"": 1, ""hg"": 1, ""round"": 25}"
a993fc78-a4b9-4680-9ed0-c90a0821c4dd,ec985b56-f272-41dc-8036-4462f74f2c35,world,2026-05-24 23:54:09.060934+00,,253,a 4x1 Cruzeiro,finished,,"{""ag"": 1, ""hg"": 4, ""round"": 25}"
c4d73024-5308-401f-abb9-68b70a08db2e,9d93095f-5bc1-4db9-bfa2-b8e96314591e,world,2026-05-24 23:54:09.247018+00,,167,FLM Team Fc 0x1 Manager FC,finished,,"{""ag"": 1, ""hg"": 0, ""round"": 25}"
2e4895be-6f10-4265-acf9-7550ff5280fb,68e0eb39-88bd-496d-8976-c7b67c50daa2,world,2026-05-24 23:54:09.484045+00,,218,Real Zaragola 0x2 MANAGER FC,finished,,"{""ag"": 2, ""hg"": 0, ""round"": 25}"
85389048-1be4-4a6d-b87e-c881badf4ad1,3d7073f1-7e01-46d6-aa16-ac0e41eef3a1,world,2026-05-25 22:35:03.328632+00,,449,Santos 2x1 Grêmio,finished,,"{""ag"": 1, ""hg"": 2, ""round"": 26}"
741b77e4-fb59-4748-814c-6f518b2faad1,d8cf4b76-7a44-471d-bd63-ad2723b5fa67,world,2026-05-25 22:35:03.714093+00,,177,Internacional 3x2 Bahia,finished,,"{""ag"": 2, ""hg"": 3, ""round"": 26}"
f3e8e198-2094-480c-8b2b-34ea200ec3cc,cb0d2858-8a65-4d78-8cf6-81f5f702050b,world,2026-05-26 00:22:01.996168+00,,700,Cruzeiro 3x1 Manager FC,finished,,"{""ag"": 1, ""hg"": 3, ""round"": 26}"
abaa81d7-63be-4c88-8274-094130ebde61,c8d964f6-98fa-44ac-88fe-54b92f356539,world,2026-05-26 00:22:02.319952+00,,276,UNC SPORT CLUB 2x3 Real Zaragola,finished,,"{""ag"": 3, ""hg"": 2, ""round"": 26}"
9904cb07-a628-4102-acf8-11bb00899bb1,1b86c2fb-3013-4fac-848f-cf736dddf0d3,world,2026-05-26 00:22:02.579575+00,,235,Corinthians 1x2 FLM Team Fc,finished,,"{""ag"": 2, ""hg"": 1, ""round"": 26}"
a58c9662-5c87-4def-a4dc-fd6bda1733f3,ea400cea-fb69-4dfe-ba3e-f684231e86be,world,2026-05-26 00:22:02.816531+00,,212,ABC FC 1x1 ADM FC,finished,,"{""ag"": 1, ""hg"": 1, ""round"": 26}"
ecd0b8d5-e916-4e27-8b83-d40fd877cf73,eedcf91b-8f92-4f5e-afca-4d008c983e13,world,2026-05-26 00:22:03.048871+00,,212,MANAGER FC 1x2 a,finished,,"{""ag"": 2, ""hg"": 1, ""round"": 26}"
a76c6b04-5723-473f-8ed0-c805737b5c27,da49d1fe-7abf-481c-baff-599a53057e17,world,2026-05-26 00:22:03.320695+00,,251,Fluminense 2x2 FLM,finished,,"{""ag"": 2, ""hg"": 2, ""round"": 26}"
b6778a4c-eb91-4af5-ab01-8d64aaa89b90,b0bd40e3-a98e-4672-a61d-29a30b828f59,world,2026-05-26 22:35:04.407238+00,,2347,FLM Team Fc 2x1 Cruzeiro,finished,,"{""ag"": 1, ""hg"": 2, ""round"": 27}"
183c47b4-ab9c-463f-b9d9-bebdc50a896c,0fc820e0-5de4-40b4-b5d4-5f67ab7c939f,world,2026-05-26 22:35:04.645006+00,,205,Corinthians 1x1 Time inicial teste,finished,,"{""ag"": 1, ""hg"": 1, ""round"": 27}"
edb7a9c8-76c3-41d0-a900-6a2159b1ac2d,275d713c-3f38-45e8-a353-c0975a24834f,world,2026-05-26 22:35:04.857983+00,,189,Manager FC 1x1 MANAGER FC,finished,,"{""ag"": 1, ""hg"": 1, ""round"": 27}"
23c9565f-5839-4d53-b203-db1abbde432f,9cdbd32e-1287-4e6a-8ed3-8eae6bb6cd90,world,2026-05-26 22:35:05.037564+00,,154,FLM 0x1 Santos,finished,,"{""ag"": 1, ""hg"": 0, ""round"": 27}"
d93d45d2-a82b-47cb-aa38-95212d29df04,ecc274b6-cf16-4914-9a3b-61320d1cec45,world,2026-05-26 22:35:05.333628+00,,275,a 2x2 UNC SPORT CLUB,finished,,"{""ag"": 2, ""hg"": 2, ""round"": 27}"
4b2ca2e1-75df-4734-a3d6-059407ddb918,e4b6619e-0bcf-4dea-af8d-d207c6f0b077,world,2026-05-26 22:35:05.53777+00,,181,Grêmio 1x1 ABC FC,finished,,"{""ag"": 1, ""hg"": 1, ""round"": 27}"
a9ebbdbf-900a-4425-b6b7-5f0f19440b75,8e688767-038a-45b6-81a4-9c9a9de43c34,world,2026-05-26 22:35:05.850075+00,,286,Real Zaragola 5x1 Internacional,finished,,"{""ag"": 1, ""hg"": 5, ""round"": 27}"
bb0164bd-74e7-46e6-ac27-63ae4e6c9184,d817a381-97d8-4a9c-858f-a71027f404e0,world,2026-05-26 22:35:06.033426+00,,162,ADM FC 0x0 Bahia,finished,,"{""ag"": 0, ""hg"": 0, ""round"": 27}"
844a46ae-9bef-40db-915c-c3a88442943c,890ffebd-0bf1-4486-a4df-e4bb36a35ef9,world,2026-05-27 18:20:23.969052+00,,3316,Olympic Bruges BOT 0x1 Ostend FC BOT,finished,,"{""ag"": 1, ""hg"": 0, ""round"": 1}"
b80632ff-da56-4a0e-8237-050469077390,92ac6367-d83f-4cba-9669-574d97916ff3,world,2026-05-27 18:43:40.511363+00,,43331,Olympic Den Haag BOT 4x2 Wanderers Apeldoorn BOT,finished,,"{""ag"": 2, ""hg"": 4, ""round"": 27}"
6092ecb5-b139-47b2-bacc-064b2c646317,92ac6367-d83f-4cba-9669-574d97916ff3,world,2026-05-27 18:43:40.761201+00,,44156,Olympic Den Haag BOT 1x1 Wanderers Apeldoorn BOT,finished,,"{""ag"": 1, ""hg"": 1, ""round"": 27}"
f16ec8bf-ca40-4abb-be8a-215c049ec490,982fdbe1-9ed9-4804-a5a5-f8ecf468d04c,world,2026-05-27 18:43:41.033634+00,,10225,FC Arnhem BOT 4x3 AC Dordrecht BOT,finished,,"{""ag"": 3, ""hg"": 4, ""round"": 27}"
970bde73-fa4a-4314-8cda-3159909e744d,92ac6367-d83f-4cba-9669-574d97916ff3,world,2026-05-27 18:43:41.403757+00,,23694,Olympic Den Haag BOT 3x2 Wanderers Apeldoorn BOT,finished,,"{""ag"": 2, ""hg"": 3, ""round"": 27}"
cddb9b4f-29b5-4ba1-a27a-8c91960e4f57,f185a6b0-4ae4-400e-aca1-eb0ba35c4dad,world,2026-05-27 18:43:42.671705+00,,991,Haarlem CF BOT 0x1 Amsterdam CF BOT,finished,,"{""ag"": 1, ""hg"": 0, ""round"": 27}"
4e7deb64-de88-4e83-869c-9c1491d99db8,f185a6b0-4ae4-400e-aca1-eb0ba35c4dad,world,2026-05-27 18:43:42.687959+00,,1620,Haarlem CF BOT 1x1 Amsterdam CF BOT,finished,,"{""ag"": 1, ""hg"": 1, ""round"": 27}"
b7b88b83-19e5-4d93-a045-23e32050fb51,f185a6b0-4ae4-400e-aca1-eb0ba35c4dad,world,2026-05-27 18:43:44.089925+00,,2491,Haarlem CF BOT 1x1 Amsterdam CF BOT,finished,,"{""ag"": 1, ""hg"": 1, ""round"": 27}"
2e9cd2d3-4b03-4fd0-b7f5-f1bb5207c6fb,9c943d0c-45e9-4da7-87cf-be712aa94577,world,2026-05-27 18:43:44.951257+00,,2071,SC Leiden BOT 0x1 United Almere BOT,finished,,"{""ag"": 1, ""hg"": 0, ""round"": 27}"
c5097cd1-b329-47d4-99b2-076576136cd0,b959607e-7024-42f7-87b1-4b57723a91d0,world,2026-05-27 18:43:45.688705+00,,242,Atlético Rotterdam BOT 2x3 Groningen Athletic BOT,finished,,"{""ag"": 3, ""hg"": 2, ""round"": 27}"
99c58962-e4bd-4b22-90c5-9ef367a44065,adbd5b07-6d8e-40d6-86c7-4a16c0b0980d,world,2026-05-27 18:43:54.576999+00,,7244,Erzurum Athletic BOT 3x0 Şanlıurfa FC BOT,finished,,"{""ag"": 0, ""hg"": 3, ""round"": 27}"
858a957d-9305-4689-8ece-034158a0d186,cf281b08-0cc1-4c9b-88fa-2985ab4d177e,world,2026-05-27 18:44:56.837227+00,,55683,Wanderers Diyarbakır BOT 5x2 City Mersin BOT,finished,,"{""ag"": 2, ""hg"": 5, ""round"": 27}"
5b629951-88e1-4908-a872-6cd4d04ad70d,08a33477-99e8-4431-85d0-47ae07759eaf,world,2026-05-27 18:45:25.710662+00,,52367,Istanbul CF BOT 3x0 İzmir FC BOT,finished,,"{""ag"": 0, ""hg"": 3, ""round"": 27}"
10af1990-1fe4-4b12-9e3b-7fc091fad614,08a33477-99e8-4431-85d0-47ae07759eaf,world,2026-05-27 18:45:26.576247+00,,28655,Istanbul CF BOT 2x1 İzmir FC BOT,finished,,"{""ag"": 1, ""hg"": 2, ""round"": 27}"
16a877e9-f5ab-471f-909c-e861cbd80056,f185a6b0-4ae4-400e-aca1-eb0ba35c4dad,world,2026-05-27 18:43:44.240857+00,,2176,Haarlem CF BOT 5x0 Amsterdam CF BOT,finished,,"{""ag"": 0, ""hg"": 5, ""round"": 27}"
5f0cb7ef-ebe1-443b-add9-ba6e96367b5f,9c943d0c-45e9-4da7-87cf-be712aa94577,world,2026-05-27 18:43:44.348716+00,,1466,SC Leiden BOT 2x2 United Almere BOT,finished,,"{""ag"": 2, ""hg"": 2, ""round"": 27}"
6cd2df1c-7bb3-4822-888c-287d2d6b27eb,00ba7c52-2761-4dfe-8c33-9cef0e9f1c2f,world,2026-05-27 18:43:46.495152+00,,632,United Antalya BOT 2x1 Kayseri FC BOT,finished,,"{""ag"": 1, ""hg"": 2, ""round"": 27}"
c71a7a5a-c133-40f2-971c-ee67f9b7869d,1e8516a6-473f-4455-aa2d-ace226d74832,world,2026-05-27 18:43:56.763075+00,,4594,Konya CF BOT 4x3 CD Ankara BOT,finished,,"{""ag"": 3, ""hg"": 4, ""round"": 27}"
978b159f-c4f1-4436-a196-60007a921787,c86a4f57-67fc-45ea-84f4-8553ba1d3866,world,2026-05-27 18:43:45.126611+00,,753,CD Rotterdam BOT 1x2 Zwolle FC BOT,finished,,"{""ag"": 2, ""hg"": 1, ""round"": 27}"
bf6e84f6-fb4a-4258-8ccf-1c0f317c774b,0af7abea-19d3-44be-a689-96ca55778e8d,world,2026-05-27 18:43:45.307997+00,,212,City Nijmegen BOT 0x1 Breda FC BOT,finished,,"{""ag"": 1, ""hg"": 0, ""round"": 27}"
918ba77f-4867-4121-9d31-9e9e011e9386,c37aa266-f3f8-4f86-b00f-91ca53da6ea7,world,2026-05-27 18:43:45.410035+00,,149,Maastricht Athletic BOT 2x1 Tilburg CF BOT,finished,,"{""ag"": 1, ""hg"": 2, ""round"": 27}"
9d6efdb5-ce6a-4da8-bfcc-0d12f735b1e6,b959607e-7024-42f7-87b1-4b57723a91d0,world,2026-05-27 18:43:45.719955+00,,340,Atlético Rotterdam BOT 3x0 Groningen Athletic BOT,finished,,"{""ag"": 0, ""hg"": 3, ""round"": 27}"
2ea70a26-145a-4889-b674-1e6baee9c85e,c86a4f57-67fc-45ea-84f4-8553ba1d3866,world,2026-05-27 18:43:45.922532+00,,1242,CD Rotterdam BOT 2x1 Zwolle FC BOT,finished,,"{""ag"": 1, ""hg"": 2, ""round"": 27}"
704ab715-fdc2-4608-93bf-1cf4e378c5df,1e8516a6-473f-4455-aa2d-ace226d74832,world,2026-05-27 18:43:58.841924+00,,3826,Konya CF BOT 1x3 CD Ankara BOT,finished,,"{""ag"": 3, ""hg"": 1, ""round"": 27}"
1b3b91c6-1604-47e3-b6e9-1cd867a0c69a,5decca63-ffa2-4cd0-943d-1431db8d8529,world,2026-05-27 18:43:59.3455+00,,2268,Istanbul CF BOT 3x1 Adana Athletic BOT,finished,,"{""ag"": 1, ""hg"": 3, ""round"": 27}"
df9be21c-7384-4815-9a93-42c328495d68,cf281b08-0cc1-4c9b-88fa-2985ab4d177e,world,2026-05-27 18:44:57.661453+00,,58345,Wanderers Diyarbakır BOT 2x5 City Mersin BOT,finished,,"{""ag"": 5, ""hg"": 2, ""round"": 27}"
e590bd27-d754-41f5-bdef-486694586cab,cf281b08-0cc1-4c9b-88fa-2985ab4d177e,world,2026-05-27 18:44:57.322744+00,,57372,Wanderers Diyarbakır BOT 0x5 City Mersin BOT,finished,,"{""ag"": 5, ""hg"": 0, ""round"": 27}"
298e7d1c-adf1-446f-9d31-d8be4083e3d7,cf281b08-0cc1-4c9b-88fa-2985ab4d177e,world,2026-05-27 18:44:59.223937+00,,59875,Wanderers Diyarbakır BOT 1x2 City Mersin BOT,finished,,"{""ag"": 2, ""hg"": 1, ""round"": 27}"
144aaa0f-5dbb-4ac8-840e-56f89d5646df,cf281b08-0cc1-4c9b-88fa-2985ab4d177e,world,2026-05-27 18:45:45.406466+00,,84719,Wanderers Diyarbakır BOT 2x1 City Mersin BOT,finished,,"{""ag"": 1, ""hg"": 2, ""round"": 27}"
992020ff-4f3e-4d37-a4c8-a73a425c4f4f,53d5b8ab-107b-413a-bfc3-6f813d79ca14,world,2026-05-27 19:58:51.221918+00,,17340,Eskişehir Athletic BOT 0x1 SC Malatya BOT,finished,,"{""ag"": 1, ""hg"": 0, ""round"": 27}"
cf0a3483-9ac9-4ce0-b2a2-67b9767972ef,4f60cc77-08a1-46ae-8737-5adcaade6c18,world,2026-05-27 20:56:45.859029+00,,56446,CD Rio BOT 2x1 United Curitiba BOT,finished,,"{""ag"": 1, ""hg"": 2, ""round"": 27}"
1a82e73a-73be-43b4-9e53-4a4544cba643,530124c0-1a0f-4084-949d-e59be7cc14f6,world,2026-05-27 21:05:48.844754+00,,14946,SC Cuiabá BOT 4x5 São Paulo CF BOT,finished,,"{""ag"": 5, ""hg"": 4, ""round"": 27}"
0f8e4bb5-1984-48f0-8cf6-568792741013,4b490399-1d28-4c42-9e7d-543c801f5ca3,world,2026-05-27 21:06:41.468522+00,,1011,Natal CF BOT 4x1 Florianópolis FC BOT,finished,,"{""ag"": 1, ""hg"": 4, ""round"": 27}"
b74bf6fc-debc-428f-ae6f-aead28277fdf,cd9eea2a-e791-4355-9079-c62e3761f1d8,world,2026-05-27 21:06:42.0202+00,,432,FC Vitória BOT 1x1 São Paulo CF BOT,finished,,"{""ag"": 1, ""hg"": 1, ""round"": 27}"
6fd93180-a779-409e-9d17-3a36afc97483,a909f492-e498-4462-adca-c7661ac91e79,world,2026-05-27 21:06:42.447942+00,,305,Salvador FC BOT 2x1 City Goiânia BOT,finished,,"{""ag"": 1, ""hg"": 2, ""round"": 27}"
52279efe-9d2e-4928-be58-ae031a0ebf44,28d9141f-79a4-450c-a81e-811d9c8bbc61,world,2026-05-27 21:06:42.967765+00,,461,Sporting Brasília BOT 1x1 AC Aracaju BOT,finished,,"{""ag"": 1, ""hg"": 1, ""round"": 27}"
dc583d7a-2bb4-4fbc-b559-b1de27a8f565,a1406ad4-9366-4765-ae4a-7eb17191a52a,world,2026-05-27 21:06:43.519706+00,,447,Atlético Roma BOT 0x2 Bari FC BOT,finished,,"{""ag"": 2, ""hg"": 0, ""round"": 27}"
84e275f8-b0f0-40ea-be70-cd26b8841804,29cc5daa-c0e6-4d1b-b2ae-f8bf21e3b28d,world,2026-05-27 21:06:44.111723+00,,513,Catania Athletic BOT 1x1 City Verona BOT,finished,,"{""ag"": 1, ""hg"": 1, ""round"": 27}"
e3301d77-e3dc-4872-b5f7-7737bb7ae10e,f52e92cc-b661-40bb-a997-ef255114d148,world,2026-05-27 21:06:44.597849+00,,382,Milano CF BOT 3x2 Firenze Athletic BOT,finished,,"{""ag"": 2, ""hg"": 3, ""round"": 27}"
816565e1-2b8f-4581-9949-278370ff84bb,10a0a805-5adb-44ef-9a3f-1a37ea03da66,world,2026-05-27 21:06:45.243975+00,,523,Genova CF BOT 1x1 Pisa Athletic BOT,finished,,"{""ag"": 1, ""hg"": 1, ""round"": 27}"
a9cf477d-ba1b-4330-93f5-d0e69cc81c9e,5a2332dc-df09-4657-bbf6-474be18f9923,world,2026-05-27 21:06:45.703758+00,,336,Napoli FC BOT 1x1 Olympic Bologna BOT,finished,,"{""ag"": 1, ""hg"": 1, ""round"": 27}"
6709ab59-c17e-4557-84ce-f8700fd99a2a,528f6a03-df6d-4843-a2c2-1f548c1bf2e3,world,2026-05-27 21:06:46.055454+00,,314,Milano CF BOT 5x2 SC Brescia BOT,finished,,"{""ag"": 2, ""hg"": 5, ""round"": 27}"
4031250b-e158-4ac8-97df-b983bfd1eed6,782b1630-3868-424d-b611-a6add8313dc9,world,2026-05-27 21:06:46.415858+00,,268,Sporting Torino BOT 2x1 FC Parma BOT,finished,,"{""ag"": 1, ""hg"": 2, ""round"": 27}"
eb934b78-1333-483e-8108-a4603773eaf9,2675cf5f-03c8-4bf8-acf7-c4e119ebd258,world,2026-05-27 21:06:48.223804+00,,1693,Atlético Guadalajara BOT 2x1 Veracruz Athletic BOT,finished,,"{""ag"": 1, ""hg"": 2, ""round"": 27}"
af671d80-819e-4a6c-a0f1-4f3cd814ea40,a4474530-a4b7-4068-9734-6ea7375e01e9,world,2026-05-27 21:06:48.527776+00,,248,León FC BOT 3x2 Acapulco FC BOT,finished,,"{""ag"": 2, ""hg"": 3, ""round"": 27}"
fb5591e5-413b-4b55-9d35-33a6bcd88f86,a2201d90-0b5e-484f-bdf4-52b3cb864761,world,2026-05-27 21:06:48.80776+00,,204,Monterrey FC BOT 3x1 AC Saltillo BOT,finished,,"{""ag"": 1, ""hg"": 3, ""round"": 27}"
3868a3a0-db53-4a04-96b3-479216df5c78,c58a0103-936d-42cb-b090-cd672b2869db,world,2026-05-27 21:06:49.200334+00,,289,FC Mexicali BOT 3x3 México CF BOT,finished,,"{""ag"": 3, ""hg"": 3, ""round"": 27}"
89da921c-c5ad-49e3-a9ad-097553c117b7,213613d0-395e-4ac2-bb66-04109ba340f4,world,2026-05-27 21:06:49.49658+00,,264,México CF BOT 1x0 Olympic Toluca BOT,finished,,"{""ag"": 0, ""hg"": 1, ""round"": 27}"
b43237cd-d87b-4217-8b8e-06f4827a9ef4,c9be8b7e-5d18-4d67-a019-a16f2e090f9f,world,2026-05-27 21:06:49.819854+00,,288,United Pachuca BOT 2x3 Aguascalientes CF BOT,finished,,"{""ag"": 3, ""hg"": 2, ""round"": 27}"
b6e4abcd-37df-4dcf-8584-3bdd064dffea,4b1aa3be-77eb-4e8c-a316-3e2aa26904dd,world,2026-05-27 21:06:50.115739+00,,233,Hermosillo Athletic BOT 2x0 Sporting Puebla BOT,finished,,"{""ag"": 0, ""hg"": 2, ""round"": 27}"
07cc7512-a1fc-4056-b5e6-a4c9c232e7ab,05b373cb-59fd-4c6c-85b5-3f4ace66047f,world,2026-05-27 21:06:50.415798+00,,262,Wanderers Cancún BOT 5x3 Querétaro CF BOT,finished,,"{""ag"": 3, ""hg"": 5, ""round"": 27}"
ad00a5be-4d0c-4ad3-bc02-e05038949968,18efbe42-ae76-49a2-812b-3fb83112722d,world,2026-05-27 21:06:51.915749+00,,1462,Storm Athletic BOT 5x4 Sporting Royal BOT,finished,,"{""ag"": 4, ""hg"": 5, ""round"": 27}"
7474738c-66c5-4f54-b918-2d1d33f85ae9,e1b52c61-ba08-4cd5-8b70-4624aa05080c,world,2026-05-27 21:06:52.219723+00,,252,FC Hawks BOT 1x3 SC Galaxy BOT,finished,,"{""ag"": 3, ""hg"": 1, ""round"": 27}"
d3384260-671f-40c8-8fd5-b870db621e11,4b6354b6-ab3a-4030-b156-bc1622e07f94,world,2026-05-27 21:06:52.645759+00,,361,United CF BOT 2x1 CD City BOT,finished,,"{""ag"": 1, ""hg"": 2, ""round"": 27}"
71743b5c-4c3c-4070-b13c-e0b6d303c691,9b7cff53-c333-44de-a9d0-39bccc04733f,world,2026-05-27 21:06:52.957819+00,,251,Atlético City BOT 3x5 Athletic FC BOT,finished,,"{""ag"": 5, ""hg"": 3, ""round"": 27}"
9247e804-d5c7-42a7-a856-6be89e8a19c6,fa179e0e-390b-4a62-b19a-8cd40ebda6bc,world,2026-05-27 21:06:53.243236+00,,256,Olympic Athletic BOT 0x0 Olympic Wanderers BOT,finished,,"{""ag"": 0, ""hg"": 0, ""round"": 27}"
14dd08a8-8773-42ef-a4e8-ddd391ecf51e,c75d2396-6e7e-4f72-b74c-5ec554fd2098,world,2026-05-27 21:06:53.565219+00,,288,Wanderers Sharks BOT 1x2 Tigers Athletic BOT,finished,,"{""ag"": 2, ""hg"": 1, ""round"": 27}"
08115616-158a-4cce-ad9c-0d19fd27130b,eae5f516-b277-4db7-bc83-8107baf3705c,world,2026-05-27 21:06:53.81981+00,,210,Pioneers CF BOT 4x2 Stars FC BOT,finished,,"{""ag"": 2, ""hg"": 4, ""round"": 27}"
2076f5fa-e443-484f-9a31-a6689761cd6e,53266bb5-d6ed-403e-87e8-d5252f62d434,world,2026-05-27 21:06:55.321998+00,,1079,Arica FC BOT 2x1 Olympic Rancagua BOT,finished,,"{""ag"": 1, ""hg"": 2, ""round"": 27}"
3fb37b94-8a60-43a6-b09f-05a9b6c528a7,fd84bed1-0503-460b-a153-02b49fcffbad,world,2026-05-27 21:06:56.259872+00,,604,La Serena Athletic BOT 3x2 Coquimbo CF BOT,finished,,"{""ag"": 2, ""hg"": 3, ""round"": 27}"
263e14b2-6852-4130-804e-4f63f731dfeb,0ffa3364-8f33-4414-b3a7-deac8f828563,world,2026-05-27 21:06:56.707714+00,,152,SC Punta Arenas BOT 0x3 Valdivia FC BOT,finished,,"{""ag"": 3, ""hg"": 0, ""round"": 27}"
607cfb4a-fda4-4a1d-bb20-6a621b6a6092,fa4ec8db-e4de-4fd4-be06-7a83509ccf8c,world,2026-05-27 21:06:57.210447+00,,200,Santiago CF BOT 4x4 FC Osorno BOT,finished,,"{""ag"": 4, ""hg"": 4, ""round"": 27}"
783d897f-06f5-42b3-b242-850844baf1ec,379f378a-60c6-43d5-8382-6e01964896f7,world,2026-05-27 21:06:58.399765+00,,878,United Phoenix BOT 1x2 Eagles FC BOT,finished,,"{""ag"": 2, ""hg"": 1, ""round"": 27}"
71167f38-2aaf-472f-be92-714a99cc18b4,46bc3c90-b8de-4af7-bba1-8a81b4623c29,world,2026-05-27 21:06:58.955804+00,,237,Stars FC BOT 2x2 AC Thunder BOT,finished,,"{""ag"": 2, ""hg"": 2, ""round"": 27}"
8dc24c2f-9a9b-43c6-a266-57eb62fcef31,52c54efa-37a4-480e-9a9c-ad647811369d,world,2026-05-27 21:06:59.487832+00,,187,Olympic Athletic BOT 3x1 United CF BOT,finished,,"{""ag"": 1, ""hg"": 3, ""round"": 27}"
209dca53-2337-4e3e-afa9-394de525c3e1,428ffba2-7118-4d4c-b24e-8f4aaf50636c,world,2026-05-27 21:06:54.180979+00,,246,City Lions BOT 2x2 United Phoenix BOT,finished,,"{""ag"": 2, ""hg"": 2, ""round"": 27}"
e755f5ae-05fe-4c6e-b2cd-cbe248ab09fd,e88cb4a5-9fb1-41f0-aefa-e60967092f3a,world,2026-05-27 21:06:55.595952+00,,229,AC Copiapó BOT 1x3 Temuco Athletic BOT,finished,,"{""ag"": 3, ""hg"": 1, ""round"": 27}"
6d93a764-f950-4868-b9c9-c74a139f6672,db841005-b4cc-437e-bce5-07b75264a54e,world,2026-05-27 21:06:56.522005+00,,219,Iquique CF BOT 2x1 Atlético Valparaíso BOT,finished,,"{""ag"": 1, ""hg"": 2, ""round"": 27}"
d1ab6646-4c75-46ea-8229-ad76191cf6d9,502cd52d-a85e-47b8-87c4-b2239d3710c6,world,2026-05-27 21:06:56.974763+00,,233,Quilpué Athletic BOT 0x1 United Talca BOT,finished,,"{""ag"": 1, ""hg"": 0, ""round"": 27}"
cf4fdc87-0468-4875-9a25-46105706eb0c,8766aa60-47f1-42a1-9669-938154161e95,world,2026-05-27 21:06:57.486772+00,,233,Wanderers Calama BOT 0x2 Santiago CF BOT,finished,,"{""ag"": 2, ""hg"": 0, ""round"": 27}"
e9f951a7-afcc-4fdc-a7da-048d59808fea,89308364-9672-4502-865c-5411660bfde1,world,2026-05-27 21:06:58.650537+00,,215,United CF BOT 4x4 Wolves CF BOT,finished,,"{""ag"": 4, ""hg"": 4, ""round"": 27}"
d58459dc-8cf3-4da0-a3ee-c3dd05101b36,62866bcd-1aec-4327-a207-f0a2025349e2,world,2026-05-27 21:06:59.246534+00,,241,City Lions BOT 3x0 Tigers Athletic BOT,finished,,"{""ag"": 0, ""hg"": 3, ""round"": 27}"
b4d66667-9b91-43fb-b2fc-4107d3c60299,b360a040-03d9-48f6-abbb-238c4a8f41de,world,2026-05-27 21:07:56.488461+00,,26249,Atlético City BOT 2x1 Storm Athletic BOT,finished,,"{""ag"": 1, ""hg"": 2, ""round"": 27}"
dc3d3b44-b120-4020-b8af-02137f39af51,67c89acc-9895-496b-948f-f6c5444af628,world,2026-05-27 21:08:18.549859+00,,19656,Athletic FC BOT 1x2 Olympic Wanderers BOT,finished,,"{""ag"": 2, ""hg"": 1, ""round"": 27}"
c4a2482d-1db0-41a5-abe6-5fdb54bb3808,6d53829c-b967-4436-ae87-10bba1ab85cc,world,2026-05-27 21:08:34.543838+00,,8908,Pioneers CF BOT 0x0 Sporting Royal BOT,finished,,"{""ag"": 0, ""hg"": 0, ""round"": 27}"
6d7b8394-fe32-423b-a1da-68d4a8593964,1f497870-bc73-4ffc-93be-b3eecf82f99d,world,2026-05-27 21:30:44.106244+00,,26668,Chicago FC BOT 2x4 Wanderers Atlanta BOT,finished,,"{""ag"": 4, ""hg"": 2, ""round"": 27}"
6ca1d958-f23e-4f27-8a34-aa7476b2d7d4,ac0ba53f-8889-45a7-a71c-179c2cf4dde1,world,2026-05-27 21:30:46.009574+00,,29999,CD Los Angeles BOT 3x3 Dallas FC BOT,finished,,"{""ag"": 3, ""hg"": 3, ""round"": 27}"
4c501da9-a62b-4535-accf-48a7a73424b3,89f25680-7ff1-4e3c-80ae-092dcce44de5,world,2026-05-27 21:30:55.155897+00,,10150,San Antonio CF BOT 3x3 AC Nashville BOT,finished,,"{""ag"": 3, ""hg"": 3, ""round"": 27}"
fdbcd2a3-6983-4870-ad7b-b527fd971199,89f25680-7ff1-4e3c-80ae-092dcce44de5,world,2026-05-27 21:30:56.756115+00,,10222,San Antonio CF BOT 3x0 AC Nashville BOT,finished,,"{""ag"": 0, ""hg"": 3, ""round"": 27}"
