id,name,code,owner_id,max_members,status,season,current_round,created_at,season_status,country,auto_created,league_type,season_start,season_end,total_rounds,round_interval_hours,division,tier,tier_level,season_month,season_year,match_time,division_level,prizes_paid
2f1b5505-7ab1-4664-9eea-a0206994d7b7,BR Série D,13C839,320fcbb8-c3eb-43e7-a3eb-0f302b46897f,20,waiting,1,0,2026-05-06 22:16:45.978802+00,registration,BR,t,main,,,30,24,4,nacional,4,,,16:00,1,f
b619b276-f631-491c-8d39-a57f7c1a3dbb,Brasileirão Série D,HC5EFS,e1d67411-7980-4e9a-bc9d-043a9043cb6b,16,waiting,1,16,2026-04-30 23:00:02.918455+00,in_progress,BR,t,main,,,30,24,4,nacional,4,4,2026,14:00,1,f
b7e34f72-ff81-4916-a564-79b4974ab005,Tercera División,UC3T3C,fe76d88e-5232-459c-9fec-e0faf1034c01,16,waiting,1,16,2026-04-30 23:00:03.956924+00,in_progress,UY,t,main,,,30,24,4,nacional,4,4,2026,14:00,1,f
b9c20fb9-cfe6-4835-98ce-e9056e407d06,Qatari Fourth Division,DT4TUY,cc1cc0d7-1c92-4f7a-9217-adf5fa2e983f,16,waiting,1,16,2026-04-30 23:00:20.888782+00,in_progress,QA,t,main,,,30,24,4,nacional,4,4,2026,14:00,1,f
bd1384af-2f4d-4e28-bb37-8875ec8b192e,EG Várzea,WJNSCX,a94e6154-a72b-4d14-9d4c-eff385b10b65,16,waiting,1,16,2026-04-28 23:00:17.899506+00,in_progress,EG,t,main,,,30,24,,varzea,1,4,2026,10:00,1,f
bdcb5e8a-1663-44e7-baae-1bcd9ee20090,Liga Premier,LV981G,56cb08d0-3f9e-49d2-abb1-a06ac09a17bd,16,waiting,1,16,2026-04-30 23:00:13.003883+00,in_progress,MX,t,main,,,30,24,3,nacional,3,4,2026,13:00,1,f
c736bc81-5c63-4e27-a900-334aa51f675c,Egyptian Second Division A,P70DEV,225e96a2-f7b5-4042-b391-0843a71c9737,16,waiting,1,16,2026-04-30 23:00:14.94116+00,in_progress,EG,t,main,,,30,24,2,nacional,2,4,2026,12:00,1,f
c7f453f5-0a45-4633-b967-e0f7fb07027c,PE Várzea,O8UK5Y,dee5f36c-a0c9-4942-b784-c37f317ddac1,16,waiting,1,16,2026-04-28 23:00:06.651897+00,in_progress,PE,t,main,,,30,24,,varzea,1,4,2026,10:00,1,f
c8dcfaa6-a9cc-4a64-b344-5f36383c9132,GH Várzea,99RZJX,ce5554d6-047b-41ad-8048-f508bc75a299,16,waiting,1,16,2026-04-28 23:00:21.337526+00,in_progress,GH,t,main,,,30,24,,varzea,1,4,2026,10:00,1,f
ca6155f3-38e7-4738-b2a1-5f3d35c28584,Tercera División,F2D37A,a12c2f3d-1e9b-45a4-aaaa-c1db7b00e39f,16,waiting,1,16,2026-04-30 23:00:07.090095+00,in_progress,VE,t,main,,,30,24,3,nacional,3,4,2026,13:00,1,f
cca670e6-f332-4be7-8503-e028f70b5ce8,Liga de Ascenso,YKMKEB,cac5f7da-a567-4ab7-a419-6c8d4699b57c,16,waiting,1,16,2026-04-30 23:00:14.105577+00,in_progress,HN,t,main,,,30,24,2,nacional,2,4,2026,12:00,1,f
ccb95e4c-2890-4f28-8c47-abfc9f82e1ee,La Liga,46022A,74125438-d6d6-471b-9669-b06add2421de,16,waiting,1,16,2026-04-25 23:45:50.691628+00,in_progress,ES,t,main,,,30,24,1,nacional,1,4,2026,11:00,1,f
ccd8ed8c-0329-4160-a21a-6d3bbb322f89,Botola Amateur 2,8PJ1SC,11a872c7-5504-4325-b643-fe31a590ac3b,16,waiting,1,16,2026-04-30 23:00:15.540923+00,in_progress,MA,t,main,,,30,24,4,nacional,4,4,2026,14:00,1,f
cddfbf08-059c-44b8-9ebb-d194b196f4c0,Liga 3,P50Q91,9b9562f5-f3c0-4fcb-83f7-e24fe55bbf6c,16,waiting,1,16,2026-04-30 23:00:10.325828+00,in_progress,PT,t,main,,,30,24,3,nacional,3,4,2026,13:00,1,f
ced7102b-0955-4517-98a6-b6496048981f,UAE Third Division,G1A5WY,83f3028f-cd6a-4a9a-818a-a76c3343359d,16,waiting,1,16,2026-04-30 23:00:22.300929+00,in_progress,AE,t,main,,,30,24,4,nacional,4,4,2026,14:00,1,f
d1c8afa6-d93e-4bad-8135-8138d2017029,Primera B Metropolitana,XEEEP9,4f8cdfb4-3b8d-47ff-b6a8-044d4b9a03e4,16,waiting,1,16,2026-04-30 23:00:03.408106+00,in_progress,AR,t,main,,,30,24,3,nacional,3,4,2026,13:00,1,f
d279c0bd-21ec-42c2-a88e-389b7f7a6244,Segunda División,BORFUA,4e19434a-c3db-4544-bf2a-c6a3131177a2,16,waiting,1,16,2026-04-30 23:00:14.199851+00,in_progress,HN,t,main,,,30,24,3,nacional,3,4,2026,13:00,1,f
d4fca163-5dc9-461d-a5eb-a2af84f1134f,HN Várzea,Y02ZC4,9939fe34-f567-4a20-8510-a40d207a2738,16,waiting,1,16,2026-04-28 23:00:16.75561+00,in_progress,HN,t,main,,,30,24,,varzea,1,4,2026,10:00,1,f
d7354467-e94c-497a-9b32-1667a876a81e,National 2,WCYFSV,2e740ce8-a9df-4e24-b6b8-346656837be7,16,waiting,1,16,2026-04-30 23:00:09.927852+00,in_progress,FR,t,main,,,30,24,4,nacional,4,4,2026,14:00,1,f
d7ab13d6-d642-4869-bd31-b1e04e99a8f2,Serie C,AU9VQO,03518736-f960-411b-899f-6614d4c3168c,16,waiting,1,16,2026-04-30 23:00:09.419877+00,in_progress,IT,t,main,,,30,24,3,nacional,3,4,2026,13:00,1,f
d9553e3d-e6bb-4f37-abfb-b645b29eb646,Premier Soccer League,P97IMG,c09aa43d-17a5-410d-9375-602573c2fefb,16,waiting,1,16,2026-04-30 23:00:17.056186+00,in_progress,ZA,t,main,,,30,24,1,nacional,1,4,2026,11:00,1,f
e3665178-33c7-43f7-bf1f-58fb653f0ba2,Ghana Premier League,PYJUFH,9869c9cf-349e-4edf-8392-7fb381504797,16,waiting,1,16,2026-04-30 23:00:17.531885+00,in_progress,GH,t,main,,,30,24,1,nacional,1,4,2026,11:00,1,f
e725e3f5-266c-4a65-9089-a209007d81cf,PA Várzea,M48YCL,666f6c73-c962-49d4-8375-959943edf190,16,waiting,1,16,2026-04-28 23:00:17.333585+00,in_progress,PA,t,main,,,30,24,,varzea,1,4,2026,10:00,1,f
e7d75f89-a1ef-43e1-bf30-544d92746b95,VE Várzea,BAHZ5O,5a1876ce-cb66-466f-8ab6-8e659da50eff,16,waiting,1,16,2026-04-28 23:00:08.33438+00,in_progress,VE,t,main,,,30,24,,varzea,1,4,2026,10:00,1,f
e8a7ff74-e70c-4df8-a64f-68b1ed6edb1b,Liga Distritales,P9KFUF,28a7f06b-44ad-40e1-a4eb-50466b3c2d56,16,waiting,1,16,2026-04-30 23:00:14.621718+00,in_progress,PA,t,main,,,30,24,3,nacional,3,4,2026,13:00,1,f
e908f84e-038c-479b-851c-28d855987b24,Segunda División,VUSIXR,4519fb62-8d62-4b11-b5a0-b9d429940492,16,waiting,1,16,2026-04-30 23:00:13.77222+00,in_progress,CR,t,main,,,30,24,3,nacional,3,4,2026,13:00,1,f
ed9c27a0-da4b-478e-96fe-f3d497b8f0d7,PY Várzea,O66CJ4,73adab01-6bcf-43a1-9d84-416355c82d2c,16,waiting,1,16,2026-04-28 23:00:04.943047+00,in_progress,PY,t,main,,,30,24,,varzea,1,4,2026,10:00,1,f
f149bfac-0c0b-4a1d-959b-b39cb02b3a53,Primera C,J4PBQP,0b963ded-bd4a-4a9b-b131-04dd27bc39cc,16,waiting,1,16,2026-04-30 23:00:03.493895+00,in_progress,AR,t,main,,,30,24,4,nacional,4,4,2026,14:00,1,f
f2435b66-6686-4477-824d-72ef33992bb4,Brasileirão Série B,FCJ9OZ,03536846-24a1-4f11-a11e-540d0d3d88f0,16,waiting,1,16,2026-04-30 23:00:02.687047+00,in_progress,BR,t,main,,,30,24,2,nacional,2,4,2026,12:00,1,f
f2f67cc3-9c88-4e3f-b84d-2bcfd89fb25d,Provincial,2NM6Z8,b75432b8-4006-4e7a-92c0-ee378a573f78,16,waiting,1,16,2026-04-30 23:00:06.248264+00,in_progress,EC,t,main,,,30,24,4,nacional,4,4,2026,14:00,1,f
f619c600-747f-49e1-939c-00ba06d05019,Qatari Second Division,UTQGXZ,a0d87265-79af-4fe8-ad17-9752e51847db,16,waiting,1,16,2026-04-30 23:00:20.371616+00,in_progress,QA,t,main,,,30,24,2,nacional,2,4,2026,12:00,1,f
f95a8cf9-5061-4ca5-a16d-b3cb450aa604,MA Várzea,F6TIIP,37b83cd2-70ec-4d0c-b535-0dac5b909112,16,waiting,1,16,2026-04-28 23:00:18.433707+00,in_progress,MA,t,main,,,30,24,,varzea,1,4,2026,10:00,1,f
fa687bc9-dbf0-4831-bb48-7dc5c941e11f,League1 Canada,1TSXLA,b4cacfdf-8f8d-4fa3-9ef0-d8d208fd8751,16,waiting,1,16,2026-04-30 23:00:13.314967+00,in_progress,CA,t,main,,,30,24,2,nacional,2,4,2026,12:00,1,f
fadd72c9-8c42-4a14-8a36-7526799fe528,UY Várzea,ZJ818M,508d371b-2a30-4a86-8f5f-2c765205709d,16,waiting,1,16,2026-04-28 23:00:04.345084+00,in_progress,UY,t,main,,,30,24,,varzea,1,4,2026,10:00,1,f
17dc87f4-d6f8-4f97-a815-59e468a0257d,UAE Pro League,YU1EDP,47c9362c-f61b-49b3-a730-4589867e3870,16,waiting,1,16,2026-04-30 23:00:22.030826+00,in_progress,AE,t,main,,,30,24,1,nacional,1,4,2026,11:00,1,f
1976a1fd-497f-45ee-95aa-fbba6ecd5930,National 1,169ZMK,4ce257c5-e179-4168-9aee-a1930b5f694d,16,waiting,1,16,2026-04-30 23:00:16.804171+00,in_progress,SN,t,main,,,30,24,3,nacional,3,4,2026,13:00,1,f
3713e713-3332-4b60-a5d7-cfe90beff8f3,K League 1,GP4MFK,9154e8f4-75e3-47b8-9855-4c4197f0c96b,16,waiting,1,16,2026-04-30 23:00:18.847452+00,in_progress,KR,t,main,,,30,24,1,nacional,1,4,2026,11:00,1,f
4206d9ef-4d4a-4e9c-9fc3-1cd9c658441b,Tercera División A,9BTXCL,5a1338f7-b40b-4e47-af20-6cf470742e21,16,waiting,1,16,2026-04-30 23:00:04.824413+00,in_progress,CL,t,main,,,30,24,4,nacional,4,4,2026,14:00,1,f
49e41206-5d8e-496b-96e5-27f00d8d29a7,División de Honor,42W92P,fe50456a-d546-4916-8915-268c7c0a2d62,16,waiting,1,16,2026-04-30 23:00:04.146382+00,in_progress,PY,t,main,,,30,24,1,nacional,1,4,2026,11:00,1,f
4c89b2d9-c12e-4078-a42a-6ef328f0ee96,Tweede Divisie,CN3TG8,144d5ca5-ccd7-449c-afbb-c7e38cf5e4a1,16,waiting,1,16,2026-04-30 23:00:10.732143+00,in_progress,NL,t,main,,,30,24,3,nacional,3,4,2026,13:00,1,f
68e33c24-61ac-421b-804d-74b0bc1660c0,Chinese Super League,6NYKAC,70f099b2-8ac8-4b60-b1fd-7939fb3b0dc3,16,waiting,1,16,2026-04-30 23:00:19.323138+00,in_progress,CN,t,main,,,30,24,1,nacional,1,4,2026,11:00,1,f
841374b2-0b35-48ef-9002-00e5e7a660ff,Botola Pro 1,9NYHAW,a3a8f1d6-5383-4250-b433-6d00a2c347b8,16,waiting,1,16,2026-04-30 23:00:15.269916+00,in_progress,MA,t,main,,,30,24,1,nacional,1,4,2026,11:00,1,f
87d69b92-584e-49f4-b296-202056eec9b4,PLSQ,JTHLB2,86cfad69-65a5-4211-a4fa-c09c826d2d52,16,waiting,1,16,2026-04-30 23:00:13.376371+00,in_progress,CA,t,main,,,30,24,3,nacional,3,4,2026,13:00,1,f
a0a69bbe-c258-4d39-907e-586bc7273994,Eredivisie,JB30JO,c48b2b9f-0dd9-49f8-a1a3-c098d73089f1,16,waiting,1,16,2026-04-30 23:00:10.571404+00,in_progress,NL,t,main,,,30,24,1,nacional,1,4,2026,11:00,1,f
c6c3be97-b971-4091-a051-1cd6a5cec7b4,Canadian Premier League,TUS8P3,3f2fdb2f-2c45-4bee-a44c-6791b896017b,16,waiting,1,16,2026-04-30 23:00:13.242375+00,in_progress,CA,t,main,,,30,24,1,nacional,1,4,2026,11:00,1,f
e2fc4664-2570-4806-82b4-25c4c25c117f,J2 League,TQ8KB8,9ad48314-fdfb-4ec7-a3eb-502ae1564a1f,16,waiting,1,16,2026-04-30 23:00:18.51546+00,in_progress,JP,t,main,,,30,24,2,nacional,2,4,2026,12:00,1,f
e3d6528e-ce9f-41b4-b916-d76d873906a1,Liga TDP,NAH1KB,b2f9d8f9-5c27-449d-8b21-c481a77874f5,16,waiting,1,16,2026-04-30 23:00:13.073893+00,in_progress,MX,t,main,,,30,24,4,nacional,4,4,2026,14:00,1,f
ff74f73f-8bb8-4bbf-8938-73bc62bd50f4,Botola Amateur 1,CTI9WD,011c18c2-82a5-4066-a85f-dfac5be72326,16,waiting,1,16,2026-04-30 23:00:15.469854+00,in_progress,MA,t,main,,,30,24,3,nacional,3,4,2026,13:00,1,f
12fd54e8-347a-413b-bc5b-b219c4c43a58,LigaPro Serie A,OQME9W,15e5b8e6-7ddc-431f-97c0-e4b684a8693a,16,waiting,1,16,2026-04-30 23:00:05.979948+00,in_progress,EC,t,main,,,30,24,1,nacional,1,4,2026,11:00,1,f
2bbfd1a2-a637-4c87-9ad7-851ad79b215a,Primera B,VRUY2H,6c503b4b-0821-46d2-b7e0-127b05a45c41,16,waiting,1,16,2026-04-30 23:00:06.628401+00,in_progress,BO,t,main,,,30,24,3,nacional,3,4,2026,13:00,1,f
2ff5f6b8-f378-49be-864f-bd4b231640f1,Torneo BetPlay,ENAUKX,bc7de037-8df9-4f64-8f2c-204d910a3ca8,16,waiting,1,16,2026-04-30 23:00:05.091409+00,in_progress,CO,t,main,,,30,24,2,nacional,2,4,2026,12:00,1,f
9202e86c-8eb3-442d-b889-923f76b781be,3. Liga,AI2O7L,7ae194e6-9822-49bb-9f07-6c6585962a92,16,waiting,1,16,2026-04-30 23:00:08.36831+00,in_progress,DE,t,main,,,30,24,3,nacional,3,4,2026,13:00,1,f
9f8b7727-77ef-42a5-bfde-8b2841d85eb8,Ligue 3,T9OBY3,d0dd0ca0-d5ce-4734-b5cb-a11970ad9fd9,16,waiting,1,16,2026-04-30 23:00:15.874514+00,in_progress,TN,t,main,,,30,24,3,nacional,3,4,2026,13:00,1,f
a93e449b-b0e6-4774-8515-9448fae47f4e,UAE Second Division,X8PMTQ,37d6360f-de22-4af9-83ff-ffdf82519530,16,waiting,1,16,2026-04-30 23:00:22.212354+00,in_progress,AE,t,main,,,30,24,3,nacional,3,4,2026,13:00,1,f
adff1a74-22f5-4ce3-8d6c-539e07c47bbc,Bundesliga,D6R984,c19487f9-5d66-4353-ba98-7a2b7ca0f76b,16,waiting,1,16,2026-04-30 23:00:08.18615+00,in_progress,DE,t,main,,,30,24,1,nacional,1,4,2026,11:00,1,f
bff27342-f370-4f09-919e-e6101eefdf7c,League 2,ES8QGG,4c38dfc3-f7ea-4438-8470-e78dac9dfbb2,16,waiting,1,16,2026-04-30 23:00:21.33286+00,in_progress,IR,t,main,,,30,24,3,nacional,3,4,2026,13:00,1,f
f8647aa6-f8ff-4f58-b55f-943c98812254,Persian Gulf Pro League,B48G8W,e6bb0aa6-72cc-489c-a79c-39263ddef892,16,waiting,1,16,2026-04-30 23:00:21.141408+00,in_progress,IR,t,main,,,30,24,1,nacional,1,4,2026,11:00,1,f
1a7f6c73-14a7-43ab-bc09-a1ce4b4f7ba0,2. Bundesliga,7EC18T,31c75032-3dce-4515-865b-88f7f7a9387a,16,waiting,1,16,2026-04-30 23:00:08.268959+00,in_progress,DE,t,main,,,30,24,2,nacional,2,4,2026,12:00,1,f
25ddaff6-7116-48df-83e1-6cc2fbda8ceb,Primera División B,KBPTZ7,d5223943-0789-4107-94f9-67fab2260634,16,waiting,1,16,2026-04-30 23:00:04.30952+00,in_progress,PY,t,main,,,30,24,3,nacional,3,4,2026,13:00,1,f
55dc8197-afbc-40bf-a33c-96a06f361c8b,Liga Portugal 2,LKIHS1,8122d147-40c2-471b-a024-26aa7ff53090,16,waiting,1,16,2026-04-30 23:00:10.241292+00,in_progress,PT,t,main,,,30,24,2,nacional,2,4,2026,12:00,1,f
58425df8-865c-4146-9e41-c6bad82cb5a9,Ligue 2,SU7G0W,826a4ddf-a9db-42db-8683-b00f6996e6f3,16,waiting,1,16,2026-04-30 23:00:09.761305+00,in_progress,FR,t,main,,,30,24,2,nacional,2,4,2026,12:00,1,f
7139416f-ee31-42df-ba9b-7326358d1dd1,Liga de Ascenso,6487T8,f1083ebe-64b8-41f8-afce-76f702a9c94b,16,waiting,1,16,2026-04-30 23:00:13.697778+00,in_progress,CR,t,main,,,30,24,2,nacional,2,4,2026,12:00,1,f
72ae696b-f455-48b9-b2df-e8ff6c4ca8d0,Saudi Pro League,25DW3S,4d19b92d-89ad-4318-a0d3-c48a700c685b,16,waiting,1,16,2026-04-30 23:00:19.768242+00,in_progress,SA,t,main,,,30,24,1,nacional,1,4,2026,11:00,1,f
805d704e-601a-4738-96dc-12c7a83ec9bb,A-League Men,C9EKZW,4b61bffc-a9e5-469d-81a4-3d0094730d88,16,waiting,1,16,2026-04-30 23:00:21.61421+00,in_progress,AU,t,main,,,30,24,1,nacional,1,4,2026,11:00,1,f
a0ea6e4f-9a45-490d-8cb6-f1515ffce41a,3. Lig,WTGZF9,9b9e4660-49fd-4099-b869-33f7d5463eae,16,waiting,1,16,2026-04-30 23:00:11.804508+00,in_progress,TR,t,main,,,30,24,4,nacional,4,4,2026,14:00,1,f
ad03d6d7-8062-4bf7-b67e-cef3ed0290f1,CO Várzea,7NR6RW,6e9c6322-e44b-4709-9b87-4eb627a26d52,16,waiting,1,16,2026-04-28 23:00:06.09983+00,in_progress,CO,t,main,,,30,24,,varzea,1,4,2026,10:00,1,f
bddf5fdc-b7d2-46c7-b96f-7a0dfe06be00,China League One,ND8ECJ,f93d7560-31d8-413a-ae0f-93cfa879619f,16,waiting,1,16,2026-04-30 23:00:19.396368+00,in_progress,CN,t,main,,,30,24,2,nacional,2,4,2026,12:00,1,f
c0ac4ae3-0d2d-4673-a8f2-22eb1ff18cd9,Primera B,KIJDJF,d12026f0-a299-4d2f-8f52-85e73f03c07b,16,waiting,1,16,2026-04-30 23:00:04.658807+00,in_progress,CL,t,main,,,30,24,2,nacional,2,4,2026,12:00,1,f
cada9739-1297-4c37-b278-cc30bc615d78,Ligue 2,VB3HN4,0e4a5b51-3322-428d-8825-75fa05c6c1b2,16,waiting,1,16,2026-04-30 23:00:15.803577+00,in_progress,TN,t,main,,,30,24,2,nacional,2,4,2026,12:00,1,f
f7b97f74-9e73-48d0-8dbc-ba42304821f3,J1 League,UTF2ZR,ba47da4b-53e1-470c-9408-b78f480508ff,16,waiting,1,16,2026-04-30 23:00:18.413331+00,in_progress,JP,t,main,,,30,24,1,nacional,1,4,2026,11:00,1,f
f9fdc874-78ee-4e2b-b713-5a234e771b6c,Liga Mayor,LQKLWJ,5a475880-f672-4d8f-ad73-501bcabc7876,16,waiting,1,16,2026-04-30 23:00:14.28116+00,in_progress,HN,t,main,,,30,24,4,nacional,4,4,2026,14:00,1,f
05558aa1-2e2b-4647-b965-c239f8e571c1,Segunda C Colombia,EOFOR0,215dd1f3-de26-4245-b334-c28be55f5318,16,waiting,1,16,2026-04-30 23:00:05.264164+00,in_progress,CO,t,main,,,30,24,4,nacional,4,4,2026,14:00,1,f
0b55b454-3a5f-4798-be50-d7d20d09a365,Premier League,FKGYOJ,b9371970-4117-4329-b102-1b251da6d05c,16,waiting,1,16,2026-04-30 23:00:07.344255+00,in_progress,EN,t,main,,,30,24,1,nacional,1,4,2026,11:00,1,f
169e0d34-6672-4067-8ec7-7fbff4c476b3,Liga Distrital,UK5LJO,0bdbada3-9172-41a2-8f88-ff6d423c86fe,16,waiting,1,16,2026-04-30 23:00:05.760271+00,in_progress,PE,t,main,,,30,24,4,nacional,4,4,2026,14:00,1,f
29779061-b179-4707-b99c-c3c06d4ac773,Primera Federación,5AWD0D,5c877750-bf4c-4222-8a0f-6131d2aaa212,16,waiting,1,16,2026-04-30 23:00:07.937944+00,in_progress,ES,t,main,,,30,24,3,nacional,3,4,2026,13:00,1,f
40a86c7c-3c9e-4288-84e5-c134a504b7ca,Ligue 2,LON9A6,cfcd9ae5-1dfa-46ed-8e42-48748bec3fdd,16,waiting,1,16,2026-04-30 23:00:16.694603+00,in_progress,SN,t,main,,,30,24,2,nacional,2,4,2026,12:00,1,f
50b83b79-ed8b-4556-8960-88e95a31d084,Liga de Expansión MX,J1WNG6,01305332-a8f8-4526-a605-12508c046dfd,16,waiting,1,16,2026-04-30 23:00:12.921361+00,in_progress,MX,t,main,,,30,24,2,nacional,2,4,2026,12:00,1,f
0452611e-dfde-4fb8-81f2-4896dac43222,SN Várzea,IUHKQP,a6dbe368-fcc7-4c2f-8aa4-fd8bceca4b21,16,waiting,1,16,2026-04-28 23:00:20.112711+00,in_progress,SN,t,main,,,30,24,,varzea,1,4,2026,10:00,1,f
04cfcb07-7ca4-407c-bef6-0ff5b8537b17,NL Várzea,7HQ8RS,b9216497-2a8c-4f5d-86eb-cea43f188fdb,16,waiting,1,16,2026-04-28 23:00:12.328422+00,in_progress,NL,t,main,,,30,24,,varzea,1,4,2026,10:00,1,f
058e6ae2-3160-44d9-a544-86d32b1c3867,QA Várzea,12OTE2,37e57cea-5fdd-425e-a58b-cecbe5ab97d5,16,waiting,1,16,2026-04-28 23:00:24.73252+00,in_progress,QA,t,main,,,30,24,,varzea,1,4,2026,10:00,1,f
0873471a-e5b7-4175-8762-eaf0deb14469,ABC Motsepe League,AP3XP0,43f4abf7-a372-4c63-a7cb-db66267034f9,16,waiting,1,16,2026-04-30 23:00:17.224032+00,in_progress,ZA,t,main,,,30,24,3,nacional,3,4,2026,13:00,1,f
0b7ae0a4-28d1-421a-931a-49672c3ca84b,ZA Várzea,JALCWM,c6cc9fba-ed3e-4dcc-b745-546eeb7d645c,16,waiting,1,16,2026-04-28 23:00:20.789386+00,in_progress,ZA,t,main,,,30,24,,varzea,1,4,2026,10:00,1,f
0cb4ea7a-0640-4e68-a686-24d0eb79315f,NG Várzea,XRBV39,42244e51-1a17-4a3a-9fd1-2eb93feb935e,16,waiting,1,16,2026-04-28 23:00:19.545799+00,in_progress,NG,t,main,,,30,24,,varzea,1,4,2026,10:00,1,f
0ed9145c-7bc0-4bd5-bfbd-f998b59c1fb1,Ligue 1,IJWTPZ,38e8345b-1576-4c0a-9db0-c7e12e59daef,16,waiting,1,16,2026-04-30 23:00:09.696211+00,in_progress,FR,t,main,,,30,24,1,nacional,1,4,2026,11:00,1,f
1200a446-4c3a-4c61-9c09-71a0ff7e4f26,IR Várzea,BW88AV,adf56b1f-d16b-46a5-bc11-291e5e2982fb,16,waiting,1,16,2026-04-28 23:00:25.28117+00,in_progress,IR,t,main,,,30,24,,varzea,1,4,2026,10:00,1,f
148b6e11-44da-4df2-a402-3d5f99f317d2,US Várzea,4CZ9QD,4cc65be1-5ff0-4b53-9350-d0a141cd06ac,16,waiting,1,16,2026-04-28 23:00:14.516089+00,in_progress,US,t,main,,,30,24,,varzea,1,4,2026,10:00,1,f
589871d9-295b-46c1-b882-19719e4d5ea2,Saudi Second Division League,KWBH8I,9dafdc35-8fdd-4e4c-9113-0f82178b8250,16,waiting,1,16,2026-04-30 23:00:19.931225+00,in_progress,SA,t,main,,,30,24,3,nacional,3,4,2026,13:00,1,f
67519bed-51a0-43ff-8bcb-8322de53df1f,Primera A,HQ2WFE,1afad7ce-7992-4f52-88c6-cec2626c0c42,16,waiting,1,16,2026-04-30 23:00:06.540773+00,in_progress,BO,t,main,,,30,24,2,nacional,2,4,2026,12:00,1,f
72b4ba2b-fe88-4d64-a8e1-bad9c33226b6,Primera División,RWOFJ9,d34a313d-ea47-47c6-a475-0dcfa462157f,16,waiting,1,16,2026-04-30 23:00:04.581443+00,in_progress,CL,t,main,,,30,24,1,nacional,1,4,2026,11:00,1,f
73101c66-95cf-476e-808c-6ac2716f2144,Nigeria National League,VIV23H,3d314805-59d1-4225-9378-15a09fc9abc5,16,waiting,1,16,2026-04-30 23:00:16.26591+00,in_progress,NG,t,main,,,30,24,2,nacional,2,4,2026,12:00,1,f
7d8561cc-a2a4-4373-8135-b28665db6e25,Elite Two,9PDI2I,e890b67a-5dee-43cd-8acb-81fb733ceed1,16,waiting,1,16,2026-04-30 23:00:18.067734+00,in_progress,CM,t,main,,,30,24,2,nacional,2,4,2026,12:00,1,f
81c059d5-6639-48ac-915d-15da53978876,Championship,TZS419,77ccc5ca-33db-428f-b3ab-b3916c6cccf4,16,waiting,1,16,2026-04-30 23:00:12.05961+00,in_progress,SC,t,main,,,30,24,2,nacional,2,4,2026,12:00,1,f
aede48f3-f4e5-4b3a-a002-a3b9bf0d4438,LigaPro Serie B,FH9WS1,0fc8d48f-30ee-4093-b100-65b66692687f,16,waiting,1,16,2026-04-30 23:00:06.060072+00,in_progress,EC,t,main,,,30,24,2,nacional,2,4,2026,12:00,1,f
c7e45fcc-69b5-4d29-b545-3d603fa60c13,League 3,YW7EEQ,362c8cf2-fc68-407a-b35b-4f99d990185f,16,waiting,1,16,2026-04-30 23:00:21.410164+00,in_progress,IR,t,main,,,30,24,4,nacional,4,4,2026,14:00,1,f
da482130-4fdb-436b-be6d-8f9801754b9e,Division Three,Y6DLRM,32adafd0-3c2b-4131-b74b-45cabe949400,16,waiting,1,16,2026-04-30 23:00:17.780622+00,in_progress,GH,t,main,,,30,24,4,nacional,4,4,2026,14:00,1,f
09edf5cd-1f09-4ef3-a654-dc121badf000,Qatari Third Division,AIJH3W,ae096acd-20fa-43b3-921d-4107c4ae2e29,16,waiting,1,16,2026-04-30 23:00:20.574873+00,in_progress,QA,t,main,,,30,24,3,nacional,3,4,2026,13:00,1,f
33f9ccfa-75d4-4cae-a8fd-701163482065,Campeonato de Portugal,JHH27U,9ae994fb-d3ae-46dc-bdd0-cd44f100337c,16,waiting,1,16,2026-04-30 23:00:10.39541+00,in_progress,PT,t,main,,,30,24,4,nacional,4,4,2026,14:00,1,f
37f0f7a4-f9b9-4556-8273-454ed5f20129,USL Championship,GY88HK,52c427ee-d559-4825-8a3f-3d4cd159a962,16,waiting,1,16,2026-04-30 23:00:12.487037+00,in_progress,US,t,main,,,30,24,2,nacional,2,4,2026,12:00,1,f
4544bf87-f7f8-41b8-8b68-3d7116fc9bd8,Liga BetPlay,GO68ZZ,a3e3542c-ab56-4ecc-881c-8c2928f286cd,16,waiting,1,16,2026-04-30 23:00:05.015952+00,in_progress,CO,t,main,,,30,24,1,nacional,1,4,2026,11:00,1,f
50b9e3c1-055e-49a0-9a2d-5938c643163a,National Division 1,XZTF7Q,2446323a-b084-48c6-9102-9036b19592a0,16,waiting,1,16,2026-04-30 23:00:11.269007+00,in_progress,BE,t,main,,,30,24,3,nacional,3,4,2026,13:00,1,f
93fceaeb-470c-4f55-b4b3-cd80655a8b2d,EFL League Two,HMD7PS,ac871012-9085-47fd-b007-b6cdf4322059,16,waiting,1,16,2026-04-30 23:00:07.563345+00,in_progress,EN,t,main,,,30,24,4,nacional,4,4,2026,14:00,1,f
9e22bbf1-7fea-465a-88de-101bf0bb3410,Qatar Stars League,5GUJD4,110e9bf4-5c8a-41fc-bf8e-a18b7ff12c00,16,waiting,1,16,2026-04-30 23:00:20.213118+00,in_progress,QA,t,main,,,30,24,1,nacional,1,4,2026,11:00,1,f
466c7e4b-99a5-42d0-9915-ebbfbd7267e7,Süper Lig,52QLNO,988a96fd-fcc6-485a-be24-8c1c58e40caa,16,waiting,1,16,2026-04-30 23:00:11.580285+00,in_progress,TR,t,main,,,30,24,1,nacional,1,4,2026,11:00,1,f
4a97647c-2895-4400-a17c-38a61f2285c9,Liga Provincial,B4WO9B,be81edf7-7815-4ae5-9109-65354fe1621e,16,waiting,1,16,2026-04-30 23:00:14.697199+00,in_progress,PA,t,main,,,30,24,4,nacional,4,4,2026,14:00,1,f
64a2f98a-300d-44ff-91b8-4d80ab6e9054,Jupiler Pro League,Y3GMGI,0716b685-cac0-4701-ba33-581294aa8b4c,16,waiting,1,16,2026-04-30 23:00:11.043403+00,in_progress,BE,t,main,,,30,24,1,nacional,1,4,2026,11:00,1,f
728269ef-e3d8-4905-b674-98488af2d22b,2. Lig,GVYAOM,13a3d7a9-f05f-4ea7-b05f-ee8dddeb1392,16,waiting,1,16,2026-04-30 23:00:11.731707+00,in_progress,TR,t,main,,,30,24,3,nacional,3,4,2026,13:00,1,f
75bc63d9-5d27-4497-8fe6-55526fe796d5,Primera División CR,HHTEE6,12711a0b-4a9a-4de4-b141-4333c541de50,16,waiting,1,16,2026-04-30 23:00:13.628676+00,in_progress,CR,t,main,,,30,24,1,nacional,1,4,2026,11:00,1,f
76c6c9c4-71be-4216-bc44-b48d9b97bb32,Championnat National,2B3MPQ,efcb548d-bcb4-409b-b28c-f26e958213e8,16,waiting,1,16,2026-04-30 23:00:09.837276+00,in_progress,FR,t,main,,,30,24,3,nacional,3,4,2026,13:00,1,f
7b0d377c-0cd1-4883-8e59-ee4922c9bb5a,Liga MX,V4D93P,dffe3b8c-1e78-40b0-a15c-7cf2f19cdf2b,16,waiting,1,16,2026-04-30 23:00:12.847444+00,in_progress,MX,t,main,,,30,24,1,nacional,1,4,2026,11:00,1,f
03a66e00-00a4-4e52-9ac4-ca62ebe478a9,Liga 1,ERP5DG,180418a3-f3ee-4cd4-a374-265487186bad,16,waiting,1,16,2026-04-30 23:00:05.481749+00,in_progress,PE,t,main,,,30,24,1,nacional,1,4,2026,11:00,1,f
192742bb-7e72-4f65-91cb-2a8abb37a610,Egyptian Second Division B,EAYET6,f1523248-bef7-41f1-a07e-98d874a92bef,16,waiting,1,16,2026-04-30 23:00:15.013455+00,in_progress,EG,t,main,,,30,24,3,nacional,3,4,2026,13:00,1,f
193f727d-22d6-4faf-9721-c7d040236cef,Egyptian Premier League,TPILA3,232c852b-964e-4bf1-ac59-eb9ac5c541c3,16,waiting,1,16,2026-04-30 23:00:14.872553+00,in_progress,EG,t,main,,,30,24,1,nacional,1,4,2026,11:00,1,f
1a80ddbc-9ed6-4f1d-9e69-6367571aad18,Ligue 4,BXTPAE,bff26c89-3620-4d7e-ac36-0d771a4538d8,16,waiting,1,16,2026-04-30 23:00:15.946629+00,in_progress,TN,t,main,,,30,24,4,nacional,4,4,2026,14:00,1,f
1f42bcc3-fbee-4e20-8b4a-2d0c96f5e59b,TR Várzea,BX34U9,6ed857b8-ae84-44a4-b889-b5ad6f7ee7c8,16,waiting,1,16,2026-04-28 23:00:13.414607+00,in_progress,TR,t,main,,,30,24,,varzea,1,4,2026,10:00,1,f
2432f3ef-2a23-458a-b97b-034681e0ef0e,CL Várzea,WFIKXH,604fe9a5-045c-4db6-82cb-a19a321349f1,16,waiting,1,16,2026-04-28 23:00:05.530714+00,in_progress,CL,t,main,,,30,24,,varzea,1,4,2026,10:00,1,f
2530fcf5-9b6b-41ed-8b43-3a698090651e,Nigeria Amateur League,6N99U9,ca2fe784-cedc-44d1-9ede-a8209e0ebfe3,16,waiting,1,16,2026-04-30 23:00:16.421883+00,in_progress,NG,t,main,,,30,24,4,nacional,4,4,2026,14:00,1,f
2e9f0354-3670-4094-a9b8-3b8e396b7e56,AE Várzea,Z4O7PF,b1b4ffcb-90d2-497d-8cd6-172d5721988e,16,waiting,1,16,2026-04-28 23:00:26.414432+00,in_progress,AE,t,main,,,30,24,,varzea,1,4,2026,10:00,1,f
300e8201-6391-44dc-ba3f-68e9df60db63,Liga 2,5RLFCS,917f072d-aab1-44c8-b1fe-92ec800c7f00,16,waiting,1,16,2026-04-30 23:00:05.586318+00,in_progress,PE,t,main,,,30,24,2,nacional,2,4,2026,12:00,1,f
38a837c4-cc68-4d47-8520-bfdf629ccdf6,División Intermedia,BKG9N4,b40d8050-c825-43ec-95ab-0767202070aa,16,waiting,1,16,2026-04-30 23:00:04.236032+00,in_progress,PY,t,main,,,30,24,2,nacional,2,4,2026,12:00,1,f
390cc26d-d714-4373-9e2c-c73b25711bb6,DE Várzea,JQRFDC,a7bd70b6-8a89-4cac-a0f7-867bf3f4b4be,16,waiting,1,16,2026-04-28 23:00:10.065615+00,in_progress,DE,t,main,,,30,24,,varzea,1,4,2026,10:00,1,f
068c8aef-0cf2-4f57-a71b-19d770c58feb,Eerste Divisie,CVPZPH,923c637c-f993-41d2-8977-7a038425fb43,16,waiting,1,16,2026-04-30 23:00:10.65245+00,in_progress,NL,t,main,,,30,24,2,nacional,2,4,2026,12:00,1,f
3bae64aa-7f59-49fe-bf6c-65f4da6bfe45,TN Várzea,LBPWMB,c26efd09-9311-4c60-80b6-535807dc6aeb,16,waiting,1,16,2026-04-28 23:00:18.987406+00,in_progress,TN,t,main,,,30,24,,varzea,1,4,2026,10:00,1,f
450626bf-1933-4af6-af8d-57b791f3cccc,National 2,2K2G4P,e17436bd-cba0-4428-936c-118f3c527e58,16,waiting,1,16,2026-04-30 23:00:16.880038+00,in_progress,SN,t,main,,,30,24,4,nacional,4,4,2026,14:00,1,f
497bd4a2-4ffe-4974-a481-2ffb088cd9c0,SC Várzea,2EYSQC,ef4b37eb-3285-452a-9d45-7d84926817c9,16,waiting,1,16,2026-04-28 23:00:13.964749+00,in_progress,SC,t,main,,,30,24,,varzea,1,4,2026,10:00,1,f
50e56f23-d6dd-4883-b1db-0a6fa125aa1c,CR Várzea,6B74J1,25d01295-b597-4929-96f3-8902288ae62e,16,waiting,1,16,2026-04-28 23:00:16.220907+00,in_progress,CR,t,main,,,30,24,,varzea,1,4,2026,10:00,1,f
5355aaba-74a9-4717-a6d2-10bf282998d3,Regional League,5D0T14,9ded0750-ba4b-40ed-9f91-54310bdc5dbd,16,waiting,1,16,2026-04-30 23:00:18.22272+00,in_progress,CM,t,main,,,30,24,4,nacional,4,4,2026,14:00,1,f
5550f31e-2b7d-45dd-98a1-4ad0a90855bd,EFL League One,NHWBXE,228136d3-e516-4d2c-9caf-0440e057d01a,16,waiting,1,16,2026-04-30 23:00:07.490209+00,in_progress,EN,t,main,,,30,24,3,nacional,3,4,2026,13:00,1,f
0286bac6-3637-45a6-8c56-50c6e87619f9,BR Pré-Regional Div 1,T4SCWD,7f048852-1563-49e8-948a-db25259802ee,16,waiting,1,16,2026-04-29 23:00:01.276272+00,in_progress,BR,t,main,,,30,24,,pre_regional,1,4,2026,11:00,1,f
05c592cb-5979-47b3-8dfe-47339b7e8eaf,ES Pré-Regional Div 1,SSP1VN,778f57c1-c779-4ed0-80c5-de6583171660,16,waiting,1,16,2026-04-29 23:00:02.989856+00,in_progress,ES,t,main,,,30,24,,pre_regional,1,4,2026,11:00,1,f
1dcf059e-0174-4de5-8d58-25095b029123,AR Várzea,K0G655,815f3b5a-de2b-4589-89de-db10c775f93a,16,waiting,1,16,2026-04-28 23:00:03.759411+00,in_progress,AR,t,main,,,30,24,,varzea,1,4,2026,10:00,1,f
6157e430-55c4-49c9-bcfd-090c40d1e670,Division One League,8JXMZY,000127f0-876e-4df8-b2e8-a32d672b69d5,16,waiting,1,16,2026-04-30 23:00:17.6152+00,in_progress,GH,t,main,,,30,24,2,nacional,2,4,2026,12:00,1,f
673047a6-d173-42e3-ae31-6543d6912ab4,China Champions League,4DDP2K,040280e7-7fb4-448b-903f-7c84fa912e6b,16,waiting,1,16,2026-04-30 23:00:19.571974+00,in_progress,CN,t,main,,,30,24,4,nacional,4,4,2026,14:00,1,f
67a912a6-a397-441f-80d8-70999f6354d5,CN Várzea,RYED1D,1b219344-76f4-42b6-91c8-e66e61cedc37,16,waiting,1,16,2026-04-28 23:00:23.603536+00,in_progress,CN,t,main,,,30,24,,varzea,1,4,2026,10:00,1,f
6af99593-633c-49a2-926e-7f3957a296cb,CM Várzea,BKTU0E,fd4a3a7b-c70e-4568-abbf-a0c5ad24101b,16,waiting,1,16,2026-04-28 23:00:21.902893+00,in_progress,CM,t,main,,,30,24,,varzea,1,4,2026,10:00,1,f
75ffdae5-fcb9-45c0-a699-9c9d52b49a98,ES Série D,378278,1c4c75aa-2561-441e-9c0e-9655aa005e34,16,waiting,1,16,2026-05-01 16:21:05.347896+00,in_progress,ES,t,main,,,30,24,4,nacional,4,,,16:00,1,f
76b1cac6-bb0f-436a-920b-2090a76c86c3,Serie A,L2IEXW,f45fccb5-1f01-4f2a-b50c-1228e2f46dd8,16,waiting,1,16,2026-04-30 23:00:09.273611+00,in_progress,IT,t,main,,,30,24,1,nacional,1,4,2026,11:00,1,f
77fc79cf-d87d-4675-8080-6f08b784e059,SA Várzea,XLRDBG,3b2cfdec-adb6-4cf0-a47f-00543ccc466f,16,waiting,1,16,2026-04-28 23:00:24.166863+00,in_progress,SA,t,main,,,30,24,,varzea,1,4,2026,10:00,1,f
79806482-3e3e-4394-9477-4a1566b42eb6,UAE First Division,M7AOML,9e415690-b1b0-4b67-b0a1-9b95a626a9f5,16,waiting,1,16,2026-04-30 23:00:22.133302+00,in_progress,AE,t,main,,,30,24,2,nacional,2,4,2026,12:00,1,f
79fd5a8f-df18-451a-b5f3-67fb78b6493e,CA Várzea,K97LIS,fe68f3f2-3bec-47d3-83ce-b5f82c6a5af6,16,waiting,1,16,2026-04-28 23:00:15.683289+00,in_progress,CA,t,main,,,30,24,,varzea,1,4,2026,10:00,1,f
7ae83877-7538-4bf4-9bc9-13c4d63cc720,IT Várzea,UB0FVK,b0899dc2-d841-4371-a872-6f68100af18f,16,waiting,1,16,2026-04-28 23:00:10.632989+00,in_progress,IT,t,main,,,30,24,,varzea,1,4,2026,10:00,1,f
7bd2849a-dfaf-47a1-9eed-968363017bef,BR Várzea,MTVW07,d651d9cd-5fef-4685-824a-e568b538edd9,16,waiting,1,16,2026-04-28 23:00:03.071387+00,in_progress,BR,t,main,,,30,24,,varzea,1,4,2026,10:00,1,f
7df44559-1fc7-4fcf-9ba3-e706f6ee305c,BO Várzea,V3X9GG,746c934e-b03d-461e-a211-ac2d268aa566,16,waiting,1,16,2026-04-28 23:00:07.787972+00,in_progress,BO,t,main,,,30,24,,varzea,1,4,2026,10:00,1,f
81670f97-1b0d-4a62-aa7a-5339a8a80334,J3 League,4GK8ER,7628e2a2-dc19-4189-ac27-8f70e20322cd,16,waiting,1,16,2026-04-30 23:00:18.58498+00,in_progress,JP,t,main,,,30,24,3,nacional,3,4,2026,13:00,1,f
821abcf4-9ac7-42fa-80c5-09598dec18ba,Primera División,O2S6S8,6ef59e8d-fd2c-40a7-87b4-0d8c0e63a838,16,waiting,1,16,2026-04-30 23:00:03.704505+00,in_progress,UY,t,main,,,30,24,1,nacional,1,4,2026,11:00,1,f
83937cfe-e758-45a5-81f4-076e3c03747e,BE Várzea,AAS0BO,45da21b4-cf82-46f5-a620-e3b81d40c559,16,waiting,1,16,2026-04-28 23:00:12.855017+00,in_progress,BE,t,main,,,30,24,,varzea,1,4,2026,10:00,1,f
84c924c1-529d-4610-92df-4d53cefea27d,Primera Nacional,NC67GI,3100cde1-4b50-4e55-9b67-e9f8e05f4e29,16,waiting,1,16,2026-04-30 23:00:03.311627+00,in_progress,AR,t,main,,,30,24,2,nacional,2,4,2026,12:00,1,f
8edca728-2d94-4a18-81dc-5e2df0311b9e,Botola Pro 2,K03N3E,d2cbc4e4-bf50-45d3-abd8-4264a9fd2720,16,waiting,1,16,2026-04-30 23:00:15.37361+00,in_progress,MA,t,main,,,30,24,2,nacional,2,4,2026,12:00,1,f
a1c282c2-fa2e-4b28-8847-0a373bb82ae6,Brasileirão Série A,F185FD,68123140-4a25-44c0-adff-ea148c54423c,16,waiting,1,16,2026-04-25 18:12:53.478344+00,in_progress,BR,t,main,,,30,24,1,nacional,1,4,2026,11:00,1,f
8fa61b3f-510a-47ef-8dcc-901637e43423,Ligue 1 Sénégal,K4NX4H,59a8acf2-33b0-4f9c-bfd1-29045c39a35c,16,waiting,1,16,2026-04-30 23:00:16.615282+00,in_progress,SN,t,main,,,30,24,1,nacional,1,4,2026,11:00,1,f
96d90d35-5a9a-4bbb-9f55-b1c5baa0d604,National First Division,HXHV73,afa439ba-94b2-4304-bc60-058b09edbcfa,16,waiting,1,16,2026-04-30 23:00:17.138999+00,in_progress,ZA,t,main,,,30,24,2,nacional,2,4,2026,12:00,1,f
973ec0d3-4301-478c-a2a6-c38ef2191d23,BCSPL,C87GEC,5c9b7d11-e686-4487-9224-2a52def94e38,16,waiting,1,16,2026-04-30 23:00:13.445598+00,in_progress,CA,t,main,,,30,24,4,nacional,4,4,2026,14:00,1,f
975d28df-6a5b-44f6-8f17-47bc7d68b525,KR Várzea,SKNF2M,6e502728-113f-4c7c-b65c-53fb296f7d92,16,waiting,1,16,2026-04-28 23:00:22.988438+00,in_progress,KR,t,main,,,30,24,,varzea,1,4,2026,10:00,1,f
9ca84146-e394-4f65-93d6-75667cb488ec,MLS,HUAJJF,46e07339-7387-4ddf-863c-f9f30f46e29b,16,waiting,1,16,2026-04-30 23:00:12.409777+00,in_progress,US,t,main,,,30,24,1,nacional,1,4,2026,11:00,1,f
9d38ff34-2e8b-4475-aee7-b8479df3a6b4,Copa Simón Bolívar,LSXNEO,f3547f17-2a4f-4820-bf6d-a4d872ff6dbf,16,waiting,1,16,2026-04-30 23:00:06.722084+00,in_progress,BO,t,main,,,30,24,4,nacional,4,4,2026,14:00,1,f
9ec85fba-3195-4621-967c-3744fb34ed51,K League 2,E91TB3,6adf06c9-398a-4861-9397-a9cfaf2cc0d8,16,waiting,1,16,2026-04-30 23:00:18.917236+00,in_progress,KR,t,main,,,30,24,2,nacional,2,4,2026,12:00,1,f
9f54506a-9700-4dc6-a0a6-f125e87c5411,EC Várzea,CFHBG4,2c2ab964-6ed3-4ba8-bbb3-7d7ea1691916,16,waiting,1,16,2026-04-28 23:00:07.21764+00,in_progress,EC,t,main,,,30,24,,varzea,1,4,2026,10:00,1,f
9fadf224-b30a-4261-979f-719fb86056dd,JP Várzea,SFXL2Y,08f6dc56-5fd7-4575-aad7-ecb479fa09cb,16,waiting,1,16,2026-04-28 23:00:22.421593+00,in_progress,JP,t,main,,,30,24,,varzea,1,4,2026,10:00,1,f
a29e6633-2342-4b1f-a078-2807a6cff552,AU Várzea,TS4L25,b8855365-4824-4654-b952-d5f059ea717d,16,waiting,1,16,2026-04-28 23:00:25.846641+00,in_progress,AU,t,main,,,30,24,,varzea,1,4,2026,10:00,1,f
a985121c-6f92-435c-8542-489baedd7341,Primeira Liga,Z9S3CD,d3eba4ea-0f0b-45d3-b978-70da1f3fa319,16,waiting,1,16,2026-04-30 23:00:10.163+00,in_progress,PT,t,main,,,30,24,1,nacional,1,4,2026,11:00,1,f
a997e866-5737-4716-880c-dc83f1bf010d,EN Várzea,DLJMRN,bb2377a5-3dd9-4f8f-9a20-984617595839,16,waiting,1,16,2026-04-28 23:00:08.938377+00,in_progress,EN,t,main,,,30,24,,varzea,1,4,2026,10:00,1,f
a9c6cdda-055e-48c2-b428-0c0809b3eac2,Challenger Pro League,YMDT57,d749d157-3b75-4a5e-a611-cbc241e2f7a1,16,waiting,1,16,2026-04-30 23:00:11.150912+00,in_progress,BE,t,main,,,30,24,2,nacional,2,4,2026,12:00,1,f
00ad0951-8294-4c58-8e23-708a7813c95c,Serie D,TX1Q02,35dbd4f5-c5eb-48ed-bd69-3df2c8672dd1,16,waiting,1,16,2026-04-30 23:00:09.495271+00,in_progress,IT,t,main,,,30,24,4,nacional,4,4,2026,14:00,1,f
23636cbb-c8d5-45df-8f13-4c1be9c40b10,JFL,9BSMFM,dd592989-a468-469e-a075-513ddd0546d0,16,waiting,1,16,2026-04-30 23:00:18.665718+00,in_progress,JP,t,main,,,30,24,4,nacional,4,4,2026,14:00,1,f
02371419-8469-40e6-8788-433cfd777a93,Segunda División Profesional,810N4K,8bf8b80c-a6b1-4e7b-9cfb-128791a90210,16,waiting,1,16,2026-04-30 23:00:04.730816+00,in_progress,CL,t,main,,,30,24,3,nacional,3,4,2026,13:00,1,f
0eab617c-2cf3-4cc6-80a1-afa6ae9715cb,Belgian Division 2,J1SY3Z,ea8db6d2-995d-441c-bd17-4281175b7a6d,16,waiting,1,16,2026-04-30 23:00:11.36754+00,in_progress,BE,t,main,,,30,24,4,nacional,4,4,2026,14:00,1,f
168bdc91-91cf-47aa-8bdf-252bcafff559,ES Várzea,SJ5170,8466648b-7ec4-40af-a5e7-a4ef6156bd34,16,waiting,1,16,2026-04-28 23:00:09.500233+00,in_progress,ES,t,main,,,30,24,,varzea,1,4,2026,10:00,1,f
4a8b2419-8491-43e6-951f-55ced37b7273,Primera División C,JLXC66,7fb3d903-5f9e-41e5-a926-f85b6c51b209,16,waiting,1,16,2026-04-30 23:00:04.400565+00,in_progress,PY,t,main,,,30,24,4,nacional,4,4,2026,14:00,1,f
590f934b-1ecb-4188-ab95-5b8d92e7f990,FR Várzea,GM4EQ7,a24f168b-0d1a-4561-9995-3aeda541d1cd,16,waiting,1,16,2026-04-28 23:00:11.177559+00,in_progress,FR,t,main,,,30,24,,varzea,1,4,2026,10:00,1,f
5b73470f-df85-4ecd-9d9e-63f21aa07e7f,Liga FUTVE,78SNV6,46024424-9baa-4134-949e-2bc20ad044f8,16,waiting,1,16,2026-04-30 23:00:06.920672+00,in_progress,VE,t,main,,,30,24,1,nacional,1,4,2026,11:00,1,f
62194cf4-ccc4-4ba8-9225-d06e0dc847e0,EFL Championship,SPHVK8,276edaba-b9a5-4428-a057-bdb66606859d,16,waiting,1,16,2026-04-30 23:00:07.419093+00,in_progress,EN,t,main,,,30,24,2,nacional,2,4,2026,12:00,1,f
7f4a4e21-20d8-4f8b-9692-d1abfd3b77e1,Derde Divisie,UERVMM,967c9219-f7cf-47b0-9ba5-869ce47606ba,16,waiting,1,16,2026-04-30 23:00:10.823591+00,in_progress,NL,t,main,,,30,24,4,nacional,4,4,2026,14:00,1,f
84997972-1457-4d4c-b1c3-70c0fd6d06b2,Liga Panameña,9BYOSF,c5ceb30c-e015-4117-89ce-d2d6508bef4a,16,waiting,1,16,2026-04-30 23:00:14.473273+00,in_progress,PA,t,main,,,30,24,1,nacional,1,4,2026,11:00,1,f
8754a802-b224-4997-8e51-74e7d9d86710,USL League Two,JVGLZH,68b42287-7fdb-421d-86c2-554ef3acb7da,16,waiting,1,16,2026-04-30 23:00:12.670736+00,in_progress,US,t,main,,,30,24,4,nacional,4,4,2026,14:00,1,f
99683c61-d65d-41df-ad0b-96096a46bae7,La Liga 2,3FEMZN,6def3397-f3ce-4af5-96c3-38399ba84c93,16,waiting,1,16,2026-04-30 23:00:07.863572+00,in_progress,ES,t,main,,,30,24,2,nacional,2,4,2026,12:00,1,f
9a7839d4-ec0e-466e-8bf3-731e90d3fd8e,Serie B,SGDA3R,e79d7a0a-878e-4223-babb-99fec014bee5,16,waiting,1,16,2026-04-30 23:00:09.350089+00,in_progress,IT,t,main,,,30,24,2,nacional,2,4,2026,12:00,1,f
a9e12894-c3eb-40ea-94ff-f41f397ec9d6,MX Várzea,M8XG94,a99db7bb-53ec-4b78-b73a-0981e1382fd2,16,waiting,1,16,2026-04-28 23:00:15.163135+00,in_progress,MX,t,main,,,30,24,,varzea,1,4,2026,10:00,1,f
b0b50e78-6de7-4c7e-8363-ec6ac574a54a,Segunda División Profesional,3ZRCAG,c0282a08-678d-46c6-b510-784465fc6600,16,waiting,1,16,2026-04-30 23:00:03.783967+00,in_progress,UY,t,main,,,30,24,2,nacional,2,4,2026,12:00,1,f
b1d595fb-9e6b-445e-be48-5056fff26125,Saudi Third Division League,S3SGP1,3fba21ca-adec-4e47-84d4-b44c25f431e4,16,waiting,1,16,2026-04-30 23:00:20.011876+00,in_progress,SA,t,main,,,30,24,4,nacional,4,4,2026,14:00,1,f
b1f9a97e-199d-460c-ba5c-8625725592b0,Segunda División Amateur,FWCL0W,644aeea1-853b-410b-b172-66669c8e0517,16,waiting,1,16,2026-04-30 23:00:03.86756+00,in_progress,UY,t,main,,,30,24,3,nacional,3,4,2026,13:00,1,f
b2f0794e-b172-4228-a9dc-d75c6b161e33,Ligue 1 Tunisienne,Q52UYE,dd89c91b-94aa-4ac1-be53-66abe525543a,16,waiting,1,16,2026-04-30 23:00:15.729918+00,in_progress,TN,t,main,,,30,24,1,nacional,1,4,2026,11:00,1,f
b30c9a9a-b71a-4d0a-90b4-618fe1c6911d,Brasileirão Série C,TYNF0W,d42de9fa-7d9a-43a3-9e90-98724055d1a8,16,waiting,1,16,2026-04-30 23:00:02.821139+00,in_progress,BR,t,main,,,30,24,3,nacional,3,4,2026,13:00,1,f
be5b95d6-b459-4b1f-a7eb-0ed593956ad5,Liga Profesional,N2RO2L,ae148c35-1443-4ddd-9ba4-c92d6c835612,16,waiting,1,16,2026-04-30 23:00:03.182406+00,in_progress,AR,t,main,,,30,24,1,nacional,1,4,2026,11:00,1,f
be7f761e-82b8-44d8-9ff0-a392b311325c,Elite One,54L5IM,b3222ae8-d9b6-44a6-a424-ca4e4ba98dcf,16,waiting,1,16,2026-04-30 23:00:17.993381+00,in_progress,CM,t,main,,,30,24,1,nacional,1,4,2026,11:00,1,f
c0252957-466c-41bb-ae66-5a3dab1f914c,NPL State League 1,NBF969,98fd58c6-9514-4490-8de1-aa80d0343379,16,waiting,1,16,2026-04-30 23:00:21.769911+00,in_progress,AU,t,main,,,30,24,3,nacional,3,4,2026,13:00,1,f
c09b3eb5-3646-4cf3-9df3-7278787ef925,SAFA Regional League,NBKIH9,f3d670e9-9c32-4ac4-9219-cd4f1b57bb61,16,waiting,1,16,2026-04-30 23:00:17.308086+00,in_progress,ZA,t,main,,,30,24,4,nacional,4,4,2026,14:00,1,f
c2f2a0af-db98-44d8-bb75-ad0e4c3777bb,Azadegan League,A0312H,2f4113b2-9af7-4867-96c9-f81f3b5c9e59,16,waiting,1,16,2026-04-30 23:00:21.253241+00,in_progress,IR,t,main,,,30,24,2,nacional,2,4,2026,12:00,1,f
c5430623-91ab-428f-8295-e0f429de6e63,League One,SKKID1,45740f9d-19ad-4a7e-b5f5-77a41c444caa,16,waiting,1,16,2026-04-30 23:00:12.137672+00,in_progress,SC,t,main,,,30,24,3,nacional,3,4,2026,13:00,1,f
3395c9d4-a07e-4ee7-a799-bd7e51750f34,Cuarta División,1Y8AOM,0ad0a80a-9f50-427c-aecd-0dc42397bd2e,16,waiting,1,16,2026-04-30 23:00:07.165028+00,in_progress,VE,t,main,,,30,24,4,nacional,4,4,2026,14:00,1,f
3653cfca-8137-4c58-a86f-8cc76d7b0a9d,Segunda División,BSYG0S,3ce35e1c-84a2-499f-86ad-41ca769e439d,16,waiting,1,16,2026-04-30 23:00:07.003942+00,in_progress,VE,t,main,,,30,24,2,nacional,2,4,2026,12:00,1,f
61f5f772-90d8-46dd-9739-635dc3db5890,Copa Perú,X530HY,399949a8-ad95-4945-962c-c4190fbd49f1,16,waiting,1,16,2026-04-30 23:00:05.685527+00,in_progress,PE,t,main,,,30,24,3,nacional,3,4,2026,13:00,1,f
708bd4ae-5612-4ad3-8812-2461998711f0,Segunda Categoría,B8FCP4,96bae0b7-1517-4408-861b-2891066fbe12,16,waiting,1,16,2026-04-30 23:00:06.158254+00,in_progress,EC,t,main,,,30,24,3,nacional,3,4,2026,13:00,1,f
d0eaa1f3-7a1d-4f81-83e2-a4ab6b30bb14,División Profesional,SQB3IF,05aed23d-f452-40af-8b18-cee957cc271b,16,waiting,1,16,2026-04-30 23:00:06.469129+00,in_progress,BO,t,main,,,30,24,1,nacional,1,4,2026,11:00,1,f
e2ff32fb-f876-4baf-a059-bc26be44136e,Primera C Colombia,Z4KQGV,a38f1fa6-2216-404c-8796-1b080ad98557,16,waiting,1,16,2026-04-30 23:00:05.186754+00,in_progress,CO,t,main,,,30,24,3,nacional,3,4,2026,13:00,1,f
4b002b5d-45ee-4fdf-8944-407ca4ca65b3,Saudi First Division League,3V7B4E,5567baf5-0998-449a-b5c5-cc07e5dc3c84,16,waiting,1,16,2026-04-30 23:00:19.85059+00,in_progress,SA,t,main,,,30,24,2,nacional,2,4,2026,12:00,1,f
7782c6a1-b6cc-4d83-8a48-99ba350e48bf,K3 League,PD6MTC,101419c3-2b7b-43e3-8a9c-ccf791075f74,16,waiting,1,16,2026-04-30 23:00:18.992248+00,in_progress,KR,t,main,,,30,24,3,nacional,3,4,2026,13:00,1,f
e1ea1b28-ff4e-4133-8b72-3c919cbbcf82,China League Two,2BCHSF,d48952ea-cc82-4f0f-9ce3-db525affdc37,16,waiting,1,16,2026-04-30 23:00:19.461786+00,in_progress,CN,t,main,,,30,24,3,nacional,3,4,2026,13:00,1,f
006a0cc8-1c51-452f-81a3-f3ea85c31ebf,Liga Prom,AU1TF3,86414d4b-03c5-4ef4-b944-c673ca99bdcc,16,waiting,1,16,2026-04-30 23:00:14.554767+00,in_progress,PA,t,main,,,30,24,2,nacional,2,4,2026,12:00,1,f
1731f776-16ac-426b-9f7b-e445dae32676,1. Lig,HBKRIO,7b9b766d-491c-42c9-b790-47af4fbb0e4e,16,waiting,1,16,2026-04-30 23:00:11.659321+00,in_progress,TR,t,main,,,30,24,2,nacional,2,4,2026,12:00,1,f
26533aba-6b4c-4a3b-a16d-e555b4ae0725,Liga Nacional HN,Y9FGKG,423cc21b-54f8-464e-b787-ec0a4e774407,16,waiting,1,16,2026-04-30 23:00:14.039078+00,in_progress,HN,t,main,,,30,24,1,nacional,1,4,2026,11:00,1,f
28d5c485-8f91-4518-8564-1fbb9d876f6f,Egyptian Third Division,YYMUNZ,b1f6a64c-89a6-473b-9246-f6d91b980d2f,16,waiting,1,16,2026-04-30 23:00:15.08716+00,in_progress,EG,t,main,,,30,24,4,nacional,4,4,2026,14:00,1,f
2f1218f1-daad-4c6f-8c82-731522dba21d,K4 League,0OF6P0,a3959218-6f33-4281-bcb1-c9a73d361eda,16,waiting,1,16,2026-04-30 23:00:19.151565+00,in_progress,KR,t,main,,,30,24,4,nacional,4,4,2026,14:00,1,f
39ffa866-c48d-4f40-a056-7fdae75de005,Nigeria Premier Football League,1AO3KC,a7547fd7-697a-4b21-9172-f6851269aadd,16,waiting,1,16,2026-04-30 23:00:16.186745+00,in_progress,NG,t,main,,,30,24,1,nacional,1,4,2026,11:00,1,f
3a3edcc9-162a-45d5-b4b9-e0eaa57a60a1,USL League One,W0HGUS,a89453d0-570b-42a3-97ce-71a55e5ad8f2,16,waiting,1,16,2026-04-30 23:00:12.591738+00,in_progress,US,t,main,,,30,24,3,nacional,3,4,2026,13:00,1,f
303100dd-29f1-472c-bda6-aafc5f0007c5,League Two,KODO3M,5452ad04-5cc0-4625-ad85-c10d5f52f621,16,waiting,1,16,2026-04-30 23:00:12.212422+00,in_progress,SC,t,main,,,30,24,4,nacional,4,4,2026,14:00,1,f
06d5111c-17a8-4993-ae56-d2c713a70900,MTN Elite Three,I7SR5Q,3c11599b-fcc1-4ce4-ac4c-7a24d8140095,16,waiting,1,16,2026-04-30 23:00:18.138612+00,in_progress,CM,t,main,,,30,24,3,nacional,3,4,2026,13:00,1,f
0f17cbe1-847a-4cfe-aeb1-333c036ba348,NPL State League 2,8KV7MZ,0c2abb4d-dd30-4ca6-82da-08f7831717ec,16,waiting,1,16,2026-04-30 23:00:21.840572+00,in_progress,AU,t,main,,,30,24,4,nacional,4,4,2026,14:00,1,f
103922a0-2ea7-45ee-8ef5-26db21cf45d7,Division Two,ZNFQY9,bbb6ce08-94d3-4353-a0f3-2845c6d6b8d3,16,waiting,1,16,2026-04-30 23:00:17.699946+00,in_progress,GH,t,main,,,30,24,3,nacional,3,4,2026,13:00,1,f
122e6508-8bb8-4de0-b480-6bd13377b069,NPL Australia,O246NO,98336187-10d4-4f1c-8faf-3bf974a84ea6,16,waiting,1,16,2026-04-30 23:00:21.692398+00,in_progress,AU,t,main,,,30,24,2,nacional,2,4,2026,12:00,1,f
1758c902-a2cf-4364-ac9b-77af6ba77a95,Segunda Federación,N477PA,c695b97e-8ce8-4056-a98d-abef1018baa1,16,waiting,1,16,2026-04-30 23:00:08.008106+00,in_progress,ES,t,main,,,30,24,4,nacional,4,4,2026,14:00,1,f
1d7248e7-ee42-4838-8d06-3941772df4e2,Premiership,5MPWUI,4b4acaeb-0551-47cb-a08b-105d75809fe7,16,waiting,1,16,2026-04-30 23:00:11.989275+00,in_progress,SC,t,main,,,30,24,1,nacional,1,4,2026,11:00,1,f
2ad56061-91a0-4cac-8c9d-1baf5b90b467,PT Várzea,R7GW6Z,08e2fec0-a837-420a-aec5-3802cedf7c38,16,waiting,1,16,2026-04-28 23:00:11.779971+00,in_progress,PT,t,main,,,30,24,,varzea,1,4,2026,10:00,1,f
362f3549-fe28-429b-a787-ec37f3984402,Regionalliga,WS296Y,a6721050-0f1d-43a7-82c6-669943dd5450,16,waiting,1,16,2026-04-30 23:00:09.08632+00,in_progress,DE,t,main,,,30,24,4,nacional,4,4,2026,14:00,1,f
3fce0462-8547-4cdc-8c56-acd7678c32bc,Nigeria Nationwide League One,G8M4SQ,46fd0ab2-064c-4f0c-a7ec-63f22d29591b,16,waiting,1,16,2026-04-30 23:00:16.344468+00,in_progress,NG,t,main,,,30,24,3,nacional,3,4,2026,13:00,1,f
43f9f0cb-7bc0-4733-bb18-07b7e9cd71a4,Tercera División,AKAMX2,dad01940-faa3-4fed-b3ce-5e7b699e2509,16,waiting,1,16,2026-04-30 23:00:13.845754+00,in_progress,CR,t,main,,,30,24,4,nacional,4,4,2026,14:00,1,f
