id,user_id,notification_key,read_at
6fd9e904-155a-403d-9dd9-b71059f23bb1,e9e8a10a-6572-4369-a9c6-bdb3e6143f8c,db-3b4e74a0-8235-42e1-983d-58daeaeafee1,2026-04-25 18:21:55.586+00
fd9621e5-06b6-4cd7-a9ed-38325ed7bc50,68123140-4a25-44c0-adff-ea148c54423c,db-04066f64-ce3f-4f22-a696-b4a3b08aac10,2026-04-25 18:26:48.842+00
cc4f9375-980d-4e6b-9a51-a578b88a5e1e,74125438-d6d6-471b-9669-b06add2421de,db-82733930-48d4-470a-ba74-5ff3d15be979,2026-04-25 23:45:55.775+00
357c885a-6272-4368-8943-7ddf7499bb6e,74125438-d6d6-471b-9669-b06add2421de,db-480f8e82-ce81-4070-b62f-57c8133c7940,2026-04-25 23:45:56.153+00
bdf63beb-8d9a-46a8-bf20-1873abbef6fc,e9e8a10a-6572-4369-a9c6-bdb3e6143f8c,db-a2281220-1544-423b-98bd-2ec359f90a76,2026-04-26 21:11:00.617+00
f90556c7-03d9-4c01-9843-76d2dde08313,c9544dd0-3729-480b-bd00-315d75a45711,db-dd075aa1-8e87-4577-b700-fbc676d056d7,2026-04-27 00:25:05.891+00
eded7aac-05a2-4a6e-b6ac-bfade51fd745,e9e8a10a-6572-4369-a9c6-bdb3e6143f8c,expiring,2026-04-27 01:02:42.511+00
af36e88f-bbbc-4b07-b81e-6b6eb54f34a2,e9e8a10a-6572-4369-a9c6-bdb3e6143f8c,db-b237b69f-6623-4cb2-b931-781a04a5c764,2026-04-27 01:03:57.172+00
4310a03c-544d-4c69-a993-13b34765ef45,e9e8a10a-6572-4369-a9c6-bdb3e6143f8c,db-2c6bf2c4-a33a-4e1f-b2b2-87ba0167132f,2026-04-27 01:16:57.244+00
ceb0c2e2-8643-45b2-8292-64a530b8d3d2,3b612347-aa9f-41f8-9bee-59f26c562344,db-87b460da-ec11-43d7-adf3-e912e144d779,2026-04-27 02:39:48.81+00
7f936503-4ba6-4eee-9a05-58ec1714a100,3b612347-aa9f-41f8-9bee-59f26c562344,expiring,2026-04-27 02:40:49.223+00
e770bb23-fe77-435a-a608-ea427dab4da3,e9e8a10a-6572-4369-a9c6-bdb3e6143f8c,db-a27144c8-9d0c-4fca-8bfa-3db57e0b9771,2026-05-01 14:49:03.822+00
b974aed4-b603-4e90-86fa-807a2e6e14f2,3b612347-aa9f-41f8-9bee-59f26c562344,db-8529f02a-e20f-4e29-8c7a-a4a1369a87dc,2026-05-01 16:14:07.623+00
769f3946-80db-42e0-bc6a-3803f64487d2,1c4c75aa-2561-441e-9c0e-9655aa005e34,db-6dcd283a-bbfb-4232-aed5-61551485e76a,2026-05-01 16:21:20.828+00
336b43bb-18a8-44a4-92ef-519875bb2c15,1c4c75aa-2561-441e-9c0e-9655aa005e34,db-2802f3f2-a3b2-4c80-871b-c9c2890ebf83,2026-05-01 16:21:23.163+00
26b46651-22e7-4447-8bc1-2f1cf883ce72,1c4c75aa-2561-441e-9c0e-9655aa005e34,expiring,2026-05-01 16:21:23.171+00
64d7d120-c6d8-4191-92b7-219711d556b5,68123140-4a25-44c0-adff-ea148c54423c,db-c807467b-2463-4d93-bd83-5b8aee81529b,2026-05-02 23:46:30.205+00
65c20fef-c532-4871-8504-84e634b12e5a,68123140-4a25-44c0-adff-ea148c54423c,db-2987d6f1-ba3d-4b9a-b171-d0a3c4bfb820,2026-05-02 23:46:30.205+00
410faa59-c7e9-4a4c-bf94-ea1bbb59ed2a,68123140-4a25-44c0-adff-ea148c54423c,db-50c595e6-2351-425b-ac9a-d829ee40c6b4,2026-05-02 23:46:30.205+00
28f40e24-3f5c-4581-8b1e-ed85bc5f3a04,68123140-4a25-44c0-adff-ea148c54423c,db-146f5423-6ab3-438c-9da5-5957ede56680,2026-05-02 23:46:30.205+00
3264cce1-de9f-4a7d-86d2-77f06ac14707,68123140-4a25-44c0-adff-ea148c54423c,db-7ed18a02-407b-4128-b014-d4c9a20fe7f9,2026-05-02 23:46:30.205+00
8c191af9-7963-4b6b-bf2d-bf2cd416da16,68123140-4a25-44c0-adff-ea148c54423c,db-e4b0d2a4-c30a-4786-be1b-108f749497ab,2026-05-02 23:46:30.205+00
42dca2e6-3472-482e-9b6c-2e1b544e45be,68123140-4a25-44c0-adff-ea148c54423c,db-d04921e0-9f42-4329-a216-eb3019c7a9f1,2026-05-02 23:46:30.205+00
bb5ce430-9e0f-4ccc-849b-621b499d21ab,68123140-4a25-44c0-adff-ea148c54423c,db-f34964cd-2e8c-457f-abf8-c3bc8bbbf98b,2026-05-02 23:46:30.205+00
de89f70b-639e-4b4f-a549-5e15d220678e,68123140-4a25-44c0-adff-ea148c54423c,db-b6eaf5aa-3af0-4714-91f2-2d0a3d38573f,2026-05-02 23:46:30.205+00
bfb90ea1-a39e-40df-beea-44ae6417f08a,68123140-4a25-44c0-adff-ea148c54423c,db-be3a7fda-bb86-41c8-a16a-4150245c6319,2026-05-02 23:46:30.205+00
5c1233c8-1a94-414c-bff4-8c526c48e429,68123140-4a25-44c0-adff-ea148c54423c,db-38662e12-3718-4986-bb3b-38ea4d735bc0,2026-05-02 23:46:30.205+00
55168706-f160-4ec0-bbf1-6c53819eed2f,68123140-4a25-44c0-adff-ea148c54423c,db-c6717f95-8c0a-4204-b425-a9edf899f1f3,2026-05-11 03:15:07.574+00
963bebc8-2880-4ae9-a7d9-dfe85310c884,74125438-d6d6-471b-9669-b06add2421de,expiring,2026-05-06 22:48:46.272+00
841f848b-7826-488d-acb7-acbaa74a77cd,68123140-4a25-44c0-adff-ea148c54423c,db-56ca5001-3eca-4436-8964-cecb9e8dd42b,2026-05-03 00:03:58.021+00
bb2036db-2df1-4bee-985d-a6fd8d0f6553,68123140-4a25-44c0-adff-ea148c54423c,db-e9076842-f149-46af-a826-cc20fdec1e6b,2026-05-03 00:04:22.951+00
18aeb291-fa0e-44f2-9ac7-287c8910eea0,68123140-4a25-44c0-adff-ea148c54423c,db-8f927dc9-0944-4ef7-8f10-50fe07ae11b8,2026-05-03 00:04:23.308+00
7d4e119a-bf4a-4c2d-bd50-ee75d6eb325f,68123140-4a25-44c0-adff-ea148c54423c,db-e158ab0b-958c-46a0-9e1e-806d923b17e5,2026-05-03 00:04:23.487+00
1b5de533-2ebe-4427-a94a-f0eccbe94093,68123140-4a25-44c0-adff-ea148c54423c,db-2c285943-ee9f-466a-8c9e-13aaf47c393e,2026-05-03 02:43:15.542+00
6db93c6c-8098-4cfc-9309-c1e28cb40cac,68123140-4a25-44c0-adff-ea148c54423c,db-bba02a79-e342-49ba-8e79-527a83700d44,2026-05-03 02:43:16.027+00
84201163-3779-415b-a9c0-8c4facb49608,68123140-4a25-44c0-adff-ea148c54423c,db-a2160ba8-499b-4213-adfa-923ac1e798d1,2026-05-05 20:37:24.826+00
f5d10619-b8f3-4bf2-a438-9b8485396c24,68123140-4a25-44c0-adff-ea148c54423c,db-720fcb72-1baa-42ae-8c54-c2a533900ea0,2026-05-05 20:37:25.999+00
774fc57d-ecb4-4d6f-8a78-6e7d5e18299f,68123140-4a25-44c0-adff-ea148c54423c,db-8e6e3afe-602e-4d52-ac23-6e5733f5bae6,2026-05-05 21:06:51.374+00
ee8ac073-be2d-4be5-879e-cf6eefd4a6f3,68123140-4a25-44c0-adff-ea148c54423c,db-5232ba1c-4e01-4d05-bb91-c1d955a46880,2026-05-05 21:15:42.12+00
dba84039-4821-4473-a90b-6c5fdcbfa007,68123140-4a25-44c0-adff-ea148c54423c,db-de0dc23d-54e3-40b2-9cb6-cdc220d19b47,2026-05-06 21:00:14.47+00
61815dfd-ab1b-4b39-bf7b-493f9b6ad4ca,320fcbb8-c3eb-43e7-a3eb-0f302b46897f,db-f90ec951-d63e-418d-b692-e5be3235e97a,2026-05-06 22:17:05.74+00
e301f5f2-2d8d-4f60-9920-452defcf8f78,320fcbb8-c3eb-43e7-a3eb-0f302b46897f,db-41da0a30-3881-471b-9242-7765d46c517b,2026-05-06 22:21:24.987+00
f759e24c-1842-4f62-a442-4a774dc61e40,320fcbb8-c3eb-43e7-a3eb-0f302b46897f,db-e54651a7-9d54-4c10-bf3c-2fe03d98f117,2026-05-06 22:25:50.402+00
329e935c-5ce2-4e79-a382-bab837ef220c,c9544dd0-3729-480b-bd00-315d75a45711,db-2de91d44-6c8c-4e5c-b70a-d534838c655e,2026-05-06 22:45:09.133+00
cf69c0ff-ec0f-4534-816a-7f3925f06981,c9544dd0-3729-480b-bd00-315d75a45711,db-172ab786-7b88-497c-8019-b5778840a18a,2026-05-06 22:45:09.133+00
76e3ebfd-8d57-4eae-8e86-578490a041c4,c9544dd0-3729-480b-bd00-315d75a45711,db-3b1fb620-7f2a-4b00-915e-d8edd4a01520,2026-05-06 22:45:09.133+00
2a201583-b6a0-4abd-9368-d83eb624edba,c9544dd0-3729-480b-bd00-315d75a45711,db-ac3b7a84-591d-44db-9a29-7eefa1e092c6,2026-05-06 22:45:09.133+00
ff49daa5-2e6f-4351-a7a5-f015d89cfd13,c9544dd0-3729-480b-bd00-315d75a45711,db-1525d8ff-b2f8-4ad1-a847-a60a329d65f4,2026-05-06 22:45:09.133+00
c7fc27de-0876-4945-84da-4e18e9c0647f,c9544dd0-3729-480b-bd00-315d75a45711,db-00e1bae6-a056-4d7a-a1c0-191ce398320b,2026-05-06 22:45:09.133+00
e4e2b922-0e03-4882-b73d-cb0bdf90ac0a,c9544dd0-3729-480b-bd00-315d75a45711,db-28564dd4-a329-4bc1-bdb9-1dc71824ca90,2026-05-06 22:45:09.133+00
bb920591-a970-447b-a6ab-93cc3243925d,c9544dd0-3729-480b-bd00-315d75a45711,db-ecc9b820-fa25-407d-9aed-c7cc162ffc13,2026-05-06 22:45:09.133+00
52849ffc-7226-4df0-a232-7c943ab3a7b5,c9544dd0-3729-480b-bd00-315d75a45711,db-b30c4ce7-0984-42e4-907e-8609fb6b6a5f,2026-05-06 22:45:09.133+00
fa686229-0099-45da-aac7-8e922bf2f7e6,c9544dd0-3729-480b-bd00-315d75a45711,db-c3376578-e800-4e80-88a4-9bfdd8c541d1,2026-05-06 22:45:09.133+00
7bf2ab22-83c5-42fb-8c50-ea95f6079174,c9544dd0-3729-480b-bd00-315d75a45711,db-9eaf9f3a-f1d8-4e20-9530-51847eb5f790,2026-05-06 22:45:09.133+00
8ebdd53f-19d0-4302-91c4-ac4bb62e21ce,c9544dd0-3729-480b-bd00-315d75a45711,db-ae635a80-e1ce-4d69-b608-77efcaeeb92f,2026-05-06 22:45:09.133+00
46c259b8-0bca-4720-b2a8-ce0c76da094d,c9544dd0-3729-480b-bd00-315d75a45711,db-96547b85-c89a-4a41-aef1-2aaac781ecf9,2026-05-06 22:45:09.133+00
5c46d50e-c81e-4b49-b6c2-ced7a9afbd58,c9544dd0-3729-480b-bd00-315d75a45711,expiring,2026-05-17 23:07:51.836+00
b8f66baa-ea78-4b4c-bfa5-c6b193384599,74125438-d6d6-471b-9669-b06add2421de,db-c78d801e-f835-4f5e-9a66-4d8610425424,2026-05-06 22:48:46.272+00
27d6143a-19df-4389-8130-298558747e11,74125438-d6d6-471b-9669-b06add2421de,db-a5e28f37-3483-4d2d-baf3-e4e70ad508fc,2026-05-06 22:48:46.272+00
4c2c6e1f-a3d5-4d27-8ce0-9fee845cfe3e,74125438-d6d6-471b-9669-b06add2421de,db-2ca348af-4a34-4723-9ceb-0e337624098f,2026-05-06 22:48:46.272+00
5a8be76e-8b02-4f55-950a-88522048a1b8,74125438-d6d6-471b-9669-b06add2421de,db-c08e4702-6e17-4206-95cb-d97aa66bae97,2026-05-06 22:48:46.272+00
c66ff991-795c-4b8b-a13f-6df3d15868e7,74125438-d6d6-471b-9669-b06add2421de,db-37276b61-24f3-45a6-bf8a-40515bb6be54,2026-05-06 22:48:46.272+00
84c2ab29-277b-4170-92d6-14b6b0ad5e28,74125438-d6d6-471b-9669-b06add2421de,db-8a3beb5d-d252-48c7-936b-2cbbd9018a7b,2026-05-06 22:48:46.272+00
797e261a-dbb2-4db3-b3ed-cbae2eb58b34,74125438-d6d6-471b-9669-b06add2421de,db-3a0ccf0e-fd5d-4b4c-ba51-8b79793b137a,2026-05-06 22:48:46.272+00
315f1f11-373f-411a-9e05-a4f995009f03,74125438-d6d6-471b-9669-b06add2421de,db-52f9418c-ba72-46cc-bc37-741b4c5295b1,2026-05-06 22:48:46.272+00
b392e5ad-4a24-44e7-af3e-374e664aaa19,74125438-d6d6-471b-9669-b06add2421de,db-777ef4bb-9f26-4906-9a70-3cf6526d0d5f,2026-05-10 17:22:32.851+00
28f7f87d-8152-4c50-bad5-d9d3957d4bfa,c9544dd0-3729-480b-bd00-315d75a45711,db-bb713909-7cc4-4941-9ed4-b306a951e4c6,2026-05-10 17:24:44.496+00
36252fc1-1eec-4f7a-a889-55eb0909e45f,c9544dd0-3729-480b-bd00-315d75a45711,db-ee59d02a-5e54-453a-a9b6-09d7d059c8ee,2026-05-10 17:24:44.866+00
99d48045-b9c4-4328-adc0-3379c62bc035,320fcbb8-c3eb-43e7-a3eb-0f302b46897f,db-06c5cd6b-26d9-426c-a394-e2252f6db015,2026-05-10 17:43:17.715+00
fcce6f44-fcc3-43ed-8f75-62afc8085184,320fcbb8-c3eb-43e7-a3eb-0f302b46897f,db-fbc478cc-acb3-4674-b074-a4df8bd9089d,2026-05-10 17:43:18.435+00
279828b8-740e-427e-b490-0202d9dbc599,320fcbb8-c3eb-43e7-a3eb-0f302b46897f,expiring,2026-05-17 20:40:52.781+00
af9e25a7-be56-495c-ac3c-983cf4044f41,68123140-4a25-44c0-adff-ea148c54423c,db-616ff378-8eb7-4dbd-a67a-12c6a8fe3674,2026-05-11 03:14:19.31+00
093b6026-52e0-450a-a35b-6e5a31e5dcc8,68123140-4a25-44c0-adff-ea148c54423c,db-126faa00-87e0-4d0d-99a4-696955428d67,2026-05-11 03:14:19.31+00
8a1ee8fe-1f9a-4024-9359-532675eb4fb2,68123140-4a25-44c0-adff-ea148c54423c,db-e093e68c-70b7-44f8-b1a9-95d37095a038,2026-05-11 03:14:19.31+00
8e84d921-f5fb-44df-9fcc-67b3350e746e,68123140-4a25-44c0-adff-ea148c54423c,db-176bd810-b6ee-4311-a706-68aa24365a6c,2026-05-11 03:14:19.31+00
1617f48c-b57e-490f-a0f2-41642b132a3e,68123140-4a25-44c0-adff-ea148c54423c,db-ac139977-7e75-4673-beb8-334b8475bd1b,2026-05-11 03:14:19.31+00
92fabc32-1d4d-4d84-9cb5-ce65e5158616,68123140-4a25-44c0-adff-ea148c54423c,db-7878b007-6dcf-42db-80fb-8ff717d5252d,2026-05-11 03:14:19.31+00
6f18186e-34d8-4efc-8196-23ddc9462900,68123140-4a25-44c0-adff-ea148c54423c,db-1864532e-2d4e-4b32-b495-6b7ee3f5846b,2026-05-11 03:14:19.31+00
64821695-90a6-4d6f-b473-048e5f7a2d98,68123140-4a25-44c0-adff-ea148c54423c,db-88a135d2-cb06-4171-834f-fa349d8a1496,2026-05-11 03:14:19.31+00
d116f48b-9615-46b1-87a6-1b577ed508f7,68123140-4a25-44c0-adff-ea148c54423c,db-253b6ce5-2d3d-4ca5-a4df-16103f1f1362,2026-05-11 03:14:19.31+00
00cc7224-7c56-4101-81f7-2e1e84fb9b74,68123140-4a25-44c0-adff-ea148c54423c,db-17d3ee87-2173-4b4d-aa95-a5981da1c6c6,2026-05-11 03:14:19.31+00
124a2f17-45e2-46ec-b60a-77259a5c3932,68123140-4a25-44c0-adff-ea148c54423c,db-5f12c8b2-9893-4042-b774-bdc52daa7719,2026-05-11 03:15:07.574+00
172a102c-1b92-4d17-8121-6010179dccc0,68123140-4a25-44c0-adff-ea148c54423c,db-c277ab6a-419c-4030-8553-4447a54f40bb,2026-05-11 03:15:07.574+00
ce716b08-c756-42d0-ab00-e095a44b4ff0,68123140-4a25-44c0-adff-ea148c54423c,db-f83b8759-7afb-404b-b52b-e95b99f1ea3b,2026-05-11 03:15:07.574+00
c4befc8b-64a0-4d3d-81f6-b666841b51e1,68123140-4a25-44c0-adff-ea148c54423c,db-811f5132-c21a-49df-a5df-0bb664974430,2026-05-11 03:15:07.574+00
ceb21780-6bd0-404e-8a7b-d45096f2d959,68123140-4a25-44c0-adff-ea148c54423c,db-32f35cc1-4552-4cd6-9400-2342caf950fd,2026-05-11 03:15:07.574+00
908912ea-47a1-49ce-877a-04c4d773f7d8,68123140-4a25-44c0-adff-ea148c54423c,db-e21eb9b8-6a09-489c-9b91-c7760fdcf7bc,2026-05-11 03:15:07.574+00
b2dcde3c-83a8-4ef1-a432-38b7544e1534,68123140-4a25-44c0-adff-ea148c54423c,db-de2b2056-9071-4c39-9a71-4be3e1a3f87c,2026-05-11 03:15:07.574+00
1662e9ae-38ea-41b1-b638-849dbc9920c3,68123140-4a25-44c0-adff-ea148c54423c,db-b28623e3-5c73-41b9-8360-b01176e64ef5,2026-05-11 03:15:07.574+00
0000c736-c36e-49cd-801b-17ca905b2ee7,68123140-4a25-44c0-adff-ea148c54423c,db-752a38c7-e2e4-4a82-a92a-0296a6d80d35,2026-05-11 03:15:07.574+00
182c26a1-2bda-4bda-9101-f874e15dd3b4,68123140-4a25-44c0-adff-ea148c54423c,db-eb35370a-d211-47d1-bfc8-d23c4d445a93,2026-05-11 03:15:07.574+00
12ae8e3e-ef07-4786-b5b0-8217de5aadf3,68123140-4a25-44c0-adff-ea148c54423c,db-6e103fd8-c69f-4a1a-a90c-1abe497a3911,2026-05-11 03:15:07.574+00
c06797fc-88ab-4abd-9cb3-a447b32248ea,68123140-4a25-44c0-adff-ea148c54423c,db-b7a1a9da-3ef4-4460-b3cf-2ab122dcc03a,2026-05-11 03:15:07.574+00
11c803af-d187-4b30-83ac-0c9189e0cc62,68123140-4a25-44c0-adff-ea148c54423c,db-6465411d-8731-419c-b62e-6cd37a702e74,2026-05-11 03:15:07.574+00
f136393c-2c6c-4de5-b1a1-8d0744f129f7,68123140-4a25-44c0-adff-ea148c54423c,db-df29a4d2-0347-4f00-9d61-56a7bac5a994,2026-05-11 03:15:07.574+00
c49495c2-3fc1-49d0-b4c8-44dca82494a4,68123140-4a25-44c0-adff-ea148c54423c,db-787c7614-ffd6-4d4e-b8de-43d0793fd46b,2026-05-11 03:15:07.574+00
e063287f-39e8-4473-9835-6d489b5acd99,68123140-4a25-44c0-adff-ea148c54423c,db-a54e9be6-cb60-46ed-aa1c-fc4b15c0c761,2026-05-11 03:15:07.574+00
2b9d6d28-3afd-4899-8fa7-a1fb21966cba,68123140-4a25-44c0-adff-ea148c54423c,db-e4b19239-5197-4c52-9026-482a03f0ee5e,2026-05-11 03:15:07.574+00
cebb354b-71b5-483a-8788-4631492c4dde,68123140-4a25-44c0-adff-ea148c54423c,db-9052cc19-a3c8-43aa-b653-f88409d21d01,2026-05-11 03:15:07.574+00
90c36794-424c-4e90-95df-62e2c9ed501b,68123140-4a25-44c0-adff-ea148c54423c,db-01363889-5948-4ef3-9ad4-b43d8ea75cf5,2026-05-11 03:15:07.574+00
062909c8-b5f7-4ec8-bf3a-74173e716e7b,68123140-4a25-44c0-adff-ea148c54423c,db-e8236f0b-dc40-44bd-aab6-206a7b9b9f69,2026-05-11 03:15:07.574+00
2ba41789-23d5-4436-89cd-1f3252ba9f28,68123140-4a25-44c0-adff-ea148c54423c,db-5a6312f7-c479-42cd-9ea4-1a6a092a1cca,2026-05-11 03:15:07.574+00
6140c030-38ff-4223-9070-9dae3f6c65d9,68123140-4a25-44c0-adff-ea148c54423c,db-57cbbb88-b51c-4043-b3b9-a46224ec48c8,2026-05-11 03:17:23.081+00
f65aed66-acec-4677-ae22-b84785194b17,68123140-4a25-44c0-adff-ea148c54423c,db-bce527f5-3d9e-489d-949c-d551a1b07c90,2026-05-11 03:17:23.081+00
d4443acd-878e-49d2-afff-8543b4a41115,68123140-4a25-44c0-adff-ea148c54423c,db-55126e5d-ac62-4265-bd37-e22bb9ff991b,2026-05-11 03:17:23.081+00
a2300040-e87b-469f-ac35-7607ebd27e7f,68123140-4a25-44c0-adff-ea148c54423c,db-275cfee7-88c1-4daa-8f30-d2b2f38aa383,2026-05-11 03:17:23.081+00
2e297cfb-2dec-432e-abb2-3ef2f65d9027,68123140-4a25-44c0-adff-ea148c54423c,db-dc421d64-0407-4385-a11f-0e0d2b6b09e2,2026-05-11 03:17:23.081+00
68fbeb6d-6bd6-465d-a713-fa47ea29f0d0,68123140-4a25-44c0-adff-ea148c54423c,db-6a71ae19-611a-4469-a6aa-7b6a04814f7f,2026-05-11 03:17:23.081+00
e1d2dc3e-5569-42b3-a9e1-9878354fdea9,68123140-4a25-44c0-adff-ea148c54423c,db-a80bad9f-5d05-4e23-8a5e-d6934dc9cc23,2026-05-11 03:17:23.081+00
44cfd5f8-8d22-425f-a0f4-e7ddf2dcc8df,68123140-4a25-44c0-adff-ea148c54423c,db-13d0b535-8d95-4282-836c-a069a1f04074,2026-05-11 03:17:23.081+00
e1e4fd05-3432-4acc-9156-fc408d6c3b9c,68123140-4a25-44c0-adff-ea148c54423c,db-caa4d2ba-eb33-478a-a6fd-89ecec52f738,2026-05-11 04:32:57.72+00
922a435f-d23a-4480-9db9-226ccdf68590,68123140-4a25-44c0-adff-ea148c54423c,db-4f357f40-3b20-496a-8778-ad763cbd8e36,2026-05-11 04:32:57.72+00
011923b5-ed06-43a8-a7a9-b4c0d65cd59d,68123140-4a25-44c0-adff-ea148c54423c,db-5d5e4cbd-9845-4e99-804d-268576a3ea6f,2026-05-11 04:32:57.72+00
bd13e5ee-e1c6-459c-9a67-688d6b22f1cd,68123140-4a25-44c0-adff-ea148c54423c,db-b11ec525-ba06-4f4b-8492-fb2ff47c7ff7,2026-05-11 04:32:57.72+00
51da0f51-7500-4059-9818-4b42cf67431e,68123140-4a25-44c0-adff-ea148c54423c,db-a7a96a69-9a8a-4ab7-bded-99aea8e407ad,2026-05-11 04:32:57.72+00
2efd25f4-236b-4b8c-8290-e6ef1bb13fcf,68123140-4a25-44c0-adff-ea148c54423c,db-cc2cc8df-9b75-4e64-a77a-7aac3130f637,2026-05-11 04:32:57.72+00
07399e57-2d55-4397-8d85-d3b86086971c,68123140-4a25-44c0-adff-ea148c54423c,db-acefe5de-0427-4def-9772-9ee58b917d3b,2026-05-11 04:32:57.72+00
ff247292-d48b-4ac2-92b7-da736fb85dea,68123140-4a25-44c0-adff-ea148c54423c,db-c69175b3-7884-4936-9ccd-dc35e25eae9e,2026-05-11 04:32:57.72+00
442497c0-621e-4719-853a-c5d84b495359,68123140-4a25-44c0-adff-ea148c54423c,db-51f79724-8453-40c2-95b7-b893b05d2752,2026-05-11 04:32:57.72+00
808590b9-5032-449f-8eb9-1310c3a8d9a1,68123140-4a25-44c0-adff-ea148c54423c,db-71f7591e-45b8-416a-b4ad-0e13ff5e0e75,2026-05-11 04:32:57.72+00
37e1e079-9912-4f8e-a3a5-c65c17cf8bb4,68123140-4a25-44c0-adff-ea148c54423c,db-263f3e83-7728-4da3-89a5-1bcc5bbc3fe8,2026-05-11 04:32:57.72+00
84b5d2ce-827d-43f9-a1de-b37a8d1cba4c,68123140-4a25-44c0-adff-ea148c54423c,db-2b9e8457-f8da-4a33-ae8a-1d645a0f4693,2026-05-11 04:32:57.72+00
f6c33e9f-e98a-4da6-bb32-2ee627bac635,68123140-4a25-44c0-adff-ea148c54423c,db-bd9f4bec-9e81-4d09-b208-775604bc2bc3,2026-05-11 04:32:57.72+00
0edf9479-9212-4849-831c-bbff7bd94963,68123140-4a25-44c0-adff-ea148c54423c,db-ea2b1dee-c8ea-4fe2-b62c-22f196277e2c,2026-05-11 04:32:57.72+00
0c92d23d-095d-476e-ae65-2406236fcc63,68123140-4a25-44c0-adff-ea148c54423c,expiring,2026-05-27 01:47:40.824+00
e4f9f096-ea60-4068-9a44-1527bdc8f8a5,68123140-4a25-44c0-adff-ea148c54423c,db-cf93bf93-1557-421e-af8e-71ecfb403c87,2026-05-11 04:32:57.72+00
e931c6c7-c746-4b05-881d-f4c912af0a1a,68123140-4a25-44c0-adff-ea148c54423c,db-077030c6-4aab-42a6-8ff8-aaf2a4e99762,2026-05-11 04:32:57.72+00
d4b0c2b8-5b79-4eff-9f30-39cfead78300,68123140-4a25-44c0-adff-ea148c54423c,db-05d28163-f5d0-4165-b5eb-99eb2890eb8b,2026-05-11 04:32:57.72+00
f26f7b41-f836-4203-8e4b-b9c5669a009c,68123140-4a25-44c0-adff-ea148c54423c,db-5ba9b867-49b3-4293-9930-d2b79f65b1ce,2026-05-11 04:32:57.72+00
b9c4412d-dda7-4a91-941b-f70cc80169f1,68123140-4a25-44c0-adff-ea148c54423c,db-2847d516-0a7e-4108-be23-e99dcfeb5029,2026-05-11 04:32:57.72+00
8ee1dfec-b61b-4861-a560-30c78d36bc53,68123140-4a25-44c0-adff-ea148c54423c,db-853875df-c373-474e-8d6c-2a2f99f04399,2026-05-11 04:32:57.72+00
181ce628-7e69-49db-b0ca-c6d9a7059369,68123140-4a25-44c0-adff-ea148c54423c,db-f6c24cc5-c49d-456a-b448-f19ca0472f8b,2026-05-11 04:32:57.72+00
3c5a77f7-f07d-4725-80ca-cef60b54cc08,68123140-4a25-44c0-adff-ea148c54423c,db-b226cc42-1982-4b41-8fa5-dee7cfa20a2a,2026-05-11 04:32:57.72+00
03c28b82-cbf5-4961-96f3-d7e0d69bc63c,68123140-4a25-44c0-adff-ea148c54423c,db-635d2fd8-940f-4533-8385-cf9b5d2db0c2,2026-05-11 04:32:57.72+00
14f933b2-6f35-40d0-afca-df001f2802ef,68123140-4a25-44c0-adff-ea148c54423c,db-6c0f1906-1701-4654-ba4a-e870eefd11e1,2026-05-11 04:32:57.72+00
58a8064d-e669-41cc-b06e-f83df93268e8,68123140-4a25-44c0-adff-ea148c54423c,db-3937cd8c-e9f6-4a07-802a-4ae81f99b159,2026-05-11 04:32:57.72+00
a16796a8-54fd-4b46-aa7d-3f7a9bf17181,68123140-4a25-44c0-adff-ea148c54423c,db-607a8305-7d77-4843-96d1-e5f28ea197e6,2026-05-11 04:32:57.72+00
8decedfc-b520-4a78-b94d-3872d3c5e953,68123140-4a25-44c0-adff-ea148c54423c,db-303fdfdd-7ab3-471a-963e-8b67f2db130d,2026-05-11 04:32:57.72+00
c0dc5f00-1cb5-41b2-90cf-f55bca896a03,68123140-4a25-44c0-adff-ea148c54423c,db-c39794bc-0864-4480-97ed-0f1efeec8e81,2026-05-11 04:32:57.72+00
4225de58-e18d-41cb-8bea-964b0642c675,68123140-4a25-44c0-adff-ea148c54423c,db-1053d36a-746b-4dd5-b921-e6ca6e587c18,2026-05-11 04:32:57.72+00
71abb1b8-51bf-4296-8f7f-08e94e33cf00,68123140-4a25-44c0-adff-ea148c54423c,db-f2503e0a-b843-4292-a2b6-294d470ed4bc,2026-05-11 04:32:57.72+00
43c8d4bf-8b4f-4429-a5f8-669c4f22f0af,68123140-4a25-44c0-adff-ea148c54423c,db-46559d8b-8ab2-4898-a5e7-018c29e3fcc9,2026-05-11 20:57:40.424+00
d3a93777-8485-4a2e-94ec-b6b293a14dcd,68123140-4a25-44c0-adff-ea148c54423c,db-3c5fc587-2e6e-4617-a3c3-1c83ce5be0e2,2026-05-11 22:45:55.446+00
74232e5b-f610-4126-91e5-752034d05f14,c9544dd0-3729-480b-bd00-315d75a45711,db-7c1b8a7a-bead-4b6c-b9bb-5155ba20702e,2026-05-17 22:09:16.437+00
4462fc2d-8fe1-4bc0-9529-45ca2a172505,68123140-4a25-44c0-adff-ea148c54423c,db-5a0ea030-5afc-4aca-8b50-4f8e61860974,2026-05-11 22:45:57.166+00
e8f04869-9cae-411a-b129-2841a8f5359f,e9e8a10a-6572-4369-a9c6-bdb3e6143f8c,db-4a096f60-0895-4299-89be-e5404a8433f7,2026-05-14 22:29:28.461+00
a89f24e8-31e9-4b71-ba74-dd9139ed725d,68123140-4a25-44c0-adff-ea148c54423c,db-fb31699f-0bed-4c81-a8ef-19f9077c0309,2026-05-15 22:50:51.522+00
0129f9cd-1968-4d0e-95ca-ff1939b41be1,68123140-4a25-44c0-adff-ea148c54423c,db-d1054855-98b6-4865-ab75-d281a1537cd5,2026-05-15 22:50:54.429+00
c8fdf8ab-1cf9-457f-9dfa-26ff77319597,68123140-4a25-44c0-adff-ea148c54423c,db-01453f1a-714f-4bb2-898d-be71b34e9b62,2026-05-15 22:50:54.821+00
30ebee2c-ba58-438a-b245-c4d4c51421cd,68123140-4a25-44c0-adff-ea148c54423c,db-96042d70-4ed4-4964-b352-8602a446774b,2026-05-15 23:41:38.695+00
00824659-550e-489c-b9c1-11c79950bdba,68123140-4a25-44c0-adff-ea148c54423c,db-89c931ee-e370-4d2a-842d-19e3afd4a8d4,2026-05-16 00:07:45.317+00
11b9db62-8ee0-4cca-8aef-ee39696f93f9,68123140-4a25-44c0-adff-ea148c54423c,db-0039d6e0-2516-4e9c-9882-b3c023a5ccc7,2026-05-16 00:07:48.579+00
d52d0103-c4db-4abc-b3f3-443079e70249,68123140-4a25-44c0-adff-ea148c54423c,db-4a7e0ae6-8efd-4210-840a-78e240110920,2026-05-16 00:19:38.921+00
ad9f6beb-2fd8-4146-b22c-9c0a2416253b,68123140-4a25-44c0-adff-ea148c54423c,db-5f074e40-3c79-4250-a290-c0529512ac87,2026-05-16 00:19:39.228+00
20f18177-54d2-438b-ae85-d67956782d3a,68123140-4a25-44c0-adff-ea148c54423c,db-e353c923-081f-45c4-bdb6-766ca0bc5d8d,2026-05-16 00:19:39.521+00
6b5b17e3-824b-4dd1-86c3-6f1f004321f4,68123140-4a25-44c0-adff-ea148c54423c,db-9043ed85-87a0-4cc6-ab12-b3c10c5f4ba0,2026-05-16 00:25:43.616+00
78e0abf1-46e0-410e-87ca-61720acffa16,68123140-4a25-44c0-adff-ea148c54423c,db-56f5bf62-7660-4587-bb26-1d8929ba1e2d,2026-05-16 00:27:18.567+00
c3e3551c-1850-4487-b6f0-77b595adb7cc,1c4c75aa-2561-441e-9c0e-9655aa005e34,db-b081c1f9-d09a-4f60-9968-18af527f837c,2026-05-16 19:23:40.485+00
f38988fa-640c-40b1-9869-07c3e654235d,320fcbb8-c3eb-43e7-a3eb-0f302b46897f,db-a01a05f7-f823-44ad-978d-7149ccb77294,2026-05-17 20:40:52.781+00
4cf0e407-3331-44be-9ce7-1cc86cbdf35b,320fcbb8-c3eb-43e7-a3eb-0f302b46897f,db-75ddbf30-337d-4cd7-a748-f0f60007f50a,2026-05-17 20:40:52.781+00
a57e9d7f-2051-4f00-8a39-8e835c8cfe47,320fcbb8-c3eb-43e7-a3eb-0f302b46897f,db-ca100481-2bd5-4925-8db0-85b74bc9f150,2026-05-17 20:40:52.781+00
a8cd021b-9fc6-4016-b935-92a71a8396b3,320fcbb8-c3eb-43e7-a3eb-0f302b46897f,db-9141c1ea-5d0f-42ee-a05f-35d44a82a30f,2026-05-17 20:40:52.781+00
3dc9e111-c18a-4904-9e2c-f3ff492979af,320fcbb8-c3eb-43e7-a3eb-0f302b46897f,db-0f93e8fd-87b8-4de8-815a-00b4c1b76ae0,2026-05-17 20:40:52.781+00
e6f6cbed-9c87-412d-9326-6d076c529654,c9544dd0-3729-480b-bd00-315d75a45711,db-398613b2-cbfc-4977-8e2b-5d46cb9d8b10,2026-05-17 22:09:16.437+00
d53cd464-b9f8-465f-9c69-42ea27f6ef5b,c9544dd0-3729-480b-bd00-315d75a45711,db-5c3d2811-2bf3-43bd-be61-7090168126dc,2026-05-17 22:09:16.437+00
e57406a1-952c-47e6-86fd-9bf4cdd82ce0,c9544dd0-3729-480b-bd00-315d75a45711,db-600a38da-96fe-4988-8c12-f0b94dd71f23,2026-05-17 22:09:16.437+00
f91eb132-561c-45fd-b94e-432b2917042d,c9544dd0-3729-480b-bd00-315d75a45711,db-f4e4664b-2a8b-41fc-a3db-e9b1f75e6903,2026-05-17 22:09:16.437+00
876452e8-5ed2-4393-87e3-658897c19cd9,c9544dd0-3729-480b-bd00-315d75a45711,db-a955e97a-5bdf-40da-af1c-e09fbc218634,2026-05-17 22:09:16.437+00
f0f29a0f-58d8-4c1b-9356-43dedb275b23,c9544dd0-3729-480b-bd00-315d75a45711,db-775c4766-68d4-49b9-a329-14701c62ee72,2026-05-17 22:09:16.437+00
d90c858a-9e0a-41a8-a09e-a1899fe93f4e,c9544dd0-3729-480b-bd00-315d75a45711,db-aa44130e-bad0-4d3e-9f64-94a838e39504,2026-05-17 22:09:16.437+00
97daad00-7ca9-4d5b-b933-b4ba17282dd0,c9544dd0-3729-480b-bd00-315d75a45711,db-e133c6a7-058e-4679-8cbd-eb38dfae1307,2026-05-17 22:09:16.437+00
5db39119-a550-4c46-ae03-7f11bdb8a634,c9544dd0-3729-480b-bd00-315d75a45711,db-c0c7697c-37be-4afb-827b-e0e66a1a42c4,2026-05-17 22:09:16.437+00
b54e4e18-272f-4b34-9f1d-b2dae4fbf69a,c9544dd0-3729-480b-bd00-315d75a45711,db-60498195-4efc-4f53-b5f3-aa52ca7a5b50,2026-05-17 22:09:16.437+00
8f8013a7-920a-4029-956b-8ba63400aaf1,c9544dd0-3729-480b-bd00-315d75a45711,db-baa07c22-9ebd-4835-967e-4a9a2b59a962,2026-05-17 22:09:16.437+00
b4bf63b5-e98b-46da-addd-c18d16569a9b,c9544dd0-3729-480b-bd00-315d75a45711,db-d31d7437-390c-43e5-8e35-2a60ae57a746,2026-05-17 22:09:16.437+00
56a26026-6242-4a06-b932-31c7d7f26721,c9544dd0-3729-480b-bd00-315d75a45711,db-38c98ad9-9ba7-4f5d-bf9d-845bf463663f,2026-05-17 22:09:16.437+00
8a053f94-2e93-497c-ba64-3dd40a89f612,c9544dd0-3729-480b-bd00-315d75a45711,db-7515f422-0816-498c-8906-1cec0dd8fe5b,2026-05-17 22:09:16.437+00
e045bdbc-d823-43a2-afdd-409b6f831116,c9544dd0-3729-480b-bd00-315d75a45711,db-8e52deb4-5a09-487e-a58a-7d854a3cd95d,2026-05-17 22:09:16.437+00
5f70f1fb-7647-4041-9342-b27b9b501cb2,c9544dd0-3729-480b-bd00-315d75a45711,db-e17e10cf-f0f1-4654-b49c-b9d5295eb383,2026-05-17 21:02:06.093+00
1b3289be-f945-4780-b629-5d812673454a,c9544dd0-3729-480b-bd00-315d75a45711,db-5771ad90-b6f4-4593-97f7-131031701bb9,2026-05-17 21:02:06.093+00
34508d33-4e2f-4966-9254-537847581ce8,dd9fd5b7-074d-4375-a26d-0a2e7c61f47c,db-70dcf878-1b21-4a4b-b75f-7441b639876d,2026-05-27 14:42:11.883+00
748b1fe8-1cbf-48fd-8399-16a693418dc2,c9544dd0-3729-480b-bd00-315d75a45711,db-5d9c4c2e-4bb2-4036-ab84-d7758d5ed10c,2026-05-17 21:30:39.723+00
c17544bb-f170-403b-a612-b4ac5928e42c,c9544dd0-3729-480b-bd00-315d75a45711,db-f76c5f22-51a3-4017-afc0-9717c1abb881,2026-05-17 21:30:39.723+00
2bd5183d-91e4-464b-80b3-af9c22394a35,c9544dd0-3729-480b-bd00-315d75a45711,db-2ecf5ab1-f9ca-4b7d-8d74-e6710594a988,2026-05-17 21:30:39.723+00
4627c52d-4cd0-4c34-9892-6c06505168ed,c9544dd0-3729-480b-bd00-315d75a45711,db-f5e43cb3-167e-4cb3-8b4d-80a7b25867fa,2026-05-17 21:30:39.723+00
c05cfb96-ca4e-4ea5-8d59-e4c1c0a05221,c9544dd0-3729-480b-bd00-315d75a45711,db-62af9cc2-8ef7-47d6-88c8-51cf8be357b0,2026-05-17 21:30:39.723+00
cd236ba1-6b47-4152-b992-72935eaf5991,c9544dd0-3729-480b-bd00-315d75a45711,db-59a461fe-8c5f-4324-82cd-7dbd4d925d79,2026-05-17 22:09:16.437+00
30c009f6-1059-4a38-befc-64806e3a3c2f,c9544dd0-3729-480b-bd00-315d75a45711,db-fd3abdeb-2c5f-4132-82c9-ce3a1c4460a2,2026-05-17 22:09:16.437+00
aab33044-1e18-4682-8fe2-f87f9cf2eced,c9544dd0-3729-480b-bd00-315d75a45711,db-8ff214cc-cda9-47a7-84ab-feeb02d2a0e5,2026-05-17 22:09:16.437+00
6519617a-532c-4e06-ad24-865d56df8ed6,c9544dd0-3729-480b-bd00-315d75a45711,db-02d2149a-f2bc-4fb4-a0d8-cf4c6a2975de,2026-05-17 22:09:16.437+00
99900429-594a-41f2-880d-97004aa1ea71,c9544dd0-3729-480b-bd00-315d75a45711,db-fb9ebe20-ac8d-4008-a07d-cf12fd250189,2026-05-17 22:09:16.437+00
7606de4e-ac91-4a68-bbf9-a917be7bb168,c9544dd0-3729-480b-bd00-315d75a45711,db-f340776d-e840-471c-869a-8c6a59078618,2026-05-17 22:09:16.437+00
f5939f6c-d6a8-4594-93ef-a50191e6eb72,c9544dd0-3729-480b-bd00-315d75a45711,db-1a9b2bc8-d35e-4349-846f-d4dc209345fd,2026-05-17 22:09:16.437+00
2f9a44c6-9a42-4588-8881-13878ca1de27,c9544dd0-3729-480b-bd00-315d75a45711,db-3eb16161-a30e-411e-af39-caf18534d8d1,2026-05-17 22:09:16.437+00
3be86d3a-58df-45d7-9e5a-6955f8fd3217,c9544dd0-3729-480b-bd00-315d75a45711,db-3d41d593-5ba9-42e0-a943-62cb8e376344,2026-05-17 22:09:16.437+00
0eaf72b1-8a2d-48cc-af03-f28527e3b1e1,c9544dd0-3729-480b-bd00-315d75a45711,db-b474d2aa-e20e-4326-afdf-0d4c55240fb0,2026-05-17 22:09:16.437+00
fa6db4cc-6ffc-4de2-9876-756e882842a3,c9544dd0-3729-480b-bd00-315d75a45711,db-f405ad3f-babe-40f2-a9f9-b9d298d8745d,2026-05-17 22:09:16.437+00
4ba2c987-bc4c-4e1f-8c38-0c273091bbf1,c9544dd0-3729-480b-bd00-315d75a45711,db-0ec71746-28e4-44bd-8be8-5ba89478ebe8,2026-05-17 22:09:16.437+00
22ba64ce-a29d-436a-9eb3-bd8426162bfe,c9544dd0-3729-480b-bd00-315d75a45711,db-313dc4f4-ae17-49e5-a09e-5abbcc7d11a8,2026-05-17 22:09:16.437+00
8034c755-b06a-4531-8edf-0847cea912c1,c9544dd0-3729-480b-bd00-315d75a45711,db-de82ef8c-884f-4bcb-8d6c-a6b0b08f3852,2026-05-17 22:09:16.437+00
f0666110-c2b6-4695-9729-89b4b123333f,68123140-4a25-44c0-adff-ea148c54423c,db-7e23a560-1aa7-434e-9335-7cbfdb301db7,2026-05-17 22:59:36.393+00
69141a22-293a-4947-b676-052a1d115d8d,68123140-4a25-44c0-adff-ea148c54423c,db-937baebf-aaff-45f0-bd21-d318d86a37ac,2026-05-17 22:59:40.22+00
ca799bd3-bd7e-4041-96fa-263198df993c,c9544dd0-3729-480b-bd00-315d75a45711,db-e116475a-ccb5-4576-af9c-7341b3954fd6,2026-05-17 23:16:08.853+00
7c7deb03-4dac-4467-b95a-9ffe5bc528a2,68123140-4a25-44c0-adff-ea148c54423c,db-93db2bc8-4b8b-4d0e-bb1e-46a248b13b6e,2026-05-17 23:22:13.162+00
f375bbb1-6d0b-4c7a-8734-2176b4c0569f,68123140-4a25-44c0-adff-ea148c54423c,db-59ddb044-fed3-4c06-a10f-9717835f9b38,2026-05-17 23:34:18.608+00
9cffad3a-73a3-4326-a29d-1d6eb6942838,68123140-4a25-44c0-adff-ea148c54423c,db-5b09384e-e8a0-474a-8c29-6b1688bf69ac,2026-05-17 23:59:35.82+00
f2941e54-61d2-4672-a109-e1b8cb15cec3,68123140-4a25-44c0-adff-ea148c54423c,db-ad98da5c-2781-4891-a589-70987a0350e1,2026-05-18 00:31:06.673+00
ba2adf95-a2de-4ede-ab7c-7af8ea6bb1f4,e60b679b-7e44-484c-a91c-7b7c1ceba32e,db-79852cd8-e62a-43e0-a854-e3e68d902e29,2026-05-18 00:40:34.618+00
1095e8fa-1967-4d53-a65e-1e1f0eab3d68,e60b679b-7e44-484c-a91c-7b7c1ceba32e,expiring,2026-05-18 00:40:34.631+00
9e31cddd-7799-458d-ae40-499c43e8a3a9,68123140-4a25-44c0-adff-ea148c54423c,db-1daa6ab4-8172-460b-8538-7e6ded89f494,2026-05-18 22:46:23.681+00
f09aa482-dab2-4d1c-8d4c-87466cbae4e1,68123140-4a25-44c0-adff-ea148c54423c,db-b8113d39-c2fe-4d44-87f7-75ed379c80e3,2026-05-21 00:22:21.236+00
7a930adf-45a4-4a85-8d89-4a6c46041d0a,c9544dd0-3729-480b-bd00-315d75a45711,db-157435e1-60f5-422c-a2cf-2246a815c2b1,2026-05-24 03:24:17.19+00
93516976-4f74-41e9-816e-5a3fdef47e78,c9544dd0-3729-480b-bd00-315d75a45711,db-5a5a58a9-0320-47e6-8275-b237f6e6562a,2026-05-24 03:24:20.265+00
d1ffac73-1436-4916-aa77-e4f8e34b9840,c9544dd0-3729-480b-bd00-315d75a45711,db-ae3b0dbb-682c-417b-bfd0-fcf69f1bfa75,2026-05-24 03:24:20.458+00
d2ea15e6-7e34-479d-b3c5-e984d45bf80a,68123140-4a25-44c0-adff-ea148c54423c,db-60205327-0d77-40bd-9fd1-e29a64bf3ba2,2026-05-24 20:43:13.024+00
70d9bd96-4ef2-4e7b-b982-5dd41d63216b,68123140-4a25-44c0-adff-ea148c54423c,db-51cbc6c6-3af6-4d54-977e-fb0df6d72fef,2026-05-24 20:43:14.344+00
0e477374-ea30-4106-9c60-9e22290516d6,68123140-4a25-44c0-adff-ea148c54423c,db-ee8ae841-6ed6-4b46-8443-c237f24417cc,2026-05-24 20:43:15.153+00
c3796a16-4ecb-47ed-92b3-1ba3309e7211,68123140-4a25-44c0-adff-ea148c54423c,db-14cb621b-af2e-4219-895a-837c3df3aab6,2026-05-24 21:34:07.955+00
5239b0fb-f35e-42b0-bd39-4c924a14996c,68123140-4a25-44c0-adff-ea148c54423c,db-2b406d51-123e-48a6-abe3-c7341063b09c,2026-05-24 21:34:12.219+00
30ced966-704a-453b-a6ef-5c3da1249401,c9544dd0-3729-480b-bd00-315d75a45711,db-3450cc81-17b0-49cb-898b-b2f040bef4df,2026-05-24 22:49:54.601+00
b81c1f31-7934-4017-8826-e3e1ca79eed8,68123140-4a25-44c0-adff-ea148c54423c,db-3d444021-2682-40e4-bf41-6c6e21640ce3,2026-05-24 23:13:21.936+00
70c18460-ed3f-474a-bd0b-623831358d89,68123140-4a25-44c0-adff-ea148c54423c,db-12e2cd90-1e9e-4a13-9ab6-3cb260e92520,2026-05-24 23:13:23.946+00
77845c54-fcd7-46ce-8246-364d66d20c2c,68123140-4a25-44c0-adff-ea148c54423c,db-ef4d1956-e9c3-41f7-b75d-cb3c509c6ee6,2026-05-25 00:09:59.976+00
b97d069d-ce25-4aed-8d2e-68d4336f5311,68123140-4a25-44c0-adff-ea148c54423c,db-503f7a36-6c25-404a-a90b-30d3aed8f6c5,2026-05-25 00:10:00.309+00
2ac636ca-b1de-44f4-abf7-43742a30679d,68123140-4a25-44c0-adff-ea148c54423c,db-1741277c-d03d-4380-a08c-f1e97fbc080c,2026-05-25 00:17:38.43+00
3ce35b08-81f3-4411-8978-b4cf6460feee,68123140-4a25-44c0-adff-ea148c54423c,db-d43b7624-864b-4b40-98c2-3c4d39836da8,2026-05-26 00:22:30.29+00
86c83090-0ec6-4643-afea-a576dd63e9f4,68123140-4a25-44c0-adff-ea148c54423c,db-4d817024-7a8e-4e60-b946-e8a3c6e0c811,2026-05-27 01:44:55.499+00
e12d4591-c468-4e53-9222-b09b5bddb2be,68123140-4a25-44c0-adff-ea148c54423c,db-6bfdbe9e-cb2b-4e3a-a1a6-011a658d840d,2026-05-27 01:44:55.53+00
62f69ffe-70da-4117-8661-c8b1ec59a83a,68123140-4a25-44c0-adff-ea148c54423c,db-d69cf7e2-355d-4233-8555-84c67f36ec62,2026-05-27 01:59:55.9+00
5634bd64-9f98-4bba-b67a-27d85531beaf,c9544dd0-3729-480b-bd00-315d75a45711,db-46df973b-4539-42b1-8964-e3aee9425021,2026-05-27 02:13:35.587+00
4da1ceb1-aa12-4e73-9c78-41e91534cb1d,c9544dd0-3729-480b-bd00-315d75a45711,db-71123147-54a8-44f4-b831-b88edadb8297,2026-05-27 02:13:35.925+00
a43d8bf8-15a0-4656-81b5-33b62bfbde7b,c9544dd0-3729-480b-bd00-315d75a45711,db-11a6dc8d-f147-4b76-8b24-f4b7248984e9,2026-05-27 02:13:36.237+00
cfeceac2-67b3-4143-bf57-ef743040c6a5,b192ae6f-3143-442f-8ac7-b2fb6c9dca14,db-294ccbf5-ab2c-4c05-ad52-66e8cdd5f39b,2026-05-27 13:28:21.762+00
64714649-1a7e-4f86-a15a-ac313ad414ed,b192ae6f-3143-442f-8ac7-b2fb6c9dca14,expiring,2026-05-27 13:28:21.783+00
1efaafdd-7266-41d0-bd88-2ae902eee99f,dd9fd5b7-074d-4375-a26d-0a2e7c61f47c,db-39cdc277-5a18-4a4f-a066-854730b85b0b,2026-05-27 14:42:14.06+00
13ae5189-84bf-4853-a31c-62904c22b3f2,dd9fd5b7-074d-4375-a26d-0a2e7c61f47c,expiring,2026-05-27 14:56:14.146+00
a2f9ddc5-2723-4a9c-9116-79eafa6af743,c9544dd0-3729-480b-bd00-315d75a45711,db-dfa2c333-be43-4a27-acd2-29acc0692a28,2026-05-27 15:30:47.331+00
a03cbaf5-8a4d-461c-ba7c-8d505b366216,c9544dd0-3729-480b-bd00-315d75a45711,db-db729df0-6cef-479a-8673-7a52a3b95db0,2026-05-27 15:31:00.452+00
4aa37ed6-3087-4999-99ed-1c9145dbe719,c9544dd0-3729-480b-bd00-315d75a45711,db-f298d1ba-e3a3-4571-8080-2c088634aaf0,2026-05-27 17:08:12.54+00
7ae21421-dd6f-452c-a568-e647a74a5f95,dd9fd5b7-074d-4375-a26d-0a2e7c61f47c,db-6d87aee1-befc-432e-9e7e-be1b237702b0,2026-05-28 20:21:58.269+00
