id,payload,topic,resource_id,processed,error_message,created_at
bc1e1d68-6cd8-4be9-a8bf-62cb0012f333,"{""id"": 132198811814, ""data"": {""id"": ""159509744174""}, ""type"": ""payment"", ""action"": ""payment.created"", ""user_id"": ""206332704"", ""live_mode"": true, ""api_version"": ""v1"", ""date_created"": ""2026-05-15T23:53:18Z""}",payment,159509744174,f,,2026-05-15 23:53:19.652933+00
ebb98705-4558-4331-8352-68b44bb41b71,"{""id"": 132199038832, ""data"": {""id"": ""159509744174""}, ""type"": ""payment"", ""action"": ""payment.updated"", ""user_id"": ""206332704"", ""live_mode"": true, ""api_version"": ""v1"", ""date_created"": ""2026-05-15T23:53:18Z""}",payment,159509744174,f,,2026-05-15 23:53:55.670739+00
674c1e65-b2a5-4137-81da-c52a589fd7d0,"{""id"": 132066261029, ""data"": {""id"": ""158732747127""}, ""type"": ""payment"", ""action"": ""payment.created"", ""user_id"": ""206332704"", ""live_mode"": true, ""api_version"": ""v1"", ""date_created"": ""2026-05-15T23:55:46Z""}",payment,158732747127,f,,2026-05-15 23:55:47.520216+00
79fc6482-f610-45e7-8962-d9bbe9fd8b30,"{""id"": 132066726533, ""data"": {""id"": ""159511160392""}, ""type"": ""payment"", ""action"": ""payment.created"", ""user_id"": ""206332704"", ""live_mode"": true, ""api_version"": ""v1"", ""date_created"": ""2026-05-16T00:03:55Z""}",payment,159511160392,f,,2026-05-16 00:03:57.003962+00
04e950ff-b44b-4ce4-8cbd-53f7f3a7a90f,"{""id"": 132066780767, ""data"": {""id"": ""159511160392""}, ""type"": ""payment"", ""action"": ""payment.updated"", ""user_id"": ""206332704"", ""live_mode"": true, ""api_version"": ""v1"", ""date_created"": ""2026-05-16T00:03:55Z""}",payment,159511160392,f,,2026-05-16 00:04:26.652229+00
3bed19ad-fcf0-4e4f-8165-772e90496c1c,"{""id"": 132200242570, ""data"": {""id"": ""159513458328""}, ""type"": ""payment"", ""action"": ""payment.created"", ""user_id"": ""206332704"", ""live_mode"": true, ""api_version"": ""v1"", ""date_created"": ""2026-05-16T00:18:32Z""}",payment,159513458328,f,,2026-05-16 00:18:33.370166+00
e166dfa9-1d53-4a02-9a1d-918900445ab1,"{""id"": 132067483399, ""data"": {""id"": ""159513458328""}, ""type"": ""payment"", ""action"": ""payment.updated"", ""user_id"": ""206332704"", ""live_mode"": true, ""api_version"": ""v1"", ""date_created"": ""2026-05-16T00:18:32Z""}",payment,159513458328,f,,2026-05-16 00:18:58.324301+00
8d507557-9258-4413-8a6b-b92067af371d,"{""id"": 132200281114, ""data"": {""id"": ""159513458328""}, ""type"": ""payment"", ""action"": ""payment.updated"", ""user_id"": ""206332704"", ""live_mode"": true, ""api_version"": ""v1"", ""date_created"": ""2026-05-16T00:18:32Z""}",payment,159513458328,f,,2026-05-16 00:19:01.802344+00
79249f0a-8dc8-4244-b2b2-e990bfe110f9,"{""id"": 132067840001, ""data"": {""id"": ""158738430651""}, ""type"": ""payment"", ""action"": ""payment.created"", ""user_id"": ""206332704"", ""live_mode"": true, ""api_version"": ""v1"", ""date_created"": ""2026-05-16T00:25:08Z""}",payment,158738430651,f,,2026-05-16 00:25:09.3519+00
659bbd22-3350-4181-8917-041712b8277d,"{""id"": 132200696076, ""data"": {""id"": ""158738430651""}, ""type"": ""payment"", ""action"": ""payment.updated"", ""user_id"": ""206332704"", ""live_mode"": true, ""api_version"": ""v1"", ""date_created"": ""2026-05-16T00:25:08Z""}",payment,158738430651,f,,2026-05-16 00:26:13.811331+00
a5ee95c2-c9cd-4efd-bca3-07c256f82914,"{""id"": 132096709609, ""data"": {""id"": ""159602823718""}, ""type"": ""payment"", ""action"": ""payment.created"", ""user_id"": ""206332704"", ""live_mode"": true, ""api_version"": ""v1"", ""date_created"": ""2026-05-16T17:46:01Z""}",payment,159602823718,f,,2026-05-16 17:46:02.381675+00
d6a52c7f-1ca0-4060-9b85-9a18bb59e8ba,"{""id"": 132229872218, ""data"": {""id"": ""159602823718""}, ""type"": ""payment"", ""action"": ""payment.updated"", ""user_id"": ""206332704"", ""live_mode"": true, ""api_version"": ""v1"", ""date_created"": ""2026-05-16T17:46:01Z""}",payment,159602823718,f,,2026-05-16 17:46:43.131712+00
7e41f4cf-c880-431c-902d-3a37463dc8ab,"{""id"": 132229840798, ""data"": {""id"": ""159602823718""}, ""type"": ""payment"", ""action"": ""payment.updated"", ""user_id"": ""206332704"", ""live_mode"": true, ""api_version"": ""v1"", ""date_created"": ""2026-05-16T17:46:01Z""}",payment,159602823718,f,,2026-05-16 17:46:49.224306+00
7e718d57-edff-41f3-a2bd-a47f4e072606,"{""id"": 132106068909, ""data"": {""id"": ""159634924584""}, ""type"": ""payment"", ""action"": ""payment.created"", ""user_id"": ""206332704"", ""live_mode"": true, ""api_version"": ""v1"", ""date_created"": ""2026-05-16T21:15:39Z""}",payment,159634924584,f,,2026-05-16 21:15:40.644662+00
eeaf0ec8-5a4a-4bf7-acc4-86fd51032f4a,"{""id"": 132239121484, ""data"": {""id"": ""159634924584""}, ""type"": ""payment"", ""action"": ""payment.updated"", ""user_id"": ""206332704"", ""live_mode"": true, ""api_version"": ""v1"", ""date_created"": ""2026-05-16T21:15:39Z""}",payment,159634924584,f,,2026-05-16 21:16:10.336352+00
dca1fa47-11e8-4c95-9d47-a554ccf852ec,"{""id"": 132240437854, ""data"": {""id"": ""159638061852""}, ""type"": ""payment"", ""action"": ""payment.created"", ""user_id"": ""206332704"", ""live_mode"": true, ""api_version"": ""v1"", ""date_created"": ""2026-05-16T21:45:20Z""}",payment,159638061852,f,,2026-05-16 21:45:22.651975+00
c75415c4-26dd-46de-9e84-bfc6a468533b,"{""id"": 132107611969, ""data"": {""id"": ""159638061852""}, ""type"": ""payment"", ""action"": ""payment.updated"", ""user_id"": ""206332704"", ""live_mode"": true, ""api_version"": ""v1"", ""date_created"": ""2026-05-16T21:45:20Z""}",payment,159638061852,f,,2026-05-16 21:46:13.782592+00
a0024ed8-5ca7-4b46-9b50-43c974289d09,"{""id"": 132247510578, ""data"": {""id"": ""158732747127""}, ""type"": ""payment"", ""action"": ""payment.updated"", ""user_id"": ""206332704"", ""live_mode"": true, ""api_version"": ""v1"", ""date_created"": ""2026-05-15T23:55:46Z""}",payment,158732747127,f,,2026-05-17 00:01:14.869593+00
5d5156b9-2e62-4229-9a7b-300f2af18ee9,"{""id"": 132148965213, ""data"": {""id"": ""158979712101""}, ""type"": ""payment"", ""action"": ""payment.created"", ""user_id"": ""206332704"", ""live_mode"": true, ""api_version"": ""v1"", ""date_created"": ""2026-05-17T20:38:10Z""}",payment,158979712101,f,,2026-05-17 20:38:11.869198+00
8e80d013-a2f0-4abf-af89-297f90a2ca7e,"{""id"": 132282238146, ""data"": {""id"": ""158979712101""}, ""type"": ""payment"", ""action"": ""payment.updated"", ""user_id"": ""206332704"", ""live_mode"": true, ""api_version"": ""v1"", ""date_created"": ""2026-05-17T20:38:10Z""}",payment,158979712101,f,,2026-05-17 20:38:33.250937+00
6a4418f0-fc74-4256-8589-dc08d0edb0ff,"{""id"": 132282661306, ""data"": {""id"": ""159754666008""}, ""type"": ""payment"", ""action"": ""payment.created"", ""user_id"": ""206332704"", ""live_mode"": true, ""api_version"": ""v1"", ""date_created"": ""2026-05-17T20:51:47Z""}",payment,159754666008,f,,2026-05-17 20:51:48.496905+00
ae866e4e-0dc3-4387-9206-2338c4617c32,"{""id"": 132282786778, ""data"": {""id"": ""159754666008""}, ""type"": ""payment"", ""action"": ""payment.updated"", ""user_id"": ""206332704"", ""live_mode"": true, ""api_version"": ""v1"", ""date_created"": ""2026-05-17T20:51:47Z""}",payment,159754666008,f,,2026-05-17 20:51:57.167999+00
27981fd7-19f6-4dec-af7b-bb20ec4a5b94,"{""id"": 132282786916, ""data"": {""id"": ""159754666008""}, ""type"": ""payment"", ""action"": ""payment.updated"", ""user_id"": ""206332704"", ""live_mode"": true, ""api_version"": ""v1"", ""date_created"": ""2026-05-17T20:51:47Z""}",payment,159754666008,f,,2026-05-17 20:52:03.674435+00
038be684-8f90-4f82-85d9-e557286815cd,"{""id"": 132283220022, ""data"": {""id"": ""158981610413""}, ""type"": ""payment"", ""action"": ""payment.created"", ""user_id"": ""206332704"", ""live_mode"": true, ""api_version"": ""v1"", ""date_created"": ""2026-05-17T21:01:08Z""}",payment,158981610413,f,,2026-05-17 21:01:09.719949+00
b50084da-defe-4ca3-a1ac-619004d22685,"{""id"": 132283165832, ""data"": {""id"": ""158981610413""}, ""type"": ""payment"", ""action"": ""payment.updated"", ""user_id"": ""206332704"", ""live_mode"": true, ""api_version"": ""v1"", ""date_created"": ""2026-05-17T21:01:08Z""}",payment,158981610413,f,,2026-05-17 21:01:34.785425+00
ee9cd4ef-9068-4c65-867c-b6c3d7d8daec,"{""id"": 132151292993, ""data"": {""id"": ""159759066032""}, ""type"": ""payment"", ""action"": ""payment.created"", ""user_id"": ""206332704"", ""live_mode"": true, ""api_version"": ""v1"", ""date_created"": ""2026-05-17T21:29:58Z""}",payment,159759066032,f,,2026-05-17 21:29:59.402527+00
f3934717-0c9f-462b-ac92-d2481f7376af,"{""id"": 132151329729, ""data"": {""id"": ""159759066032""}, ""type"": ""payment"", ""action"": ""payment.updated"", ""user_id"": ""206332704"", ""live_mode"": true, ""api_version"": ""v1"", ""date_created"": ""2026-05-17T21:29:58Z""}",payment,159759066032,f,,2026-05-17 21:30:10.163573+00
f0f23179-7cdd-43c7-8c62-b7f1d68491c5,"{""id"": 132284504418, ""data"": {""id"": ""159759066032""}, ""type"": ""payment"", ""action"": ""payment.updated"", ""user_id"": ""206332704"", ""live_mode"": true, ""api_version"": ""v1"", ""date_created"": ""2026-05-17T21:29:58Z""}",payment,159759066032,f,,2026-05-17 21:30:13.727651+00
37354b3e-596d-4d90-bae8-0863c58d1c11,"{""id"": 132285845794, ""data"": {""id"": ""158987041757""}, ""type"": ""payment"", ""action"": ""payment.created"", ""user_id"": ""206332704"", ""live_mode"": true, ""api_version"": ""v1"", ""date_created"": ""2026-05-17T22:02:42Z""}",payment,158987041757,f,,2026-05-17 22:02:43.122003+00
c8ab7404-d720-4265-9ffa-9969e1a58d69,"{""id"": 132152899893, ""data"": {""id"": ""158987041757""}, ""type"": ""payment"", ""action"": ""payment.updated"", ""user_id"": ""206332704"", ""live_mode"": true, ""api_version"": ""v1"", ""date_created"": ""2026-05-17T22:02:42Z""}",payment,158987041757,f,,2026-05-17 22:02:52.385113+00
61872b0a-faf4-4e70-ae55-7f88a8802930,"{""id"": 132439994361, ""data"": {""id"": ""159989901011""}, ""type"": ""payment"", ""action"": ""payment.created"", ""user_id"": ""206332704"", ""live_mode"": true, ""api_version"": ""v1"", ""date_created"": ""2026-05-24T03:22:54Z""}",payment,159989901011,f,,2026-05-24 03:22:55.284962+00
18747b0b-8fc7-45be-9cf8-05898c8aa695,"{""id"": 132440008773, ""data"": {""id"": ""159989901011""}, ""type"": ""payment"", ""action"": ""payment.updated"", ""user_id"": ""206332704"", ""live_mode"": true, ""api_version"": ""v1"", ""date_created"": ""2026-05-24T03:22:54Z""}",payment,159989901011,f,,2026-05-24 03:23:18.607623+00
a46dabb9-3dd7-4704-9127-9b92efb431f5,"{""id"": 132602599074, ""data"": {""id"": ""160064629661""}, ""type"": ""payment"", ""action"": ""payment.created"", ""user_id"": ""206332704"", ""live_mode"": true, ""api_version"": ""v1"", ""date_created"": ""2026-05-24T21:33:35Z""}",payment,160064629661,f,,2026-05-24 21:33:36.185026+00
65cf98fe-b9ac-473a-bb9f-c1e1700ee401,"{""id"": 132602689056, ""data"": {""id"": ""160064629661""}, ""type"": ""payment"", ""action"": ""payment.updated"", ""user_id"": ""206332704"", ""live_mode"": true, ""api_version"": ""v1"", ""date_created"": ""2026-05-24T21:33:35Z""}",payment,160064629661,f,,2026-05-24 21:33:57.109554+00
f5899707-6e31-47fe-84fe-82f98bc5b539,"{""id"": 132609503114, ""data"": {""id"": ""160868147728""}, ""type"": ""payment"", ""action"": ""payment.created"", ""user_id"": ""206332704"", ""live_mode"": true, ""api_version"": ""v1"", ""date_created"": ""2026-05-25T00:08:27Z""}",payment,160868147728,f,,2026-05-25 00:08:28.814169+00
4f2aa95d-cf78-4b75-8a2c-143179868cec,"{""id"": 132609636142, ""data"": {""id"": ""160868147728""}, ""type"": ""payment"", ""action"": ""payment.updated"", ""user_id"": ""206332704"", ""live_mode"": true, ""api_version"": ""v1"", ""date_created"": ""2026-05-25T00:08:27Z""}",payment,160868147728,f,,2026-05-25 00:08:56.747189+00
5ec2d7a7-ed96-43f1-9563-811b940ce6be,"{""id"": 132516220093, ""data"": {""id"": ""160217487701""}, ""type"": ""payment"", ""action"": ""payment.created"", ""user_id"": ""206332704"", ""live_mode"": true, ""api_version"": ""v1"", ""date_created"": ""2026-05-26T00:19:12Z""}",payment,160217487701,f,,2026-05-26 00:19:14.2242+00
669b98f6-cc0a-4b6b-8a85-7ea382daa4ee,"{""id"": 132694963086, ""data"": {""id"": ""160217487701""}, ""type"": ""payment"", ""action"": ""payment.updated"", ""user_id"": ""206332704"", ""live_mode"": true, ""api_version"": ""v1"", ""date_created"": ""2026-05-26T00:19:12Z""}",payment,160217487701,f,,2026-05-27 00:25:40.505093+00
