id,player_id,competition_id,season,team_id,games_played,goals,assists,yellow_cards,red_cards,clean_sheets,sum_ratings,avg_rating,created_at,updated_at
f7932259-7ea8-46c0-a36d-af848ed7c24d,56738724-3728-42a9-9738-0b4ec9c23e12,edb83ebc-95c3-4f26-99b3-0b758a5d08c6,2026,12186b51-785f-48e2-bf98-5297049f5151,2,2,0,0,0,0,12.00,6.00,2026-05-26 22:35:05.934583+00,2026-05-26 22:35:05.934583+00
95a3ae4e-7812-4f53-8654-9b4f6105723a,9e516de3-cce6-4538-863c-aafd4617052a,edb83ebc-95c3-4f26-99b3-0b758a5d08c6,2026,bb59e55f-4963-4b32-bf38-ca3373b50e18,1,1,0,0,0,0,6.00,6.00,2026-05-26 22:35:05.934583+00,2026-05-26 22:35:05.934583+00
fdf0ef33-f04d-45ec-aad8-5fa24a84ceab,1457d78c-8def-45dd-8922-2fd70b859266,edb83ebc-95c3-4f26-99b3-0b758a5d08c6,2026,e1fc94b5-ade4-4e17-81e2-49026b5a2a38,1,1,0,0,0,0,0.00,0.00,2026-05-26 22:35:05.934583+00,2026-05-26 22:35:05.934583+00
8b9edd57-2748-4e59-b7d2-41346b070589,854daa25-0117-4de6-804d-bd8ec5f3e69f,edb83ebc-95c3-4f26-99b3-0b758a5d08c6,2026,e1fc94b5-ade4-4e17-81e2-49026b5a2a38,3,3,0,0,0,0,0.00,0.00,2026-05-26 22:35:05.934583+00,2026-05-26 22:35:05.934583+00
ce5279b6-d0b6-4876-bdad-76739d364d11,4a61b923-4840-43b6-9ea8-a0d4291b09e7,edb83ebc-95c3-4f26-99b3-0b758a5d08c6,2026,0035bd89-7792-4b23-bcb5-1fa96ce04999,5,5,0,0,0,0,0.00,0.00,2026-05-26 22:35:05.934583+00,2026-05-26 22:35:05.934583+00
201883d5-a492-4f7b-b27f-14ed460bae5a,eb57cfa4-63c3-4625-8e1e-c82d1f440567,edb83ebc-95c3-4f26-99b3-0b758a5d08c6,2026,77d699bb-b99d-4204-b605-2fe9b4d62196,1,1,0,0,0,0,0.00,0.00,2026-05-26 22:35:05.934583+00,2026-05-26 22:35:05.934583+00
cce6031b-33ff-402a-b396-2fe30b436e7c,cdfc2a67-dace-4e0d-9ce2-6899cedf6fe2,edb83ebc-95c3-4f26-99b3-0b758a5d08c6,2026,a33d67f9-f5ce-4f0e-8759-11e3bd705ac6,1,1,0,0,0,0,0.00,0.00,2026-05-26 22:35:05.934583+00,2026-05-26 22:35:05.934583+00
83f28ef8-2b65-45cc-a81a-2886362d7e37,d3cc8da7-ee7b-4652-970a-d2eb88549451,edb83ebc-95c3-4f26-99b3-0b758a5d08c6,2026,d1214869-a00f-4636-928e-afe7dd170a76,3,3,0,0,0,0,0.00,0.00,2026-05-26 22:35:05.934583+00,2026-05-26 22:35:05.934583+00
be567f25-3b28-4ec8-9419-8c8071e0c07e,2644c564-1507-485e-918d-f1d17c56af7e,edb83ebc-95c3-4f26-99b3-0b758a5d08c6,2026,47bddd3b-af10-40b5-ae88-3ae340f13758,4,4,0,0,0,0,0.00,0.00,2026-05-26 22:35:05.934583+00,2026-05-26 22:35:05.934583+00
dc3df783-e1d3-47ed-925d-69bf4173a32f,cb5c26b2-49f3-47cf-b7d7-b813bb2583fc,edb83ebc-95c3-4f26-99b3-0b758a5d08c6,2026,5e6795fa-b8fb-45ea-a395-cb5b37d41b63,4,4,0,0,0,0,0.00,0.00,2026-05-26 22:35:05.934583+00,2026-05-26 22:35:05.934583+00
255f47d4-7961-4a6a-99d0-239538372003,f6db9896-8a54-4ce9-b53e-cea5878a3874,edb83ebc-95c3-4f26-99b3-0b758a5d08c6,2026,3df8e77c-b4c6-4719-bdf4-e6a4006c0655,2,2,0,0,0,0,0.00,0.00,2026-05-26 22:35:05.934583+00,2026-05-26 22:35:05.934583+00
477f3127-e25f-4d7c-a519-2a2518e25480,1a6108f4-e857-4ee7-95c4-0dcedc10bd36,edb83ebc-95c3-4f26-99b3-0b758a5d08c6,2026,0035bd89-7792-4b23-bcb5-1fa96ce04999,1,1,0,0,0,0,0.00,0.00,2026-05-26 22:35:05.934583+00,2026-05-26 22:35:05.934583+00
e620aa0f-eb7a-42d6-8979-b7128f0f75a6,73b30217-3f44-45d6-b8a7-d24f96143dd5,edb83ebc-95c3-4f26-99b3-0b758a5d08c6,2026,77d699bb-b99d-4204-b605-2fe9b4d62196,1,1,0,0,0,0,0.00,0.00,2026-05-26 22:35:05.934583+00,2026-05-26 22:35:05.934583+00
daef82bf-78c8-4cee-807c-0c904f8be0c4,abc0e3e9-b65e-4cd2-b42d-1ff4f640dd90,edb83ebc-95c3-4f26-99b3-0b758a5d08c6,2026,47bddd3b-af10-40b5-ae88-3ae340f13758,2,2,0,0,0,0,0.00,0.00,2026-05-26 22:35:05.934583+00,2026-05-26 22:35:05.934583+00
7d753665-9856-4a97-9098-c51899c84327,f697169e-f562-4091-8255-bf5a975dd7c6,edb83ebc-95c3-4f26-99b3-0b758a5d08c6,2026,b0eab5aa-8bf0-4787-abdf-5175f5efc4a6,1,1,0,0,0,0,0.00,0.00,2026-05-26 22:35:05.934583+00,2026-05-26 22:35:05.934583+00
aa5c459a-2c1c-46a8-9d25-0fcc92fdc42e,e7dd9c19-699b-4ff4-8e62-304fcb416195,edb83ebc-95c3-4f26-99b3-0b758a5d08c6,2026,77d699bb-b99d-4204-b605-2fe9b4d62196,3,3,0,0,0,0,0.00,0.00,2026-05-26 22:35:05.934583+00,2026-05-26 22:35:05.934583+00
bbdf3c29-9765-4705-92b2-95cd277ce9b7,6562819f-5202-4725-a4aa-6a9cb92bb2e3,edb83ebc-95c3-4f26-99b3-0b758a5d08c6,2026,d1214869-a00f-4636-928e-afe7dd170a76,1,1,0,0,0,0,0.00,0.00,2026-05-26 22:35:05.934583+00,2026-05-26 22:35:05.934583+00
ba86600e-336c-425a-a4cb-146e4f078ede,83ca8181-d855-4fa7-b548-4aa74f52bb1f,edb83ebc-95c3-4f26-99b3-0b758a5d08c6,2026,a33d67f9-f5ce-4f0e-8759-11e3bd705ac6,1,1,0,0,0,0,0.00,0.00,2026-05-26 22:35:05.934583+00,2026-05-26 22:35:05.934583+00
7280c0ea-b30f-425a-9eff-53d900558650,fedc0052-2a10-4f37-ba84-c5eb59356123,edb83ebc-95c3-4f26-99b3-0b758a5d08c6,2026,b0eab5aa-8bf0-4787-abdf-5175f5efc4a6,2,2,0,0,0,0,0.00,0.00,2026-05-26 22:35:05.934583+00,2026-05-26 22:35:05.934583+00
399e8efe-8986-4b44-8ef3-f8838fc5b88e,cf6bbc1c-c423-4017-885b-b90c95cdc6f1,edb83ebc-95c3-4f26-99b3-0b758a5d08c6,2026,c76f139d-344d-4254-9516-933e540cbb2c,2,2,0,0,0,0,0.00,0.00,2026-05-26 22:35:05.934583+00,2026-05-26 22:35:05.934583+00
093b7846-7977-4da1-a047-9b0fc30f86c6,4b7a3f2b-ff08-4ac8-8929-99cef6943c1c,edb83ebc-95c3-4f26-99b3-0b758a5d08c6,2026,0035bd89-7792-4b23-bcb5-1fa96ce04999,2,2,0,0,0,0,0.00,0.00,2026-05-26 22:35:05.934583+00,2026-05-26 22:35:05.934583+00
655cb32f-1f90-460d-8873-f40675b29dc3,48504fce-72df-4e7a-9163-88064c692748,edb83ebc-95c3-4f26-99b3-0b758a5d08c6,2026,3df8e77c-b4c6-4719-bdf4-e6a4006c0655,2,2,0,0,0,0,0.00,0.00,2026-05-26 22:35:05.934583+00,2026-05-26 22:35:05.934583+00
61dafc4c-5ece-45df-a8ba-f2f1fdd7005c,1c3c4e41-51d2-4839-817f-35c36b4e869c,edb83ebc-95c3-4f26-99b3-0b758a5d08c6,2026,a33d67f9-f5ce-4f0e-8759-11e3bd705ac6,1,1,0,0,0,0,0.00,0.00,2026-05-26 22:35:05.934583+00,2026-05-26 22:35:05.934583+00
4cb7e5c2-8cf5-4ae3-9efe-a8de13001ccd,d2621b67-7295-44e3-9a4f-48dd2c02661b,edb83ebc-95c3-4f26-99b3-0b758a5d08c6,2026,47bddd3b-af10-40b5-ae88-3ae340f13758,1,1,0,0,0,0,0.00,0.00,2026-05-26 22:35:05.934583+00,2026-05-26 22:35:05.934583+00
c8f7290d-b072-41e6-9e8e-9b996a0e6191,659a0207-3160-4cd4-9349-dc4d5df5a2c5,edb83ebc-95c3-4f26-99b3-0b758a5d08c6,2026,12186b51-785f-48e2-bf98-5297049f5151,2,2,0,0,0,0,12.00,6.00,2026-05-26 22:35:05.934583+00,2026-05-26 22:35:05.934583+00
7eaf7217-dfbb-44f3-a397-400df865ce6e,0c74b16d-9c30-4c26-9ec6-08d67e46d7b6,edb83ebc-95c3-4f26-99b3-0b758a5d08c6,2026,3df8e77c-b4c6-4719-bdf4-e6a4006c0655,1,1,0,0,0,0,0.00,0.00,2026-05-26 22:35:05.934583+00,2026-05-26 22:35:05.934583+00
52d57796-1667-4ce3-a233-61dad11d3a59,a38f8f2b-fc5c-42c9-a91c-8a2dc02c0269,edb83ebc-95c3-4f26-99b3-0b758a5d08c6,2026,12186b51-785f-48e2-bf98-5297049f5151,2,1,0,0,0,0,12.00,6.00,2026-05-26 22:35:05.934583+00,2026-05-26 22:35:05.934583+00
a5b6d12b-5ae8-48eb-a71f-46533d561bb3,4a08fe2f-65a9-4019-8cae-8f56d7592a2c,edb83ebc-95c3-4f26-99b3-0b758a5d08c6,2026,b0eab5aa-8bf0-4787-abdf-5175f5efc4a6,3,3,0,0,0,0,0.00,0.00,2026-05-26 22:35:05.934583+00,2026-05-26 22:35:05.934583+00
eafc0347-1a4d-46ed-a003-a22d66b10c5a,c937a443-921d-4a6b-b082-6377cf1fb2e4,edb83ebc-95c3-4f26-99b3-0b758a5d08c6,2026,a33d67f9-f5ce-4f0e-8759-11e3bd705ac6,1,1,0,0,0,0,0.00,0.00,2026-05-26 22:35:05.934583+00,2026-05-26 22:35:05.934583+00
2334489b-c8df-42a5-93b2-caa6a328fced,91b710c5-51cf-4ff6-ae75-f86f3ca1f826,edb83ebc-95c3-4f26-99b3-0b758a5d08c6,2026,c76f139d-344d-4254-9516-933e540cbb2c,3,3,0,0,0,0,0.00,0.00,2026-05-26 22:35:05.934583+00,2026-05-26 22:35:05.934583+00
df93c6fe-ad70-4e28-b523-0a8748925b70,7c123803-c3e9-48a5-b14c-7acf3dad4ed4,edb83ebc-95c3-4f26-99b3-0b758a5d08c6,2026,47bddd3b-af10-40b5-ae88-3ae340f13758,4,4,0,0,0,0,0.00,0.00,2026-05-26 22:35:05.934583+00,2026-05-26 22:35:05.934583+00
42f67c16-471c-441b-9002-02daffd00edb,cb1bee26-6de7-4af4-a580-a6c250cf4080,edb83ebc-95c3-4f26-99b3-0b758a5d08c6,2026,c76f139d-344d-4254-9516-933e540cbb2c,2,2,0,0,0,0,0.00,0.00,2026-05-26 22:35:05.934583+00,2026-05-26 22:35:05.934583+00
827d75b7-f286-466b-a8a1-1a4f802b6446,d52bc8fb-80b4-4f4a-9a13-04d90e8cb01b,edb83ebc-95c3-4f26-99b3-0b758a5d08c6,2026,a33d67f9-f5ce-4f0e-8759-11e3bd705ac6,2,2,0,0,0,0,0.00,0.00,2026-05-26 22:35:05.934583+00,2026-05-26 22:35:05.934583+00
aed30932-549b-4e46-a57a-19a042c078b3,49ad4509-3838-4e6e-8deb-8c36b535f50e,edb83ebc-95c3-4f26-99b3-0b758a5d08c6,2026,77d699bb-b99d-4204-b605-2fe9b4d62196,1,1,0,0,0,0,0.00,0.00,2026-05-26 22:35:05.934583+00,2026-05-26 22:35:05.934583+00
9fc9c2cf-aec3-4ca0-8c5f-e2c88270b7eb,0deb4e16-3389-4ba1-94ad-50bdbd024cd4,edb83ebc-95c3-4f26-99b3-0b758a5d08c6,2026,a33d67f9-f5ce-4f0e-8759-11e3bd705ac6,4,4,0,0,0,0,0.00,0.00,2026-05-26 22:35:05.934583+00,2026-05-26 22:35:05.934583+00
b7c95e2f-8c3b-4761-b7d5-19ca8fd39f02,2095edf3-7f8f-490b-8d72-4d5621b8b95e,edb83ebc-95c3-4f26-99b3-0b758a5d08c6,2026,77d699bb-b99d-4204-b605-2fe9b4d62196,1,1,0,0,0,0,0.00,0.00,2026-05-26 22:35:05.934583+00,2026-05-26 22:35:05.934583+00
c67df47f-5a80-4a76-b548-cad0ebd1d616,6ff5995a-b56c-45fe-8580-f1f588212678,edb83ebc-95c3-4f26-99b3-0b758a5d08c6,2026,0035bd89-7792-4b23-bcb5-1fa96ce04999,1,1,0,0,0,0,0.00,0.00,2026-05-26 22:35:05.934583+00,2026-05-26 22:35:05.934583+00
5ea1fb6e-9f51-4313-b44a-823b85cea19b,99175ae2-11f6-479f-a49c-b82065d591ca,edb83ebc-95c3-4f26-99b3-0b758a5d08c6,2026,c76f139d-344d-4254-9516-933e540cbb2c,4,4,0,0,0,0,0.00,0.00,2026-05-26 22:35:05.934583+00,2026-05-26 22:35:05.934583+00
e4948386-85bb-4b87-a409-76fbbe4cc750,51a838b3-80c4-48e1-86f1-62317bf1800e,edb83ebc-95c3-4f26-99b3-0b758a5d08c6,2026,d1214869-a00f-4636-928e-afe7dd170a76,1,1,0,0,0,0,0.00,0.00,2026-05-26 22:35:05.934583+00,2026-05-26 22:35:05.934583+00
0823289a-5c59-42ca-b26d-0c52498522de,f9fc3d5f-5254-4161-8f29-b0ae874a4330,edb83ebc-95c3-4f26-99b3-0b758a5d08c6,2026,12186b51-785f-48e2-bf98-5297049f5151,2,1,0,0,0,0,12.00,6.00,2026-05-26 22:35:05.934583+00,2026-05-26 22:35:05.934583+00
20a949c2-a907-48c7-a6f1-ba4b3509cee9,55a7dcc8-894a-40ee-919e-14a3817db4b3,edb83ebc-95c3-4f26-99b3-0b758a5d08c6,2026,d1214869-a00f-4636-928e-afe7dd170a76,1,1,0,0,0,0,0.00,0.00,2026-05-26 22:35:05.934583+00,2026-05-26 22:35:05.934583+00
9ffeb1ad-d500-44a9-96d6-8242688def38,e90b94f5-42b7-4516-ba26-a98d9d679162,edb83ebc-95c3-4f26-99b3-0b758a5d08c6,2026,bb59e55f-4963-4b32-bf38-ca3373b50e18,1,1,0,0,0,0,6.70,6.70,2026-05-26 22:35:05.934583+00,2026-05-26 22:35:05.934583+00
7b8bc57e-eaf1-40ba-8395-4738cee2afe7,ca872b86-bd35-4d49-a2a5-fa81cc1f224f,edb83ebc-95c3-4f26-99b3-0b758a5d08c6,2026,bb59e55f-4963-4b32-bf38-ca3373b50e18,2,2,0,0,0,0,6.70,3.35,2026-05-26 22:35:05.934583+00,2026-05-26 22:35:05.934583+00
f0bf81c8-2b15-4b5f-837c-02c9da9bfb6a,138809af-25b7-492f-892b-397a62d25b31,edb83ebc-95c3-4f26-99b3-0b758a5d08c6,2026,c76f139d-344d-4254-9516-933e540cbb2c,3,3,0,0,0,0,0.00,0.00,2026-05-26 22:35:05.934583+00,2026-05-26 22:35:05.934583+00
85ea6dd9-af86-4700-969c-713dcb86ecee,97aa4608-1d90-473a-b6dd-1651cbaf0c42,edb83ebc-95c3-4f26-99b3-0b758a5d08c6,2026,0035bd89-7792-4b23-bcb5-1fa96ce04999,1,1,0,0,0,0,0.00,0.00,2026-05-26 22:35:05.934583+00,2026-05-26 22:35:05.934583+00
8caa296e-7cd8-4a2e-b576-3517b0399461,cc6fcd2d-b603-44b4-92c0-9412bd8e73c5,edb83ebc-95c3-4f26-99b3-0b758a5d08c6,2026,fae5418f-5618-4583-a774-fe4643550fd2,1,1,0,0,0,0,0.00,0.00,2026-05-26 22:35:05.934583+00,2026-05-26 22:35:05.934583+00
f03fcd2f-7ad3-4f4e-b5c4-d591b71f7931,0fba4f65-a265-4248-9f63-c1d23a0547be,edb83ebc-95c3-4f26-99b3-0b758a5d08c6,2026,e1fc94b5-ade4-4e17-81e2-49026b5a2a38,3,3,0,0,0,0,0.00,0.00,2026-05-26 22:35:05.934583+00,2026-05-26 22:35:05.934583+00
86ce2650-676c-47ae-8d15-d234e62eeb88,794ac59e-7faa-469d-9f0e-63c4d43903a7,edb83ebc-95c3-4f26-99b3-0b758a5d08c6,2026,3df8e77c-b4c6-4719-bdf4-e6a4006c0655,3,3,0,0,0,0,0.00,0.00,2026-05-26 22:35:05.934583+00,2026-05-26 22:35:05.934583+00
8d524ad4-36f4-4406-9e92-360f50de839a,b36abbc8-5e80-4ce6-9cc4-c45af3abfb3b,edb83ebc-95c3-4f26-99b3-0b758a5d08c6,2026,bb59e55f-4963-4b32-bf38-ca3373b50e18,2,2,0,0,0,0,6.00,3.00,2026-05-26 22:35:05.934583+00,2026-05-26 22:35:05.934583+00
1a8f7bb6-2769-4063-b50d-eae4d6039ca8,48ced07f-465e-41ef-bac6-5a83c0783210,edb83ebc-95c3-4f26-99b3-0b758a5d08c6,2026,47bddd3b-af10-40b5-ae88-3ae340f13758,2,2,0,0,0,0,0.00,0.00,2026-05-26 22:35:05.934583+00,2026-05-26 22:35:05.934583+00
211d425f-7760-4503-98b8-718816f6efab,41abfd9f-e90f-47c1-bf09-e65a2a7c6dcc,edb83ebc-95c3-4f26-99b3-0b758a5d08c6,2026,e1fc94b5-ade4-4e17-81e2-49026b5a2a38,2,2,0,0,0,0,0.00,0.00,2026-05-26 22:35:05.934583+00,2026-05-26 22:35:05.934583+00
fe792d6c-adde-4e24-86c6-2c3f46726bc5,eb7538d2-0820-485c-b3da-b1613f56d2dd,edb83ebc-95c3-4f26-99b3-0b758a5d08c6,2026,c76f139d-344d-4254-9516-933e540cbb2c,4,4,0,0,0,0,0.00,0.00,2026-05-26 22:35:05.934583+00,2026-05-26 22:35:05.934583+00
1c4787d2-9dd8-4e8e-bebf-677a64adfa55,6bdcfc87-e7e4-4954-957e-f3dd296bab61,edb83ebc-95c3-4f26-99b3-0b758a5d08c6,2026,11204548-ef56-41bb-8525-c39645e56c14,2,2,0,0,0,0,6.00,3.00,2026-05-26 22:35:05.934583+00,2026-05-26 22:35:05.934583+00
1020c3be-3338-4713-be91-04da490de7d3,5d96b8ff-ead2-4117-b6cc-be7643e4484f,edb83ebc-95c3-4f26-99b3-0b758a5d08c6,2026,77d699bb-b99d-4204-b605-2fe9b4d62196,1,1,0,0,0,0,0.00,0.00,2026-05-26 22:35:05.934583+00,2026-05-26 22:35:05.934583+00
78869b58-ad28-4a0b-a64b-5fbab6486c4f,c567a211-cbba-4106-9ab9-128a8d821308,edb83ebc-95c3-4f26-99b3-0b758a5d08c6,2026,b5b52f3a-7a6e-4cd6-9332-c2b874e3398b,3,3,0,0,0,0,0.00,0.00,2026-05-26 22:35:05.934583+00,2026-05-26 22:35:05.934583+00
060582b4-7f1f-4a80-be11-ce0e776f2b47,91d2fd8e-e199-4c69-bec3-f7c9d5f9f2e1,edb83ebc-95c3-4f26-99b3-0b758a5d08c6,2026,a33d67f9-f5ce-4f0e-8759-11e3bd705ac6,2,2,0,0,0,0,0.00,0.00,2026-05-26 22:35:05.934583+00,2026-05-26 22:35:05.934583+00
df45498c-7b16-421c-9efc-194e5b12b79d,1a19dc56-36cb-49ef-8cf5-74f765cea219,edb83ebc-95c3-4f26-99b3-0b758a5d08c6,2026,b5b52f3a-7a6e-4cd6-9332-c2b874e3398b,2,2,0,0,0,0,0.00,0.00,2026-05-26 22:35:05.934583+00,2026-05-26 22:35:05.934583+00
52b99e1d-f042-4f01-a2cc-5c208a62ac69,960820a4-78aa-4547-b646-1d816b1b4996,edb83ebc-95c3-4f26-99b3-0b758a5d08c6,2026,e0e4ca78-504f-497c-8096-ff4d4e9ee041,2,2,0,0,0,0,0.00,0.00,2026-05-26 22:35:05.934583+00,2026-05-26 22:35:05.934583+00
6c10d442-1bef-46c6-84ca-f33f355a1bcf,3e640e99-582b-4621-a9b5-4ffc69265b69,edb83ebc-95c3-4f26-99b3-0b758a5d08c6,2026,b5b52f3a-7a6e-4cd6-9332-c2b874e3398b,2,2,0,0,0,0,0.00,0.00,2026-05-26 22:35:05.934583+00,2026-05-26 22:35:05.934583+00
4e52a7e2-426f-4c65-8990-0bd712090f2b,c599abeb-644a-4137-8579-5014411bcf1a,edb83ebc-95c3-4f26-99b3-0b758a5d08c6,2026,77d699bb-b99d-4204-b605-2fe9b4d62196,1,1,0,0,0,0,0.00,0.00,2026-05-26 22:35:05.934583+00,2026-05-26 22:35:05.934583+00
00066872-7828-4535-90bd-c86bf3ca62d1,613faf23-bc6c-454f-914c-b06fe6dca67e,edb83ebc-95c3-4f26-99b3-0b758a5d08c6,2026,47bddd3b-af10-40b5-ae88-3ae340f13758,1,1,0,0,0,0,0.00,0.00,2026-05-26 22:35:05.934583+00,2026-05-26 22:35:05.934583+00
3d95e2ca-9abd-4e23-8a1a-7a3f9a3714d9,91caddd6-6d7d-48de-8938-302205957c0c,edb83ebc-95c3-4f26-99b3-0b758a5d08c6,2026,3df8e77c-b4c6-4719-bdf4-e6a4006c0655,1,1,0,0,0,0,0.00,0.00,2026-05-26 22:35:05.934583+00,2026-05-26 22:35:05.934583+00
fe6491b0-13aa-4f09-926d-db5ee6515747,6197d303-0537-4b61-8343-275145e8eda8,edb83ebc-95c3-4f26-99b3-0b758a5d08c6,2026,3df8e77c-b4c6-4719-bdf4-e6a4006c0655,2,2,0,0,0,0,0.00,0.00,2026-05-26 22:35:05.934583+00,2026-05-26 22:35:05.934583+00
c7f9fbfc-8358-440d-9dc5-f9bb12f66255,b7ec38f7-a1fb-49f1-b72c-beda7fe8ad95,edb83ebc-95c3-4f26-99b3-0b758a5d08c6,2026,c76f139d-344d-4254-9516-933e540cbb2c,1,1,0,0,0,0,0.00,0.00,2026-05-26 22:35:05.934583+00,2026-05-26 22:35:05.934583+00
918a4e19-f728-403c-9ae6-0c5f4b3b9f3a,a60b31c7-16c1-42c6-8e05-007081f4ec01,edb83ebc-95c3-4f26-99b3-0b758a5d08c6,2026,a33d67f9-f5ce-4f0e-8759-11e3bd705ac6,1,1,0,0,0,0,0.00,0.00,2026-05-26 22:35:05.934583+00,2026-05-26 22:35:05.934583+00
fc0b8d71-15cd-45fa-b8a7-1262deaca164,d0acb9fc-907e-4ebe-8e0f-53539e8e9913,edb83ebc-95c3-4f26-99b3-0b758a5d08c6,2026,bb59e55f-4963-4b32-bf38-ca3373b50e18,1,1,0,0,0,0,6.00,6.00,2026-05-26 22:35:05.934583+00,2026-05-26 22:35:05.934583+00
f7e735bd-4b2b-4ee5-8c1a-ea1ad460da91,a6bb03f7-9409-48d5-a26a-0064d4c3897e,edb83ebc-95c3-4f26-99b3-0b758a5d08c6,2026,e0e4ca78-504f-497c-8096-ff4d4e9ee041,5,5,0,0,0,0,0.00,0.00,2026-05-26 22:35:05.934583+00,2026-05-26 22:35:05.934583+00
9de98d52-9a34-4bed-a1a5-e1e9052c7575,86523b4f-9124-481d-8e0f-4ceb5d0fedc9,edb83ebc-95c3-4f26-99b3-0b758a5d08c6,2026,5e6795fa-b8fb-45ea-a395-cb5b37d41b63,3,3,0,0,0,0,0.00,0.00,2026-05-26 22:35:05.934583+00,2026-05-26 22:35:05.934583+00
06d39f62-d610-43d0-a144-69a660cb8f74,0a1dee96-b29c-424a-84db-31fad854c667,edb83ebc-95c3-4f26-99b3-0b758a5d08c6,2026,5e6795fa-b8fb-45ea-a395-cb5b37d41b63,1,1,0,0,0,0,0.00,0.00,2026-05-26 22:35:05.934583+00,2026-05-26 22:35:05.934583+00
473012c2-47c6-4289-8402-cd0e1b9a9cd5,c7b34cfa-88c5-43d9-9f24-05b291fb0af1,edb83ebc-95c3-4f26-99b3-0b758a5d08c6,2026,b0eab5aa-8bf0-4787-abdf-5175f5efc4a6,1,1,0,0,0,0,0.00,0.00,2026-05-26 22:35:05.934583+00,2026-05-26 22:35:05.934583+00
acc2a905-07a8-4cd8-8920-f0c17c431d0e,f31f0022-5cb2-4c7f-a4d2-1101c74934d9,edb83ebc-95c3-4f26-99b3-0b758a5d08c6,2026,12186b51-785f-48e2-bf98-5297049f5151,3,3,0,0,0,0,12.00,4.00,2026-05-26 22:35:05.934583+00,2026-05-26 22:35:05.934583+00
9adcc7d6-f11a-4fda-a7fb-dc74dfd1bfd3,95272c4c-dd7b-4cf6-ad4f-3d969dbb8659,edb83ebc-95c3-4f26-99b3-0b758a5d08c6,2026,bb59e55f-4963-4b32-bf38-ca3373b50e18,3,3,0,0,0,0,6.00,2.00,2026-05-26 22:35:05.934583+00,2026-05-26 22:35:05.934583+00
23a29383-472e-4d38-a5d0-057767445304,911cfb9b-2acc-4fdd-810e-1bd76db406bd,edb83ebc-95c3-4f26-99b3-0b758a5d08c6,2026,c76f139d-344d-4254-9516-933e540cbb2c,2,2,0,0,0,0,0.00,0.00,2026-05-26 22:35:05.934583+00,2026-05-26 22:35:05.934583+00
40aff808-1774-46fd-9521-cb1773a40447,ec8510dd-ff59-416f-a1ba-0d8e168bbb14,edb83ebc-95c3-4f26-99b3-0b758a5d08c6,2026,e1fc94b5-ade4-4e17-81e2-49026b5a2a38,2,2,0,0,0,0,0.00,0.00,2026-05-26 22:35:05.934583+00,2026-05-26 22:35:05.934583+00
f3a40b9f-2edb-4668-9182-d8538b817c0f,4b89ad3e-920f-4d00-b79b-ac8e414f6e53,edb83ebc-95c3-4f26-99b3-0b758a5d08c6,2026,b5b52f3a-7a6e-4cd6-9332-c2b874e3398b,4,4,0,0,0,0,0.00,0.00,2026-05-26 22:35:05.934583+00,2026-05-26 22:35:05.934583+00
880ae76d-d82a-4f2d-9d53-cb5572babe1d,e39f8eba-8834-4a34-830a-75653deb2398,edb83ebc-95c3-4f26-99b3-0b758a5d08c6,2026,77d699bb-b99d-4204-b605-2fe9b4d62196,1,1,0,0,0,0,0.00,0.00,2026-05-26 22:35:05.934583+00,2026-05-26 22:35:05.934583+00
5a6d3804-7564-4858-bb63-4cdc65bf75f9,1dec70ef-88ee-449d-be6a-cee7dcd0f86d,edb83ebc-95c3-4f26-99b3-0b758a5d08c6,2026,0035bd89-7792-4b23-bcb5-1fa96ce04999,2,2,0,0,0,0,0.00,0.00,2026-05-26 22:35:05.934583+00,2026-05-26 22:35:05.934583+00
9c78701d-0270-4c39-94ed-80146af357cd,7966f9f4-49ef-4135-abcb-e5c137f1917d,edb83ebc-95c3-4f26-99b3-0b758a5d08c6,2026,bb59e55f-4963-4b32-bf38-ca3373b50e18,1,1,0,0,0,0,6.00,6.00,2026-05-26 22:35:05.934583+00,2026-05-26 22:35:05.934583+00
b5d3bd1c-a5c4-4fa9-8f59-08e44fc3b458,8635f95d-1211-48f6-8ce0-dc5455047c17,edb83ebc-95c3-4f26-99b3-0b758a5d08c6,2026,bb59e55f-4963-4b32-bf38-ca3373b50e18,1,1,0,0,0,0,6.90,6.90,2026-05-26 22:35:05.934583+00,2026-05-26 22:35:05.934583+00
3f85a490-5fd1-43fc-9fbf-dd50fc53721a,c35d4930-ddfb-4880-9f18-002c107bf362,edb83ebc-95c3-4f26-99b3-0b758a5d08c6,2026,77d699bb-b99d-4204-b605-2fe9b4d62196,4,4,0,0,0,0,0.00,0.00,2026-05-26 22:35:05.934583+00,2026-05-26 22:35:05.934583+00
31d45962-d849-4f57-bfa2-a2eab6923973,66aef58c-4aff-43ea-8276-7c72b139588a,edb83ebc-95c3-4f26-99b3-0b758a5d08c6,2026,d1214869-a00f-4636-928e-afe7dd170a76,1,1,0,0,0,0,0.00,0.00,2026-05-26 22:35:05.934583+00,2026-05-26 22:35:05.934583+00
965f6084-fd5e-4a74-aea4-7e991a6568c8,dd2d1648-f559-4aa5-a8b0-ebaec8f009de,edb83ebc-95c3-4f26-99b3-0b758a5d08c6,2026,3df8e77c-b4c6-4719-bdf4-e6a4006c0655,4,4,0,0,0,0,0.00,0.00,2026-05-26 22:35:05.934583+00,2026-05-26 22:35:05.934583+00
fa1c6040-9a02-4111-8986-dd70011df96f,f93eaaa6-3b4e-4ef4-baee-df8322456e37,edb83ebc-95c3-4f26-99b3-0b758a5d08c6,2026,0035bd89-7792-4b23-bcb5-1fa96ce04999,1,1,0,0,0,0,0.00,0.00,2026-05-26 22:35:05.934583+00,2026-05-26 22:35:05.934583+00
d4a3ebc1-c3ab-4aef-b092-04f38c4c89b5,b30fbfe7-cd40-4a93-923c-f53b2604c288,edb83ebc-95c3-4f26-99b3-0b758a5d08c6,2026,47bddd3b-af10-40b5-ae88-3ae340f13758,1,1,0,0,0,0,0.00,0.00,2026-05-26 22:35:05.934583+00,2026-05-26 22:35:05.934583+00
78a4392f-6425-48a1-aeaf-239efa6e1303,7e65c8a8-137e-4387-9a74-b294925167f3,edb83ebc-95c3-4f26-99b3-0b758a5d08c6,2026,5e6795fa-b8fb-45ea-a395-cb5b37d41b63,2,2,0,0,0,0,0.00,0.00,2026-05-26 22:35:05.934583+00,2026-05-26 22:35:05.934583+00
8de62081-13cc-4e8f-a83c-aeff5dd814b3,04cf09f6-d41a-4f69-9b77-0b68981599cb,edb83ebc-95c3-4f26-99b3-0b758a5d08c6,2026,47bddd3b-af10-40b5-ae88-3ae340f13758,1,1,0,0,0,0,0.00,0.00,2026-05-26 22:35:05.934583+00,2026-05-26 22:35:05.934583+00
801a4480-5004-4361-a6bc-9553eef0d41e,c829810a-8796-4513-ac4b-290bb129ef02,edb83ebc-95c3-4f26-99b3-0b758a5d08c6,2026,c76f139d-344d-4254-9516-933e540cbb2c,2,2,0,0,0,0,0.00,0.00,2026-05-26 22:35:05.934583+00,2026-05-26 22:35:05.934583+00
8d71382e-6891-4ebd-ac05-b2177497ee23,dce4d1f7-dc23-4a30-a59f-b5b4d7aec0b6,edb83ebc-95c3-4f26-99b3-0b758a5d08c6,2026,b0eab5aa-8bf0-4787-abdf-5175f5efc4a6,2,2,0,0,0,0,0.00,0.00,2026-05-26 22:35:05.934583+00,2026-05-26 22:35:05.934583+00
93a797ed-53fd-4cd4-a5d7-38c3b80981ec,64a0635b-4b13-4ccb-8055-3c52a6891bf7,edb83ebc-95c3-4f26-99b3-0b758a5d08c6,2026,0035bd89-7792-4b23-bcb5-1fa96ce04999,3,3,0,0,0,0,0.00,0.00,2026-05-26 22:35:05.934583+00,2026-05-26 22:35:05.934583+00
e9d3e505-6dd7-4ccc-8d05-cfe833197831,4088193c-4e25-4f4e-bbd5-0dc4e8f7518a,edb83ebc-95c3-4f26-99b3-0b758a5d08c6,2026,b5b52f3a-7a6e-4cd6-9332-c2b874e3398b,4,4,0,0,0,0,0.00,0.00,2026-05-26 22:35:05.934583+00,2026-05-26 22:35:05.934583+00
851c44a3-52b3-4f03-8463-2ca5266ea1d3,5a8d3fa2-f379-47c2-a774-959c75a2771a,edb83ebc-95c3-4f26-99b3-0b758a5d08c6,2026,fae5418f-5618-4583-a774-fe4643550fd2,2,2,0,0,0,0,0.00,0.00,2026-05-26 22:35:05.934583+00,2026-05-26 22:35:05.934583+00
da9b5608-8f57-46c3-aa9b-3b458ee5ba73,3d93d26f-3bcb-465a-979d-a934862b457e,edb83ebc-95c3-4f26-99b3-0b758a5d08c6,2026,b5b52f3a-7a6e-4cd6-9332-c2b874e3398b,1,1,0,0,0,0,0.00,0.00,2026-05-26 22:35:05.934583+00,2026-05-26 22:35:05.934583+00
2b805f8d-2ec1-4cfc-8be8-52c96fd62774,b0906648-0702-4af4-bb24-6c17862f858d,edb83ebc-95c3-4f26-99b3-0b758a5d08c6,2026,12186b51-785f-48e2-bf98-5297049f5151,2,1,0,0,0,0,13.00,6.50,2026-05-26 22:35:05.934583+00,2026-05-26 22:35:05.934583+00
d8908f04-826d-4399-a99b-e25400c32c66,cb692a1c-9192-4177-9d81-019c394bc417,edb83ebc-95c3-4f26-99b3-0b758a5d08c6,2026,fae5418f-5618-4583-a774-fe4643550fd2,2,2,0,0,0,0,0.00,0.00,2026-05-26 22:35:05.934583+00,2026-05-26 22:35:05.934583+00
6b6058da-16b0-4f19-8371-7a47c532509a,8f035ad6-05d7-47fb-8ece-eaeec034e7f9,edb83ebc-95c3-4f26-99b3-0b758a5d08c6,2026,a33d67f9-f5ce-4f0e-8759-11e3bd705ac6,2,2,0,0,0,0,0.00,0.00,2026-05-26 22:35:05.934583+00,2026-05-26 22:35:05.934583+00
8eca4ac8-b0dd-422e-843f-4e44c13c85f6,d03d8bc7-708b-4512-8b46-81c08f58e862,edb83ebc-95c3-4f26-99b3-0b758a5d08c6,2026,47bddd3b-af10-40b5-ae88-3ae340f13758,1,1,0,0,0,0,0.00,0.00,2026-05-26 22:35:05.934583+00,2026-05-26 22:35:05.934583+00
4e14dff0-634e-4ffc-a943-a54e9b8f59ff,24202579-fe6c-4b6f-835f-4d4b003561ed,edb83ebc-95c3-4f26-99b3-0b758a5d08c6,2026,c76f139d-344d-4254-9516-933e540cbb2c,1,1,0,0,0,0,0.00,0.00,2026-05-26 22:35:05.934583+00,2026-05-26 22:35:05.934583+00
1f0d0291-38a4-47fe-930d-a11f540767dc,2080f44f-dcfa-47c0-816c-05e77a2a649d,edb83ebc-95c3-4f26-99b3-0b758a5d08c6,2026,11204548-ef56-41bb-8525-c39645e56c14,1,1,0,0,0,0,6.00,6.00,2026-05-26 22:35:05.934583+00,2026-05-26 22:35:05.934583+00
f8fc360f-8c89-4948-983a-59e1d246f6db,26ee82a3-63ab-454a-8cd8-1f284da9a10f,edb83ebc-95c3-4f26-99b3-0b758a5d08c6,2026,11204548-ef56-41bb-8525-c39645e56c14,1,1,0,0,0,0,6.00,6.00,2026-05-26 22:35:05.934583+00,2026-05-26 22:35:05.934583+00
c6996487-b13a-4be4-84a0-c88a86b93056,408be6dc-1481-43f1-8fa8-4c67f4277716,edb83ebc-95c3-4f26-99b3-0b758a5d08c6,2026,e1fc94b5-ade4-4e17-81e2-49026b5a2a38,1,1,0,0,0,0,0.00,0.00,2026-05-26 22:35:05.934583+00,2026-05-26 22:35:05.934583+00
cd7cff78-031b-4d3d-863f-7fc995c5352f,c715b2e5-9e82-4ce3-bbdd-e9898badd7fa,edb83ebc-95c3-4f26-99b3-0b758a5d08c6,2026,12186b51-785f-48e2-bf98-5297049f5151,2,1,0,0,0,0,12.90,6.45,2026-05-26 22:35:05.934583+00,2026-05-26 22:35:05.934583+00
6e9a2142-185b-43c0-99e4-e1a5e43758ad,e18afc92-ee1d-44ad-aa1f-d47afd40a8b3,edb83ebc-95c3-4f26-99b3-0b758a5d08c6,2026,a33d67f9-f5ce-4f0e-8759-11e3bd705ac6,3,3,0,0,0,0,0.00,0.00,2026-05-26 22:35:05.934583+00,2026-05-26 22:35:05.934583+00
6e8e70c7-f29c-4e54-b811-470580bbf149,85129d07-896e-4380-b8b9-3ec4f6982a9e,edb83ebc-95c3-4f26-99b3-0b758a5d08c6,2026,b5b52f3a-7a6e-4cd6-9332-c2b874e3398b,1,1,0,0,0,0,0.00,0.00,2026-05-26 22:35:05.934583+00,2026-05-26 22:35:05.934583+00
f1e45c57-e3e3-4028-8f69-fd73ca6bda6c,0345df4e-fdeb-48e1-bf6d-4bd541f6ec99,edb83ebc-95c3-4f26-99b3-0b758a5d08c6,2026,77d699bb-b99d-4204-b605-2fe9b4d62196,3,3,0,0,0,0,0.00,0.00,2026-05-26 22:35:05.934583+00,2026-05-26 22:35:05.934583+00
8449822b-bab0-4f20-a000-f73501161b6d,70cbcd90-ec60-47c8-afc7-3a948762a936,edb83ebc-95c3-4f26-99b3-0b758a5d08c6,2026,fae5418f-5618-4583-a774-fe4643550fd2,2,2,0,0,0,0,0.00,0.00,2026-05-26 22:35:05.934583+00,2026-05-26 22:35:05.934583+00
bf1fc9b2-cc0a-4927-8551-30c71f5da3e8,fee5895c-4504-46c1-beda-5485968c1579,edb83ebc-95c3-4f26-99b3-0b758a5d08c6,2026,d1214869-a00f-4636-928e-afe7dd170a76,2,2,0,0,0,0,0.00,0.00,2026-05-26 22:35:05.934583+00,2026-05-26 22:35:05.934583+00
304e325f-e62f-4ae2-b263-b39cac45f60f,1e2121cf-816e-46ef-b078-804b59ef0711,edb83ebc-95c3-4f26-99b3-0b758a5d08c6,2026,b5b52f3a-7a6e-4cd6-9332-c2b874e3398b,1,1,0,0,0,0,0.00,0.00,2026-05-26 22:35:05.934583+00,2026-05-26 22:35:05.934583+00
786ce134-f84e-43bd-ac41-3b4a5b5082b3,b9595bc5-4e2c-477a-83e2-e069c32601fd,edb83ebc-95c3-4f26-99b3-0b758a5d08c6,2026,bb59e55f-4963-4b32-bf38-ca3373b50e18,2,2,0,0,0,0,6.00,3.00,2026-05-26 22:35:05.934583+00,2026-05-26 22:35:05.934583+00
93473cf4-0089-49d6-b799-9c5a28881ffa,2d59b4fe-0721-426f-9965-5270bb70c49d,edb83ebc-95c3-4f26-99b3-0b758a5d08c6,2026,77d699bb-b99d-4204-b605-2fe9b4d62196,4,4,0,0,0,0,0.00,0.00,2026-05-26 22:35:05.934583+00,2026-05-26 22:35:05.934583+00
68691a1e-505f-475f-b8f2-12899e973d3a,3b25248a-6eec-4640-aeff-73b216ae3da2,edb83ebc-95c3-4f26-99b3-0b758a5d08c6,2026,e0e4ca78-504f-497c-8096-ff4d4e9ee041,1,1,0,0,0,0,0.00,0.00,2026-05-26 22:35:05.934583+00,2026-05-26 22:35:05.934583+00
8c2e6542-6234-459d-89f2-77aec4904235,683023af-cf13-4841-b0ab-a2abdffb2df9,edb83ebc-95c3-4f26-99b3-0b758a5d08c6,2026,e1fc94b5-ade4-4e17-81e2-49026b5a2a38,4,4,0,0,0,0,0.00,0.00,2026-05-26 22:35:05.934583+00,2026-05-26 22:35:05.934583+00
9919663e-c4a7-4cd5-b980-910a3b2f6023,bef71151-fe9d-41aa-8657-86e176a3593b,edb83ebc-95c3-4f26-99b3-0b758a5d08c6,2026,3df8e77c-b4c6-4719-bdf4-e6a4006c0655,2,2,0,0,0,0,0.00,0.00,2026-05-26 22:35:05.934583+00,2026-05-26 22:35:05.934583+00
e46de417-5382-4c6e-bae5-a30c7649af21,de93e6b7-acf3-4d9f-aada-99c67ebedd9d,edb83ebc-95c3-4f26-99b3-0b758a5d08c6,2026,3df8e77c-b4c6-4719-bdf4-e6a4006c0655,1,1,0,0,0,0,0.00,0.00,2026-05-26 22:35:05.934583+00,2026-05-26 22:35:05.934583+00
c5ca8f93-a98b-4e09-9065-a890c5cf066a,cc60849c-90b6-423f-a745-f9bc2871004c,edb83ebc-95c3-4f26-99b3-0b758a5d08c6,2026,e0e4ca78-504f-497c-8096-ff4d4e9ee041,1,1,0,0,0,0,0.00,0.00,2026-05-26 22:35:05.934583+00,2026-05-26 22:35:05.934583+00
74937d46-33ea-4938-ad6d-c5d198c150b4,82cc35d4-c23c-4985-a703-a00e51d8bea4,edb83ebc-95c3-4f26-99b3-0b758a5d08c6,2026,fae5418f-5618-4583-a774-fe4643550fd2,2,2,0,0,0,0,0.00,0.00,2026-05-26 22:35:05.934583+00,2026-05-26 22:35:05.934583+00
e99c08a7-4d1e-4a74-afa9-a229dd692cdd,4dbc5b71-3f5e-40df-a5ce-38c99279df73,edb83ebc-95c3-4f26-99b3-0b758a5d08c6,2026,b0eab5aa-8bf0-4787-abdf-5175f5efc4a6,1,1,0,0,0,0,0.00,0.00,2026-05-26 22:35:05.934583+00,2026-05-26 22:35:05.934583+00
6243197b-bb11-4bda-8120-6c3889bb3385,8ab1320a-4969-4d16-8568-0b67dc0aa3f6,edb83ebc-95c3-4f26-99b3-0b758a5d08c6,2026,11204548-ef56-41bb-8525-c39645e56c14,1,1,0,0,0,0,6.00,6.00,2026-05-26 22:35:05.934583+00,2026-05-26 22:35:05.934583+00
8ec09c3d-bbb5-4852-9f99-98739c647613,2950d34b-0a04-4f3a-ba54-86cc2bb27941,edb83ebc-95c3-4f26-99b3-0b758a5d08c6,2026,0035bd89-7792-4b23-bcb5-1fa96ce04999,1,1,0,0,0,0,0.00,0.00,2026-05-26 22:35:05.934583+00,2026-05-26 22:35:05.934583+00
d95a0cc7-fd28-4380-bda8-bf3d3517d59c,b93046cf-527f-4dce-8b08-0b65baf10b31,edb83ebc-95c3-4f26-99b3-0b758a5d08c6,2026,3df8e77c-b4c6-4719-bdf4-e6a4006c0655,1,1,0,0,0,0,0.00,0.00,2026-05-26 22:35:05.934583+00,2026-05-26 22:35:05.934583+00
0c320a96-43e8-40a3-b391-3ea9c715009c,88a6b14a-9019-4bb6-a688-93d3b0001159,edb83ebc-95c3-4f26-99b3-0b758a5d08c6,2026,e1fc94b5-ade4-4e17-81e2-49026b5a2a38,1,1,0,0,0,0,0.00,0.00,2026-05-26 22:35:05.934583+00,2026-05-26 22:35:05.934583+00
7a02941e-598d-46d8-980b-e5d643aead92,6b7d3436-2f48-46ff-8cc2-7acfe1dfb224,edb83ebc-95c3-4f26-99b3-0b758a5d08c6,2026,fae5418f-5618-4583-a774-fe4643550fd2,1,1,0,0,0,0,0.00,0.00,2026-05-26 22:35:05.934583+00,2026-05-26 22:35:05.934583+00
f22fd785-fa47-4e6c-bf75-6b9502a1c637,4fb2f091-5af4-4fb3-9357-69e799fb1d2e,edb83ebc-95c3-4f26-99b3-0b758a5d08c6,2026,e0e4ca78-504f-497c-8096-ff4d4e9ee041,1,1,0,0,0,0,0.00,0.00,2026-05-26 22:35:05.934583+00,2026-05-26 22:35:05.934583+00
2583f19c-177e-4ad9-bd9a-4a417df304cc,77507685-c399-4596-af63-aa31799db43d,edb83ebc-95c3-4f26-99b3-0b758a5d08c6,2026,b5b52f3a-7a6e-4cd6-9332-c2b874e3398b,2,2,0,0,0,0,0.00,0.00,2026-05-26 22:35:05.934583+00,2026-05-26 22:35:05.934583+00
1a431659-871b-4136-a182-5a27c69db04f,219c3159-d2be-4a4f-b82f-3625a51c1f7c,edb83ebc-95c3-4f26-99b3-0b758a5d08c6,2026,47bddd3b-af10-40b5-ae88-3ae340f13758,1,1,0,0,0,0,0.00,0.00,2026-05-26 22:35:05.934583+00,2026-05-26 22:35:05.934583+00
2b5a4069-d249-403e-885c-61bcfb6e311d,217bd314-ae20-4863-9007-6036c457fd93,edb83ebc-95c3-4f26-99b3-0b758a5d08c6,2026,11204548-ef56-41bb-8525-c39645e56c14,3,3,0,0,0,0,6.00,2.00,2026-05-26 22:35:05.934583+00,2026-05-26 22:35:05.934583+00
fa2b49f3-24b0-4ddc-99b4-5f957b7e96ff,2683f7cf-a094-4fb1-a8af-93a7e58332d0,edb83ebc-95c3-4f26-99b3-0b758a5d08c6,2026,77d699bb-b99d-4204-b605-2fe9b4d62196,2,2,0,0,0,0,0.00,0.00,2026-05-26 22:35:05.934583+00,2026-05-26 22:35:05.934583+00
502d8323-2520-4dd0-8652-fd8b05b07442,af87549a-62d2-4282-9ad4-c293aea405f1,edb83ebc-95c3-4f26-99b3-0b758a5d08c6,2026,e0e4ca78-504f-497c-8096-ff4d4e9ee041,1,1,0,0,0,0,0.00,0.00,2026-05-26 22:35:05.934583+00,2026-05-26 22:35:05.934583+00
0f0c3fcc-33d4-4400-a541-203f8ca3bf48,cd448945-e6d2-4a99-bb44-d9cfa07af75b,edb83ebc-95c3-4f26-99b3-0b758a5d08c6,2026,d1214869-a00f-4636-928e-afe7dd170a76,1,1,0,0,0,0,0.00,0.00,2026-05-26 22:35:05.934583+00,2026-05-26 22:35:05.934583+00
9d4f2fea-2ad6-4441-9ba1-a3d3c62ffe4d,fb5a1fde-a7e2-4cf0-b6ce-7165f9a17272,edb83ebc-95c3-4f26-99b3-0b758a5d08c6,2026,bb59e55f-4963-4b32-bf38-ca3373b50e18,1,1,0,0,0,0,6.00,6.00,2026-05-26 22:35:05.934583+00,2026-05-26 22:35:05.934583+00
f39cdeba-6597-497d-b2fa-29b52b60bd4a,f2205727-2590-40db-be80-2a86cd9deea7,edb83ebc-95c3-4f26-99b3-0b758a5d08c6,2026,0035bd89-7792-4b23-bcb5-1fa96ce04999,3,3,0,0,0,0,0.00,0.00,2026-05-26 22:35:05.934583+00,2026-05-26 22:35:05.934583+00
be7e8c3f-3232-4e1f-9230-c6515f0655fa,e2897be8-a44b-42ed-a260-64b6939627e8,edb83ebc-95c3-4f26-99b3-0b758a5d08c6,2026,5e6795fa-b8fb-45ea-a395-cb5b37d41b63,1,1,0,0,0,0,0.00,0.00,2026-05-26 22:35:05.934583+00,2026-05-26 22:35:05.934583+00
99aad022-4390-4bad-8339-b44d4a011a05,8af6d667-96be-4056-bf09-2eb1c93af03b,edb83ebc-95c3-4f26-99b3-0b758a5d08c6,2026,e1fc94b5-ade4-4e17-81e2-49026b5a2a38,2,2,0,0,0,0,0.00,0.00,2026-05-26 22:35:05.934583+00,2026-05-26 22:35:05.934583+00
8fc5771f-8d37-4983-8d76-8bbc312e0399,8fe6e5c5-302f-4ac7-a598-28f00d68b002,edb83ebc-95c3-4f26-99b3-0b758a5d08c6,2026,d1214869-a00f-4636-928e-afe7dd170a76,1,1,0,0,0,0,0.00,0.00,2026-05-26 22:35:05.934583+00,2026-05-26 22:35:05.934583+00
eab47b7d-24eb-4cf9-b8d1-35c62699878b,6d39101d-4f93-494d-b909-c6d959dec3fb,edb83ebc-95c3-4f26-99b3-0b758a5d08c6,2026,5e6795fa-b8fb-45ea-a395-cb5b37d41b63,1,1,0,0,0,0,0.00,0.00,2026-05-26 22:35:05.934583+00,2026-05-26 22:35:05.934583+00
baa6023b-0140-413a-b2b0-f0e71f245144,404c62a4-3550-4fd3-98ca-3e147ff464d3,edb83ebc-95c3-4f26-99b3-0b758a5d08c6,2026,fae5418f-5618-4583-a774-fe4643550fd2,3,3,0,0,0,0,0.00,0.00,2026-05-26 22:35:05.934583+00,2026-05-26 22:35:05.934583+00
59275032-ece8-4b81-9125-480660bd7064,71c65372-ed02-48a9-b451-b227b7923cf5,edb83ebc-95c3-4f26-99b3-0b758a5d08c6,2026,11204548-ef56-41bb-8525-c39645e56c14,1,1,0,0,0,0,6.00,6.00,2026-05-26 22:35:05.934583+00,2026-05-26 22:35:05.934583+00
438aa5bc-18a6-4666-b70e-6032ba9955fd,b1a4925d-4440-41dc-9993-08ed602ba5f2,edb83ebc-95c3-4f26-99b3-0b758a5d08c6,2026,11204548-ef56-41bb-8525-c39645e56c14,1,1,0,0,0,0,6.00,6.00,2026-05-26 22:35:05.934583+00,2026-05-26 22:35:05.934583+00
4206bcc8-a9ee-4fed-b944-f45129edb272,fec592b9-4a96-4a38-a357-2abba4420537,edb83ebc-95c3-4f26-99b3-0b758a5d08c6,2026,12186b51-785f-48e2-bf98-5297049f5151,4,4,0,0,0,0,12.00,3.00,2026-05-26 22:35:05.934583+00,2026-05-26 22:35:05.934583+00
3d9e6647-4178-45a9-8355-cd99b6002d5f,30efb1f8-44c5-4dbf-b151-539236394d5a,edb83ebc-95c3-4f26-99b3-0b758a5d08c6,2026,5e6795fa-b8fb-45ea-a395-cb5b37d41b63,1,1,0,0,0,0,0.00,0.00,2026-05-26 22:35:05.934583+00,2026-05-26 22:35:05.934583+00
cd55400f-a73a-40ed-8b83-2faffb6a7db7,07a919dd-0b2a-408b-b78c-e91209e5229c,edb83ebc-95c3-4f26-99b3-0b758a5d08c6,2026,fae5418f-5618-4583-a774-fe4643550fd2,2,2,0,0,0,0,0.00,0.00,2026-05-26 22:35:05.934583+00,2026-05-26 22:35:05.934583+00
db0ef587-d7a4-4efd-a865-6d545ad7fae7,a528d1a2-2cf6-4e98-998d-8710b0298cdb,edb83ebc-95c3-4f26-99b3-0b758a5d08c6,2026,a33d67f9-f5ce-4f0e-8759-11e3bd705ac6,2,2,0,0,0,0,0.00,0.00,2026-05-26 22:35:05.934583+00,2026-05-26 22:35:05.934583+00
33a0a7ab-addb-4826-841c-3687898a75c2,c4c3b28a-284d-4015-a58e-23fe7a010585,edb83ebc-95c3-4f26-99b3-0b758a5d08c6,2026,0035bd89-7792-4b23-bcb5-1fa96ce04999,2,2,0,0,0,0,0.00,0.00,2026-05-26 22:35:05.934583+00,2026-05-26 22:35:05.934583+00
836671cc-b7ff-4bf9-95c2-3832129ab713,3e332a73-b5db-474a-ac78-4e1c24e68840,edb83ebc-95c3-4f26-99b3-0b758a5d08c6,2026,d1214869-a00f-4636-928e-afe7dd170a76,2,2,0,0,0,0,0.00,0.00,2026-05-26 22:35:05.934583+00,2026-05-26 22:35:05.934583+00
4db4b4f2-b0e5-4002-8b42-6e5cbd51379c,5f03a0a7-831b-431d-9a9f-c0b85c361928,edb83ebc-95c3-4f26-99b3-0b758a5d08c6,2026,11204548-ef56-41bb-8525-c39645e56c14,1,1,0,0,0,0,6.70,6.70,2026-05-26 22:35:05.934583+00,2026-05-26 22:35:05.934583+00
a8a84805-c49d-49e7-9569-5808cd03e30d,02367d60-82d8-4bc4-af5f-71d17a5f7952,edb83ebc-95c3-4f26-99b3-0b758a5d08c6,2026,3df8e77c-b4c6-4719-bdf4-e6a4006c0655,1,1,0,0,0,0,0.00,0.00,2026-05-26 22:35:05.934583+00,2026-05-26 22:35:05.934583+00
1c955041-b6af-4066-9e6a-8eaf52b6223e,6ec8745e-5c8a-48db-8c45-43de2b4bce96,edb83ebc-95c3-4f26-99b3-0b758a5d08c6,2026,e1fc94b5-ade4-4e17-81e2-49026b5a2a38,1,1,0,0,0,0,0.00,0.00,2026-05-26 22:35:05.934583+00,2026-05-26 22:35:05.934583+00
a5df5364-8a86-4a86-b982-678766e6ec34,0597b738-8609-4f5a-bce4-035831124a27,edb83ebc-95c3-4f26-99b3-0b758a5d08c6,2026,e0e4ca78-504f-497c-8096-ff4d4e9ee041,3,3,0,0,0,0,0.00,0.00,2026-05-26 22:35:05.934583+00,2026-05-26 22:35:05.934583+00
422049d9-394f-4436-b4b5-9c60e389562b,55bd064a-96d3-40f7-9f8c-10d3302c83d7,edb83ebc-95c3-4f26-99b3-0b758a5d08c6,2026,bb59e55f-4963-4b32-bf38-ca3373b50e18,1,1,0,0,0,0,6.00,6.00,2026-05-26 22:35:05.934583+00,2026-05-26 22:35:05.934583+00
a0de08fc-b2b0-4808-82b9-78bfc0872154,8d7fa2f9-dbda-43c0-afd0-00f52d348980,edb83ebc-95c3-4f26-99b3-0b758a5d08c6,2026,3df8e77c-b4c6-4719-bdf4-e6a4006c0655,1,1,0,0,0,0,0.00,0.00,2026-05-26 22:35:05.934583+00,2026-05-26 22:35:05.934583+00
d5af778c-0fec-4f95-be58-c66aed48c8b0,ed9fe308-98c1-4ff9-998c-ecb628428ba5,edb83ebc-95c3-4f26-99b3-0b758a5d08c6,2026,5e6795fa-b8fb-45ea-a395-cb5b37d41b63,1,1,0,0,0,0,0.00,0.00,2026-05-26 22:35:05.934583+00,2026-05-26 22:35:05.934583+00
f307a4c4-90bf-45a3-ae29-8a3f03aaabdc,b695dd75-2f43-441d-b472-c09d564e665e,edb83ebc-95c3-4f26-99b3-0b758a5d08c6,2026,e0e4ca78-504f-497c-8096-ff4d4e9ee041,1,1,0,0,0,0,0.00,0.00,2026-05-26 22:35:05.934583+00,2026-05-26 22:35:05.934583+00
6bbb25c2-25e1-42e3-84a9-9b2b7ca91684,02333a28-aee5-4391-9fcf-435fae6d3ce9,edb83ebc-95c3-4f26-99b3-0b758a5d08c6,2026,b5b52f3a-7a6e-4cd6-9332-c2b874e3398b,1,1,0,0,0,0,0.00,0.00,2026-05-26 22:35:05.934583+00,2026-05-26 22:35:05.934583+00
20621efa-bc40-4b4d-9707-74004d5a754b,638b0799-9573-40fc-8cf7-0c26fdabea0e,edb83ebc-95c3-4f26-99b3-0b758a5d08c6,2026,12186b51-785f-48e2-bf98-5297049f5151,2,2,0,0,0,0,12.00,6.00,2026-05-26 22:35:05.934583+00,2026-05-26 22:35:05.934583+00
af5d9a34-0684-4e9c-9a97-466160ae8156,5c5a7b82-e2a5-400c-874c-46b6089123c3,edb83ebc-95c3-4f26-99b3-0b758a5d08c6,2026,e0e4ca78-504f-497c-8096-ff4d4e9ee041,1,1,0,0,0,0,0.00,0.00,2026-05-26 22:35:05.934583+00,2026-05-26 22:35:05.934583+00
214e1f6f-ae7b-4db1-a0ac-252804172af7,077767c2-0b43-4b46-b420-92235ced2fba,edb83ebc-95c3-4f26-99b3-0b758a5d08c6,2026,3df8e77c-b4c6-4719-bdf4-e6a4006c0655,1,1,0,0,0,0,0.00,0.00,2026-05-26 22:35:05.934583+00,2026-05-26 22:35:05.934583+00
3cbbbeb8-b463-4cd5-a987-481924df8fef,f639a65d-7ee1-427c-bc02-d620de989055,edb83ebc-95c3-4f26-99b3-0b758a5d08c6,2026,0035bd89-7792-4b23-bcb5-1fa96ce04999,2,2,0,0,0,0,0.00,0.00,2026-05-26 22:35:05.934583+00,2026-05-26 22:35:05.934583+00
33b703ba-fd7b-41a0-b06c-4547042a3032,a015a6ed-9838-402e-9691-fa3e427eeacc,edb83ebc-95c3-4f26-99b3-0b758a5d08c6,2026,11204548-ef56-41bb-8525-c39645e56c14,1,1,0,0,0,0,7.90,7.90,2026-05-26 22:35:05.934583+00,2026-05-26 22:35:05.934583+00
978ee02b-06ae-4d45-881f-14cb96cd0ac0,a77deb90-6a7c-4ddc-af6b-d051e61b52f5,edb83ebc-95c3-4f26-99b3-0b758a5d08c6,2026,d1214869-a00f-4636-928e-afe7dd170a76,3,3,0,0,0,0,0.00,0.00,2026-05-26 22:35:05.934583+00,2026-05-26 22:35:05.934583+00
099d9f1c-3032-49a8-a1f9-c826f7ebe440,6b9ef329-8880-44ad-9317-302002c0c6ec,edb83ebc-95c3-4f26-99b3-0b758a5d08c6,2026,e1fc94b5-ade4-4e17-81e2-49026b5a2a38,2,2,0,0,0,0,0.00,0.00,2026-05-26 22:35:05.934583+00,2026-05-26 22:35:05.934583+00
541fa3ca-5c8f-4137-8b1f-618bdfdbb609,230a7c80-cdbd-4ac4-b9db-fdda9f538c31,edb83ebc-95c3-4f26-99b3-0b758a5d08c6,2026,a33d67f9-f5ce-4f0e-8759-11e3bd705ac6,1,1,0,0,0,0,0.00,0.00,2026-05-26 22:35:05.934583+00,2026-05-26 22:35:05.934583+00
b2b43345-0044-4a53-b2a9-9c89e917df61,5df55eb1-940e-497e-908b-089ed63db59a,edb83ebc-95c3-4f26-99b3-0b758a5d08c6,2026,bb59e55f-4963-4b32-bf38-ca3373b50e18,2,2,0,0,0,0,6.00,3.00,2026-05-26 22:35:05.934583+00,2026-05-26 22:35:05.934583+00
374fe07f-7104-481d-9e93-57ba96c95911,f02470bb-49f8-4fd3-a427-de7ea94d116f,edb83ebc-95c3-4f26-99b3-0b758a5d08c6,2026,b5b52f3a-7a6e-4cd6-9332-c2b874e3398b,1,1,0,0,0,0,0.00,0.00,2026-05-26 22:35:05.934583+00,2026-05-26 22:35:05.934583+00
0bc15fac-69b8-438e-be3a-447d75909723,c0ed805d-edd7-4327-9eeb-f6e97ebc2091,edb83ebc-95c3-4f26-99b3-0b758a5d08c6,2026,b0eab5aa-8bf0-4787-abdf-5175f5efc4a6,1,1,0,0,0,0,0.00,0.00,2026-05-26 22:35:05.934583+00,2026-05-26 22:35:05.934583+00
951f4d50-648c-49c4-885d-cfc9fabf04b3,ec4f31de-bc0a-4cd9-822b-73a4313258e5,edb83ebc-95c3-4f26-99b3-0b758a5d08c6,2026,e1fc94b5-ade4-4e17-81e2-49026b5a2a38,1,1,0,0,0,0,0.00,0.00,2026-05-26 22:35:05.934583+00,2026-05-26 22:35:05.934583+00
2a64f03f-b825-4f17-9ba2-44da76e1ff20,cd8b4e6e-1af4-4611-b99a-1dd32d3093a9,edb83ebc-95c3-4f26-99b3-0b758a5d08c6,2026,3df8e77c-b4c6-4719-bdf4-e6a4006c0655,3,3,0,0,0,0,0.00,0.00,2026-05-26 22:35:05.934583+00,2026-05-26 22:35:05.934583+00
ddf794d0-6be6-466b-86ce-fffc1f24643b,f43911a5-c1d9-446f-9429-d8eb0eccc0bd,edb83ebc-95c3-4f26-99b3-0b758a5d08c6,2026,0035bd89-7792-4b23-bcb5-1fa96ce04999,2,2,0,0,0,0,0.00,0.00,2026-05-26 22:35:05.934583+00,2026-05-26 22:35:05.934583+00
18c3a1fc-dc35-4d62-b52f-a1de7f9576b9,2c1b9413-9f74-483e-b7e5-02b97ce247ef,edb83ebc-95c3-4f26-99b3-0b758a5d08c6,2026,fae5418f-5618-4583-a774-fe4643550fd2,1,1,0,0,0,0,0.00,0.00,2026-05-26 22:35:05.934583+00,2026-05-26 22:35:05.934583+00
93a7702d-301f-40b4-aa24-85b381d47365,cdaa9307-652e-4739-88f6-d120da349a75,edb83ebc-95c3-4f26-99b3-0b758a5d08c6,2026,0035bd89-7792-4b23-bcb5-1fa96ce04999,1,1,0,0,0,0,0.00,0.00,2026-05-26 22:35:05.934583+00,2026-05-26 22:35:05.934583+00
b780a4cc-f038-4b7d-a992-6e2a2f7e11bb,9795f3d5-c236-4974-86cc-01dd5f797ea8,edb83ebc-95c3-4f26-99b3-0b758a5d08c6,2026,b0eab5aa-8bf0-4787-abdf-5175f5efc4a6,2,2,0,0,0,0,0.00,0.00,2026-05-26 22:35:05.934583+00,2026-05-26 22:35:05.934583+00
8f53d62f-4ec3-4021-a0ca-d375b723a72b,ca482549-c498-4604-a98c-3f90a420bbee,edb83ebc-95c3-4f26-99b3-0b758a5d08c6,2026,fae5418f-5618-4583-a774-fe4643550fd2,3,3,0,0,0,0,0.00,0.00,2026-05-26 22:35:05.934583+00,2026-05-26 22:35:05.934583+00
ae809d2a-4fc6-4290-897b-71bb1ba30e94,d3dc450a-c448-4916-b897-9b51cfa01353,edb83ebc-95c3-4f26-99b3-0b758a5d08c6,2026,3df8e77c-b4c6-4719-bdf4-e6a4006c0655,5,5,0,0,0,0,0.00,0.00,2026-05-26 22:35:05.934583+00,2026-05-26 22:35:05.934583+00
ab0845f4-c6b8-462c-9eb9-ac5997204b90,3d45fc29-d283-48dd-a4e1-7bd58584367f,edb83ebc-95c3-4f26-99b3-0b758a5d08c6,2026,12186b51-785f-48e2-bf98-5297049f5151,2,2,0,0,0,0,12.00,6.00,2026-05-26 22:35:05.934583+00,2026-05-26 22:35:05.934583+00
df395af2-b28e-4561-a51b-7545ac39781c,796947e8-37ec-44bd-a3ff-12eb3896277f,edb83ebc-95c3-4f26-99b3-0b758a5d08c6,2026,47bddd3b-af10-40b5-ae88-3ae340f13758,1,1,0,0,0,0,0.00,0.00,2026-05-26 22:35:05.934583+00,2026-05-26 22:35:05.934583+00
fb03eafc-73ad-4cca-bd73-bd8487554d34,93c32016-bded-4d67-b914-c4752d136364,edb83ebc-95c3-4f26-99b3-0b758a5d08c6,2026,e0e4ca78-504f-497c-8096-ff4d4e9ee041,1,1,0,0,0,0,0.00,0.00,2026-05-26 22:35:05.934583+00,2026-05-26 22:35:05.934583+00
700f50ba-c6be-4747-972d-c59e2c5abe0e,fffcfa4c-373f-46de-9b64-18ffc8ccce9e,edb83ebc-95c3-4f26-99b3-0b758a5d08c6,2026,12186b51-785f-48e2-bf98-5297049f5151,2,1,0,0,0,0,12.00,6.00,2026-05-26 22:35:05.934583+00,2026-05-26 22:35:05.934583+00
4402c37c-7bda-4147-a53e-e8b5c0ed4638,ef49ec75-63c9-4d88-9ecb-0089ebb22b44,edb83ebc-95c3-4f26-99b3-0b758a5d08c6,2026,e1fc94b5-ade4-4e17-81e2-49026b5a2a38,2,2,0,0,0,0,0.00,0.00,2026-05-26 22:35:05.934583+00,2026-05-26 22:35:05.934583+00
16317fc6-0b80-4096-8eec-15ebb59901f0,ccd3afaa-7215-4916-8000-1b486fbd409c,edb83ebc-95c3-4f26-99b3-0b758a5d08c6,2026,11204548-ef56-41bb-8525-c39645e56c14,1,0,0,0,0,0,6.90,6.90,2026-05-26 22:35:05.934583+00,2026-05-26 22:35:05.934583+00
2938dc55-5227-4ade-ad56-5e0b08b81d31,b3159c41-e283-46a2-b6d6-6564fcd82099,edb83ebc-95c3-4f26-99b3-0b758a5d08c6,2026,bb59e55f-4963-4b32-bf38-ca3373b50e18,1,0,0,0,0,0,6.00,6.00,2026-05-26 22:35:05.934583+00,2026-05-26 22:35:05.934583+00
369730f4-dfc5-429e-8f87-e520ef637f09,d295a990-634c-4dad-80e0-43afdaf0ed83,edb83ebc-95c3-4f26-99b3-0b758a5d08c6,2026,12186b51-785f-48e2-bf98-5297049f5151,2,0,0,0,0,0,12.10,6.05,2026-05-26 22:35:05.934583+00,2026-05-26 22:35:05.934583+00
883c263a-cc84-4870-8a47-fc0291cbf881,5af7481e-5188-464b-9c84-656ae6466ed0,edb83ebc-95c3-4f26-99b3-0b758a5d08c6,2026,11204548-ef56-41bb-8525-c39645e56c14,1,0,0,0,0,0,6.00,6.00,2026-05-26 22:35:05.934583+00,2026-05-26 22:35:05.934583+00
8128ed69-6055-4faf-8e88-a1adba5a8d7e,9bd0a732-0f0f-47b2-b8e7-0205311350d6,edb83ebc-95c3-4f26-99b3-0b758a5d08c6,2026,11204548-ef56-41bb-8525-c39645e56c14,1,0,0,0,0,0,6.80,6.80,2026-05-26 22:35:05.934583+00,2026-05-26 22:35:05.934583+00
89eea34f-232e-4ce9-8bfb-60008857a9f6,d3d0864c-55ad-4ce9-b388-279434fd3a79,edb83ebc-95c3-4f26-99b3-0b758a5d08c6,2026,11204548-ef56-41bb-8525-c39645e56c14,1,0,0,0,0,0,6.00,6.00,2026-05-26 22:35:05.934583+00,2026-05-26 22:35:05.934583+00
39f400e9-0815-482e-9bc3-e74883947892,fa49221e-d5ee-49a9-9b23-574122d75306,edb83ebc-95c3-4f26-99b3-0b758a5d08c6,2026,11204548-ef56-41bb-8525-c39645e56c14,1,0,0,0,0,0,6.00,6.00,2026-05-26 22:35:05.934583+00,2026-05-26 22:35:05.934583+00
a14b5afa-8f92-4a24-8f1f-fb6b4aacd636,22d8a915-c1d2-47d9-b0af-a60b7f22e973,edb83ebc-95c3-4f26-99b3-0b758a5d08c6,2026,11204548-ef56-41bb-8525-c39645e56c14,1,0,0,0,0,0,7.80,7.80,2026-05-26 22:35:05.934583+00,2026-05-26 22:35:05.934583+00
5b7c684a-69ad-4157-955a-66a6f9791012,0b676e80-af7f-429b-ac3d-b33cac1fa644,edb83ebc-95c3-4f26-99b3-0b758a5d08c6,2026,11204548-ef56-41bb-8525-c39645e56c14,1,0,0,0,0,0,6.00,6.00,2026-05-26 22:35:05.934583+00,2026-05-26 22:35:05.934583+00
2e314f0b-6688-4147-9c38-5c5efa60d90c,226bb9dd-1c17-43be-84b1-33c38081f9ec,edb83ebc-95c3-4f26-99b3-0b758a5d08c6,2026,bb59e55f-4963-4b32-bf38-ca3373b50e18,1,0,0,0,0,0,6.00,6.00,2026-05-26 22:35:05.934583+00,2026-05-26 22:35:05.934583+00
12d3389f-4f6c-43c9-a568-530ad93214c7,f40fd06c-1f8e-434b-98e2-cc7d47400f04,edb83ebc-95c3-4f26-99b3-0b758a5d08c6,2026,bb59e55f-4963-4b32-bf38-ca3373b50e18,1,0,0,0,0,0,6.00,6.00,2026-05-26 22:35:05.934583+00,2026-05-26 22:35:05.934583+00
b214f06b-257c-43e2-bc21-d4b740951c86,01a81cc8-fbb1-4dac-9503-1f2deebaa6d1,edb83ebc-95c3-4f26-99b3-0b758a5d08c6,2026,11204548-ef56-41bb-8525-c39645e56c14,1,0,0,0,0,0,6.00,6.00,2026-05-26 22:35:05.934583+00,2026-05-26 22:35:05.934583+00
3e9967fe-9e7d-4802-83a8-428cfbf21a36,b0fc8db7-9f11-4b2b-be70-75422f49df86,edb83ebc-95c3-4f26-99b3-0b758a5d08c6,2026,12186b51-785f-48e2-bf98-5297049f5151,2,0,0,0,0,0,12.00,6.00,2026-05-26 22:35:05.934583+00,2026-05-26 22:35:05.934583+00
c6ef1ea6-5466-428a-b425-6f4689baeb76,8192e54b-156c-4d01-835a-c59b66a3ab83,edb83ebc-95c3-4f26-99b3-0b758a5d08c6,2026,11204548-ef56-41bb-8525-c39645e56c14,1,0,0,0,0,0,6.00,6.00,2026-05-26 22:35:05.934583+00,2026-05-26 22:35:05.934583+00
7804a307-2791-4705-af58-7da35f5ab4e5,420def34-74ee-40dc-a4f7-bfc30003ad1b,edb83ebc-95c3-4f26-99b3-0b758a5d08c6,2026,11204548-ef56-41bb-8525-c39645e56c14,1,0,0,0,0,0,6.50,6.50,2026-05-26 22:35:05.934583+00,2026-05-26 22:35:05.934583+00
21caf39c-85d0-4666-99e8-3198fe844a3f,f3803bd1-b6f9-4d35-baca-c014058e9590,edb83ebc-95c3-4f26-99b3-0b758a5d08c6,2026,bb59e55f-4963-4b32-bf38-ca3373b50e18,1,0,0,0,0,0,6.50,6.50,2026-05-26 22:35:05.934583+00,2026-05-26 22:35:05.934583+00
e45bc143-f8ea-4841-b49a-60ed3794affc,dd56c5cf-a5cf-4bd3-8917-d1ab2a6275a4,edb83ebc-95c3-4f26-99b3-0b758a5d08c6,2026,bb59e55f-4963-4b32-bf38-ca3373b50e18,1,0,0,0,0,0,6.50,6.50,2026-05-26 22:35:05.934583+00,2026-05-26 22:35:05.934583+00
53f08017-fa20-47bf-a32a-653f4f850922,e77f7b13-704f-40ab-b363-ca1f3a27c180,edb83ebc-95c3-4f26-99b3-0b758a5d08c6,2026,11204548-ef56-41bb-8525-c39645e56c14,1,0,0,0,0,0,6.70,6.70,2026-05-26 22:35:05.934583+00,2026-05-26 22:35:05.934583+00
bf772676-8245-43e7-b690-a944f5800ad5,7a2fe821-79a5-41cb-82a0-6a4b162a6436,edb83ebc-95c3-4f26-99b3-0b758a5d08c6,2026,12186b51-785f-48e2-bf98-5297049f5151,2,0,0,0,0,0,12.00,6.00,2026-05-26 22:35:05.934583+00,2026-05-26 22:35:05.934583+00
5d76ffb9-c5b2-403a-9dc4-6d9243bac36b,1560927c-492a-43a0-b1a4-a13575ae5999,edb83ebc-95c3-4f26-99b3-0b758a5d08c6,2026,bb59e55f-4963-4b32-bf38-ca3373b50e18,1,0,0,0,0,0,6.00,6.00,2026-05-26 22:35:05.934583+00,2026-05-26 22:35:05.934583+00
03056c22-e992-463c-bb75-ba3e7ac76789,c05f8d82-4fae-4113-a19c-a4db537d6d65,edb83ebc-95c3-4f26-99b3-0b758a5d08c6,2026,bb59e55f-4963-4b32-bf38-ca3373b50e18,1,0,0,0,0,0,6.00,6.00,2026-05-26 22:35:05.934583+00,2026-05-26 22:35:05.934583+00
12bcc127-8c95-4b33-9e62-00f1e9ac1181,cb4446bf-79b2-47ed-9445-b0dbf0e9e05e,edb83ebc-95c3-4f26-99b3-0b758a5d08c6,2026,12186b51-785f-48e2-bf98-5297049f5151,2,0,0,0,0,0,12.00,6.00,2026-05-26 22:35:05.934583+00,2026-05-26 22:35:05.934583+00
971c01cf-e92d-4656-b65b-dd32c2ca70b7,c39a9f50-494e-4dab-a503-33408c47a645,edb83ebc-95c3-4f26-99b3-0b758a5d08c6,2026,11204548-ef56-41bb-8525-c39645e56c14,1,0,0,0,0,0,6.00,6.00,2026-05-26 22:35:05.934583+00,2026-05-26 22:35:05.934583+00
aacea693-ed6d-4c3c-a262-6b10991766d6,bcf0523b-3a10-4e8a-a95a-6b98a910dea6,edb83ebc-95c3-4f26-99b3-0b758a5d08c6,2026,bb59e55f-4963-4b32-bf38-ca3373b50e18,1,0,0,0,0,0,6.50,6.50,2026-05-26 22:35:05.934583+00,2026-05-26 22:35:05.934583+00
6f5047d9-a51e-4825-8c8f-7af102b4e68a,3b5444b2-8230-408d-abbd-4175d4c7db41,edb83ebc-95c3-4f26-99b3-0b758a5d08c6,2026,11204548-ef56-41bb-8525-c39645e56c14,1,0,0,0,0,0,6.00,6.00,2026-05-26 22:35:05.934583+00,2026-05-26 22:35:05.934583+00
5ffd2863-d384-4a3a-880b-a2693f057d57,36fcf4b4-a594-494c-8cc1-e3daa00ee642,edb83ebc-95c3-4f26-99b3-0b758a5d08c6,2026,12186b51-785f-48e2-bf98-5297049f5151,2,0,0,0,0,0,12.00,6.00,2026-05-26 22:35:05.934583+00,2026-05-26 22:35:05.934583+00
97eb995e-6f20-4d31-bf62-7edf728746ed,529910d3-7b89-4404-9469-63779cfa1cc6,edb83ebc-95c3-4f26-99b3-0b758a5d08c6,2026,bb59e55f-4963-4b32-bf38-ca3373b50e18,1,0,0,0,0,0,6.00,6.00,2026-05-26 22:35:05.934583+00,2026-05-26 22:35:05.934583+00
fd90d5e1-ded9-4b16-a5eb-28d71487fcbe,237bd66b-0291-4759-8409-86b76ebf15a8,edb83ebc-95c3-4f26-99b3-0b758a5d08c6,2026,12186b51-785f-48e2-bf98-5297049f5151,2,0,0,0,0,0,12.00,6.00,2026-05-26 22:35:05.934583+00,2026-05-26 22:35:05.934583+00
c512f623-6439-42b6-8a6a-63867f540ffa,94363e7c-161e-4ef2-b07f-a9ab4f5e9c93,edb83ebc-95c3-4f26-99b3-0b758a5d08c6,2026,bb59e55f-4963-4b32-bf38-ca3373b50e18,1,0,0,0,0,0,6.60,6.60,2026-05-26 22:35:05.934583+00,2026-05-26 22:35:05.934583+00
6f313ded-f8b0-4385-8369-7e109cb0e2af,884b423d-0f5f-4628-8afb-cefa48f191de,edb83ebc-95c3-4f26-99b3-0b758a5d08c6,2026,bb59e55f-4963-4b32-bf38-ca3373b50e18,1,0,0,0,0,0,6.70,6.70,2026-05-26 22:35:05.934583+00,2026-05-26 22:35:05.934583+00
08e36fb2-851f-4c87-9339-2a7f2c76acc9,ce0c0451-ce66-476d-b29f-ce7aa211a64f,edb83ebc-95c3-4f26-99b3-0b758a5d08c6,2026,12186b51-785f-48e2-bf98-5297049f5151,2,0,0,0,0,0,12.00,6.00,2026-05-26 22:35:05.934583+00,2026-05-26 22:35:05.934583+00
09c8e270-cb42-4276-95df-0e5cbfd93a53,a3c6902b-5844-481c-b868-1dd687078f7f,edb83ebc-95c3-4f26-99b3-0b758a5d08c6,2026,bb59e55f-4963-4b32-bf38-ca3373b50e18,1,0,0,0,0,0,6.70,6.70,2026-05-26 22:35:05.934583+00,2026-05-26 22:35:05.934583+00
56ad7235-0c33-4f64-a03d-84b577c7be51,8af21351-2b39-4e06-a9c0-fe6049cc1bdb,edb83ebc-95c3-4f26-99b3-0b758a5d08c6,2026,12186b51-785f-48e2-bf98-5297049f5151,2,0,0,0,0,0,12.30,6.15,2026-05-26 22:35:05.934583+00,2026-05-26 22:35:05.934583+00
f4270e4c-c957-44a6-839f-5652bd9ae46d,2821afc1-d0c7-4600-89ae-4a8060f88211,edb83ebc-95c3-4f26-99b3-0b758a5d08c6,2026,bb59e55f-4963-4b32-bf38-ca3373b50e18,1,0,0,0,0,0,7.10,7.10,2026-05-26 22:35:05.934583+00,2026-05-26 22:35:05.934583+00
73d12da6-fd2e-441d-bb9b-6bddd801dae3,d1652988-a3db-4a1c-b5c7-9a2b8d626ccf,edb83ebc-95c3-4f26-99b3-0b758a5d08c6,2026,12186b51-785f-48e2-bf98-5297049f5151,2,0,0,0,0,0,12.00,6.00,2026-05-26 22:35:05.934583+00,2026-05-26 22:35:05.934583+00
f8676f1a-2bb7-47f0-9f3e-8b101b8ae168,38d00831-3ddf-4246-85b2-370fbd441c32,edb83ebc-95c3-4f26-99b3-0b758a5d08c6,2026,11204548-ef56-41bb-8525-c39645e56c14,1,0,0,0,0,0,6.70,6.70,2026-05-26 22:35:05.934583+00,2026-05-26 22:35:05.934583+00
d9bf7524-8e24-40d8-910a-37f23292e8c0,3dfb5092-af59-4fcc-b196-8d3ba110d1f8,edb83ebc-95c3-4f26-99b3-0b758a5d08c6,2026,11204548-ef56-41bb-8525-c39645e56c14,1,0,0,0,0,0,6.20,6.20,2026-05-26 22:35:05.934583+00,2026-05-26 22:35:05.934583+00
92e9e9f0-7cdf-4f6a-8108-b5760c052611,859c4340-5cd9-41eb-9c8a-47f70a603b99,edb83ebc-95c3-4f26-99b3-0b758a5d08c6,2026,12186b51-785f-48e2-bf98-5297049f5151,2,0,0,0,0,0,12.00,6.00,2026-05-26 22:35:05.934583+00,2026-05-26 22:35:05.934583+00
70aa4f95-02b9-4057-9ad4-360acde7f723,e875618a-30db-4c3e-be0e-acaf572db77e,edb83ebc-95c3-4f26-99b3-0b758a5d08c6,2026,11204548-ef56-41bb-8525-c39645e56c14,1,0,0,0,0,0,6.00,6.00,2026-05-26 22:35:05.934583+00,2026-05-26 22:35:05.934583+00
5efaa302-7bd4-49c9-a675-3b719ef1d159,817d7f29-d5f4-4800-ad17-690b0132db9b,edb83ebc-95c3-4f26-99b3-0b758a5d08c6,2026,11204548-ef56-41bb-8525-c39645e56c14,1,0,0,0,0,0,6.00,6.00,2026-05-26 22:35:05.934583+00,2026-05-26 22:35:05.934583+00
7da2680f-6616-4414-9d5a-7dbb62f82db7,57010910-24c4-4650-a067-cee72fd76418,edb83ebc-95c3-4f26-99b3-0b758a5d08c6,2026,bb59e55f-4963-4b32-bf38-ca3373b50e18,1,0,0,0,0,0,6.00,6.00,2026-05-26 22:35:05.934583+00,2026-05-26 22:35:05.934583+00
6b37b525-0fe3-4d96-9ff5-5cac4ab07ffc,7250dc48-ccfe-435f-8a6b-657a0c0b5635,edb83ebc-95c3-4f26-99b3-0b758a5d08c6,2026,12186b51-785f-48e2-bf98-5297049f5151,2,0,0,0,0,0,12.80,6.40,2026-05-26 22:35:05.934583+00,2026-05-26 22:35:05.934583+00
7bc12d45-b81f-4bb9-b8e6-54c8a6249f06,fbc7dcb4-6eda-4d50-949a-d58a3485466a,edb83ebc-95c3-4f26-99b3-0b758a5d08c6,2026,12186b51-785f-48e2-bf98-5297049f5151,2,0,0,0,0,0,12.00,6.00,2026-05-26 22:35:05.934583+00,2026-05-26 22:35:05.934583+00
0c10d737-653e-43c5-b5e7-e944cb8120f1,37097af1-e2f4-4e11-a40f-13467c8c03f4,edb83ebc-95c3-4f26-99b3-0b758a5d08c6,2026,12186b51-785f-48e2-bf98-5297049f5151,2,0,0,0,0,0,12.50,6.25,2026-05-26 22:35:05.934583+00,2026-05-26 22:35:05.934583+00
19c4e769-360a-4494-ab76-6ba8ef7c034c,72e2c8cc-17ad-4d7d-826a-a220892034b7,edb83ebc-95c3-4f26-99b3-0b758a5d08c6,2026,11204548-ef56-41bb-8525-c39645e56c14,1,0,0,0,0,0,7.20,7.20,2026-05-26 22:35:05.934583+00,2026-05-26 22:35:05.934583+00
dd6749b6-6f9b-4bed-91e0-aba8e4919d39,ef68e14b-9ca6-4634-8cfc-c30fca9a6ab3,edb83ebc-95c3-4f26-99b3-0b758a5d08c6,2026,11204548-ef56-41bb-8525-c39645e56c14,1,0,0,0,0,0,7.10,7.10,2026-05-26 22:35:05.934583+00,2026-05-26 22:35:05.934583+00
8668384f-bb98-4fb6-8adb-93d82a8e10ce,8c88450e-8e91-4a2d-969c-90fb61e960c9,edb83ebc-95c3-4f26-99b3-0b758a5d08c6,2026,12186b51-785f-48e2-bf98-5297049f5151,2,0,0,0,0,0,12.00,6.00,2026-05-26 22:35:05.934583+00,2026-05-26 22:35:05.934583+00
e72f2da5-9c39-453e-b5ea-2b9f7717eb5a,8f3dd1ca-c4c7-4f31-b60b-f0c5339add00,edb83ebc-95c3-4f26-99b3-0b758a5d08c6,2026,11204548-ef56-41bb-8525-c39645e56c14,1,0,0,0,0,0,6.00,6.00,2026-05-26 22:35:05.934583+00,2026-05-26 22:35:05.934583+00
26411258-443b-43cb-b919-5e17f1119432,dc4d3596-e72f-4bc4-86ae-270b01eca5de,edb83ebc-95c3-4f26-99b3-0b758a5d08c6,2026,11204548-ef56-41bb-8525-c39645e56c14,1,0,0,0,0,0,6.00,6.00,2026-05-26 22:35:05.934583+00,2026-05-26 22:35:05.934583+00
dc1c08f6-cab2-4f78-b294-2ce431facc61,a8255dab-d89e-40fa-8768-75ad88a7f4e1,edb83ebc-95c3-4f26-99b3-0b758a5d08c6,2026,12186b51-785f-48e2-bf98-5297049f5151,2,0,0,0,0,0,13.40,6.70,2026-05-26 22:35:05.934583+00,2026-05-26 22:35:05.934583+00
e6f57000-a24e-4106-bd1f-dd85a1ad00de,73712d6a-aa3d-4abf-8883-7357e90764bb,edb83ebc-95c3-4f26-99b3-0b758a5d08c6,2026,11204548-ef56-41bb-8525-c39645e56c14,1,0,0,0,0,0,6.00,6.00,2026-05-26 22:35:05.934583+00,2026-05-26 22:35:05.934583+00
122da95f-ba57-40ba-b083-e78a65ca80d2,d9d8689b-9903-47fe-b265-1893787e7c0e,edb83ebc-95c3-4f26-99b3-0b758a5d08c6,2026,bb59e55f-4963-4b32-bf38-ca3373b50e18,1,0,0,0,0,0,6.00,6.00,2026-05-26 22:35:05.934583+00,2026-05-26 22:35:05.934583+00
24786734-a335-435a-9ab5-265ead421b15,01d747c8-97a3-4921-a507-6dafe79efaee,edb83ebc-95c3-4f26-99b3-0b758a5d08c6,2026,12186b51-785f-48e2-bf98-5297049f5151,2,0,0,0,0,0,12.30,6.15,2026-05-26 22:35:05.934583+00,2026-05-26 22:35:05.934583+00
b8d0d56c-6da4-4c27-8628-7b2ca2b61786,3e29125e-d8d6-43ca-add2-93a5c691079b,edb83ebc-95c3-4f26-99b3-0b758a5d08c6,2026,bb59e55f-4963-4b32-bf38-ca3373b50e18,1,0,0,0,0,0,6.80,6.80,2026-05-26 22:35:05.934583+00,2026-05-26 22:35:05.934583+00
85bbe9b1-5eb2-4a45-98fb-1dca225a0d48,2d64ff4c-dfb0-49d0-98c2-65075a9f584c,edb83ebc-95c3-4f26-99b3-0b758a5d08c6,2026,12186b51-785f-48e2-bf98-5297049f5151,2,0,0,0,0,0,12.90,6.45,2026-05-26 22:35:05.934583+00,2026-05-26 22:35:05.934583+00
6489acae-500c-425e-8d38-bdf9f8bbb852,e3e1e300-3c20-469e-b665-05473b3e5b25,edb83ebc-95c3-4f26-99b3-0b758a5d08c6,2026,12186b51-785f-48e2-bf98-5297049f5151,2,0,0,0,0,0,12.00,6.00,2026-05-26 22:35:05.934583+00,2026-05-26 22:35:05.934583+00
a818b212-d192-4053-9405-3f1c55c22c54,34b3192b-f6fb-4fd4-8c36-0d5907ea3274,edb83ebc-95c3-4f26-99b3-0b758a5d08c6,2026,12186b51-785f-48e2-bf98-5297049f5151,2,0,0,0,0,0,12.00,6.00,2026-05-26 22:35:05.934583+00,2026-05-26 22:35:05.934583+00
5ea3c956-af95-42f6-ac37-6bc20e6956d2,b11cd8f8-d4f2-4aa4-ade4-2036f8f82c99,edb83ebc-95c3-4f26-99b3-0b758a5d08c6,2026,bb59e55f-4963-4b32-bf38-ca3373b50e18,1,0,0,0,0,0,6.00,6.00,2026-05-26 22:35:05.934583+00,2026-05-26 22:35:05.934583+00
d9972683-0a88-44a0-a838-c90ca74c1400,c48e8187-56a1-4cf6-aa3b-7f4d541818b5,edb83ebc-95c3-4f26-99b3-0b758a5d08c6,2026,11204548-ef56-41bb-8525-c39645e56c14,1,0,0,0,0,0,6.00,6.00,2026-05-26 22:35:05.934583+00,2026-05-26 22:35:05.934583+00
03124038-fb53-456e-af2a-1c718e70d0b2,f83e1a64-3a9c-46a9-841a-a111d8bec238,edb83ebc-95c3-4f26-99b3-0b758a5d08c6,2026,bb59e55f-4963-4b32-bf38-ca3373b50e18,1,0,0,0,0,0,6.00,6.00,2026-05-26 22:35:05.934583+00,2026-05-26 22:35:05.934583+00
ecc794e2-af63-46c3-be28-7365de52b11a,2c754dff-4551-4017-9e75-ca196d6a897a,edb83ebc-95c3-4f26-99b3-0b758a5d08c6,2026,12186b51-785f-48e2-bf98-5297049f5151,2,0,0,0,0,0,12.00,6.00,2026-05-26 22:35:05.934583+00,2026-05-26 22:35:05.934583+00
0191d001-59e5-428a-80fe-414ff2e12c96,dc8c22ce-a1e0-4e2b-986d-49d161160e88,edb83ebc-95c3-4f26-99b3-0b758a5d08c6,2026,11204548-ef56-41bb-8525-c39645e56c14,1,0,0,0,0,0,6.20,6.20,2026-05-26 22:35:05.934583+00,2026-05-26 22:35:05.934583+00
050faf7b-c7f7-4e29-9295-3b1ff3cc3302,1503d9e0-8901-4e7e-8695-c933ba465e03,edb83ebc-95c3-4f26-99b3-0b758a5d08c6,2026,bb59e55f-4963-4b32-bf38-ca3373b50e18,1,0,0,0,0,0,7.60,7.60,2026-05-26 22:35:05.934583+00,2026-05-26 22:35:05.934583+00
2be97295-9fc7-45a7-a547-d8fc07156d79,35e8047f-e06d-4baa-991b-a99c39bc0592,edb83ebc-95c3-4f26-99b3-0b758a5d08c6,2026,12186b51-785f-48e2-bf98-5297049f5151,2,0,0,0,0,0,12.00,6.00,2026-05-26 22:35:05.934583+00,2026-05-26 22:35:05.934583+00
686c9553-6226-4efd-a573-878e1419238d,40cb0cd8-b952-4e53-8fc5-ea6dcfe6d0b1,edb83ebc-95c3-4f26-99b3-0b758a5d08c6,2026,11204548-ef56-41bb-8525-c39645e56c14,1,0,0,0,0,0,6.00,6.00,2026-05-26 22:35:05.934583+00,2026-05-26 22:35:05.934583+00
66dfc1e3-cc35-42c8-9b3e-891bc2854b73,b1808380-574f-4326-87bb-dcfd122dd290,edb83ebc-95c3-4f26-99b3-0b758a5d08c6,2026,bb59e55f-4963-4b32-bf38-ca3373b50e18,1,0,0,0,0,0,6.00,6.00,2026-05-26 22:35:05.934583+00,2026-05-26 22:35:05.934583+00
975f16c0-ee99-4ed3-b87c-50d68f932bf3,95b2acea-c07a-4eed-a13f-431d07af02f8,edb83ebc-95c3-4f26-99b3-0b758a5d08c6,2026,12186b51-785f-48e2-bf98-5297049f5151,2,0,0,0,0,0,12.90,6.45,2026-05-26 22:35:05.934583+00,2026-05-26 22:35:05.934583+00
11614f79-1b9b-4134-83d6-eae26673d856,d9bd9c6c-7130-4253-a159-54322c7d7ada,edb83ebc-95c3-4f26-99b3-0b758a5d08c6,2026,12186b51-785f-48e2-bf98-5297049f5151,2,0,0,0,0,0,12.60,6.30,2026-05-26 22:35:05.934583+00,2026-05-26 22:35:05.934583+00
b2c8c0ad-2204-43ac-a7d0-455fad139f11,7483b582-d41c-4e3f-8ecc-1a19e50cc13b,edb83ebc-95c3-4f26-99b3-0b758a5d08c6,2026,12186b51-785f-48e2-bf98-5297049f5151,2,0,0,0,0,0,12.00,6.00,2026-05-26 22:35:05.934583+00,2026-05-26 22:35:05.934583+00
5607f358-8cd5-49d5-966e-9f84f3f48463,ff2ca5cc-b786-415b-ba77-f93f7d993d92,edb83ebc-95c3-4f26-99b3-0b758a5d08c6,2026,bb59e55f-4963-4b32-bf38-ca3373b50e18,1,0,0,0,0,0,8.90,8.90,2026-05-26 22:35:05.934583+00,2026-05-26 22:35:05.934583+00
2130e713-f8ae-498a-adb0-c020f282fb91,8428283d-108f-4dc7-9101-1b301d6e17ad,edb83ebc-95c3-4f26-99b3-0b758a5d08c6,2026,11204548-ef56-41bb-8525-c39645e56c14,1,0,0,0,0,0,6.50,6.50,2026-05-26 22:35:05.934583+00,2026-05-26 22:35:05.934583+00
9fcf8fe9-ee41-4f4d-ab30-9e92cb61e15c,0881c87d-15bf-4c12-bea4-d04ad5c8ed2d,edb83ebc-95c3-4f26-99b3-0b758a5d08c6,2026,bb59e55f-4963-4b32-bf38-ca3373b50e18,1,0,0,0,0,0,6.00,6.00,2026-05-26 22:35:05.934583+00,2026-05-26 22:35:05.934583+00
25c00cb6-c001-471a-af24-bca17050291c,b6a0e7cc-e689-4263-a559-65022ff6650b,edb83ebc-95c3-4f26-99b3-0b758a5d08c6,2026,bb59e55f-4963-4b32-bf38-ca3373b50e18,1,0,0,0,0,0,6.00,6.00,2026-05-26 22:35:05.934583+00,2026-05-26 22:35:05.934583+00
