id,league_id,match_id,title,content,category,importance,created_at,image_url,template_key,metadata
c8cb91e8-0e88-468e-866f-37cfd2101d0f,edb83ebc-95c3-4f26-99b3-0b758a5d08c6,,Corinthians domina e vence!,"Em um jogo de tirar o fôlego, o Corinthians mostrou superioridade. Destaque para os gols de Vitor Miranda, Bento Correia.",match_report,1,2026-05-16 01:13:40.754502+00,,,{}
bcc3203a-8cfc-4eab-9956-a90536baca52,edb83ebc-95c3-4f26-99b3-0b758a5d08c6,,Voz da Torcida,O craque do jogo foi absurdo!,fan_reaction,1,2026-05-16 01:13:40.754502+00,,,{}
847eeca8-efc7-4f0f-b8c5-151c9453ed01,edb83ebc-95c3-4f26-99b3-0b758a5d08c6,,Tudo igual: FLM Team Fc 2x2 Grêmio,"Em um jogo de tirar o fôlego, o Grêmio mostrou superioridade. Destaque para os gols de Cléber Sampaio, Arthur Pires.",match_report,1,2026-05-16 01:13:40.754502+00,,,{}
55a2119c-d8db-4687-b84d-c1cf265a4d1a,edb83ebc-95c3-4f26-99b3-0b758a5d08c6,,Voz da Torcida,Essa vitória lava a alma!,fan_reaction,1,2026-05-16 01:13:40.754502+00,,,{}
4eb9fd48-7358-4056-bd18-8e0f07e6aa04,edb83ebc-95c3-4f26-99b3-0b758a5d08c6,,Tudo igual: FLM 2x2 ABC FC,"Em um jogo de tirar o fôlego, o ABC FC mostrou superioridade. Destaque para os gols de Ricardo Braga, Luan Andrade.",match_report,1,2026-05-16 01:13:40.754502+00,,,{}
18fe6ccf-4c14-43d8-af28-974a106eaeda,edb83ebc-95c3-4f26-99b3-0b758a5d08c6,,Voz da Torcida,Esse time me mata de orgulho!,fan_reaction,1,2026-05-16 01:13:40.754502+00,,,{}
efa4ca99-5b80-400a-8de3-dd40f5a38604,edb83ebc-95c3-4f26-99b3-0b758a5d08c6,,Manager FC domina e vence!,"Em um jogo de tirar o fôlego, o Manager FC mostrou superioridade. Destaque para os gols de Cléber Moreira, Cauã Martins.",match_report,1,2026-05-16 01:13:40.754502+00,,,{}
77fb8e94-dd60-4342-aab7-8a0655546745,edb83ebc-95c3-4f26-99b3-0b758a5d08c6,,Voz da Torcida,Precisamos de reforços pra ontem!,fan_reaction,1,2026-05-16 01:13:40.754502+00,,,{}
cc4e51dd-cacf-4a0f-a7d4-7c6d8cd45af1,edb83ebc-95c3-4f26-99b3-0b758a5d08c6,,Show de bola do Botafogo!,"Em um jogo de tirar o fôlego, o Botafogo mostrou superioridade. Destaque para os gols de Caio Nogueira, Murilo Alencar.",match_report,1,2026-05-16 01:13:40.754502+00,,,{}
06ed17f8-91d1-482f-a0b5-9fd06808d5b7,edb83ebc-95c3-4f26-99b3-0b758a5d08c6,,Voz da Torcida,O craque do jogo foi absurdo!,fan_reaction,1,2026-05-16 01:13:40.754502+00,,,{}
c973dfac-bb76-4068-b7ff-4bfd1af3ad34,edb83ebc-95c3-4f26-99b3-0b758a5d08c6,,Show de bola do Corinthians!,"Em um jogo de tirar o fôlego, o Corinthians mostrou superioridade. Destaque para os gols de Raphinha Sampaio, Paulinho Vieira.",match_report,1,2026-05-16 01:13:40.754502+00,,,{}
4ca181e6-fb10-4f67-be8e-c2902fb66643,edb83ebc-95c3-4f26-99b3-0b758a5d08c6,,Voz da Torcida,"Técnico pardal, mexeu mal demais.",fan_reaction,1,2026-05-16 01:13:40.754502+00,,,{}
e3c6b9f3-6744-423e-85d4-8af868e0aba3,edb83ebc-95c3-4f26-99b3-0b758a5d08c6,,Tudo igual: ABC FC 1x1 Internacional,"Em um jogo de tirar o fôlego, o Internacional mostrou superioridade. Destaque para os gols de Bento Moreira, André Silva.",match_report,1,2026-05-16 01:13:40.754502+00,,,{}
cc9bdaef-db03-4ebc-b510-ffc64a18561c,edb83ebc-95c3-4f26-99b3-0b758a5d08c6,,Voz da Torcida,Que jogo meus amigos!,fan_reaction,1,2026-05-16 01:13:40.754502+00,,,{}
2e351804-3a23-4f37-ac7a-d44d767e8dda,edb83ebc-95c3-4f26-99b3-0b758a5d08c6,,Tudo igual: Fluminense 0x0 FLM,"Em um jogo de tirar o fôlego, o FLM mostrou superioridade. Destaque para os gols de .",match_report,1,2026-05-16 01:13:40.754502+00,,,{}
b3bb6b66-30bc-469b-a833-093a3fd1cbe9,edb83ebc-95c3-4f26-99b3-0b758a5d08c6,,Voz da Torcida,O craque do jogo foi absurdo!,fan_reaction,1,2026-05-16 01:13:40.754502+00,,,{}
94c31e4a-d5f2-4426-adae-0231f010bccb,edb83ebc-95c3-4f26-99b3-0b758a5d08c6,,Show de bola do Bahia!,"Em um jogo de tirar o fôlego, o Bahia mostrou superioridade. Destaque para os gols de Ronaldo Teixeira, Matheus Silva.",match_report,1,2026-05-16 01:13:40.754502+00,,,{}
ef4012b5-4ab3-494f-a743-d31a95c23313,edb83ebc-95c3-4f26-99b3-0b758a5d08c6,,Voz da Torcida,O craque do jogo foi absurdo!,fan_reaction,1,2026-05-16 01:13:40.754502+00,,,{}
e6a8ce95-367c-439d-9333-a3eae8b08d2f,edb83ebc-95c3-4f26-99b3-0b758a5d08c6,,Corinthians domina e vence!,"Em um jogo de tirar o fôlego, o Corinthians mostrou superioridade. Destaque para os gols de Bento Freitas, Gabriel Barros.",match_report,1,2026-05-16 01:13:40.754502+00,,,{}
3e2a9123-2f6d-4dbf-8e22-e9ccf24076a7,edb83ebc-95c3-4f26-99b3-0b758a5d08c6,,Voz da Torcida,O craque do jogo foi absurdo!,fan_reaction,1,2026-05-16 01:13:40.754502+00,,,{}
efe857c9-04b3-4ce8-9d3c-993f0fc043d6,edb83ebc-95c3-4f26-99b3-0b758a5d08c6,,Show de bola do Botafogo!,"Em um jogo de tirar o fôlego, o Botafogo mostrou superioridade. Destaque para os gols de Luan Andrade, Daniel Borges.",match_report,1,2026-05-16 01:13:40.754502+00,,,{}
9f6cb010-6b94-4ae5-8f92-4fdc26e8a0cb,edb83ebc-95c3-4f26-99b3-0b758a5d08c6,,Voz da Torcida,Esse time me mata de orgulho!,fan_reaction,1,2026-05-16 01:13:40.754502+00,,,{}
02d3e6be-9f38-421b-b1bf-a7f762298e0d,edb83ebc-95c3-4f26-99b3-0b758a5d08c6,,Manager FC domina e vence!,"Em um jogo de tirar o fôlego, o Manager FC mostrou superioridade. Destaque para os gols de Lucas Moreira, Thiago Barros.",match_report,1,2026-05-16 01:13:40.754502+00,,,{}
cd7e41dc-dd51-4bd9-b0b1-f591097f42ce,edb83ebc-95c3-4f26-99b3-0b758a5d08c6,,Voz da Torcida,Essa vitória lava a alma!,fan_reaction,1,2026-05-16 01:13:40.754502+00,,,{}
ed7db825-21ea-450a-90cc-011347293fc7,edb83ebc-95c3-4f26-99b3-0b758a5d08c6,,Show de bola do Real Zaragola!,"Em um jogo de tirar o fôlego, o Real Zaragola mostrou superioridade. Destaque para os gols de Noah Rocha, Caio Lopes.",match_report,1,2026-05-16 01:13:40.754502+00,,,{}
02f2e783-c770-4d43-9778-bbc6b00b7d9f,edb83ebc-95c3-4f26-99b3-0b758a5d08c6,,Voz da Torcida,Precisamos de reforços pra ontem!,fan_reaction,1,2026-05-16 01:13:40.754502+00,,,{}
f2304a80-8556-4c50-b5b8-bd92c5f5b085,edb83ebc-95c3-4f26-99b3-0b758a5d08c6,,Tudo igual: a 2x2 Corinthians,"Em um jogo de tirar o fôlego, o Corinthians mostrou superioridade. Destaque para os gols de Allan Batista, Raul Ramos.",match_report,1,2026-05-16 01:13:40.754502+00,,,{}
d6c61fa9-ed46-4adf-a253-aadc8d83c3c3,edb83ebc-95c3-4f26-99b3-0b758a5d08c6,,Voz da Torcida,Essa vitória lava a alma!,fan_reaction,1,2026-05-16 01:13:40.754502+00,,,{}
a01b309d-ecac-45b1-8261-932a1cdba8e4,edb83ebc-95c3-4f26-99b3-0b758a5d08c6,,Fluminense domina e vence!,"Em um jogo de tirar o fôlego, o Fluminense mostrou superioridade. Destaque para os gols de Wesley Medeiros, Felipe Farias.",match_report,1,2026-05-16 01:13:40.754502+00,,,{}
094a1fe6-48c1-43df-a6c3-0259a6398693,edb83ebc-95c3-4f26-99b3-0b758a5d08c6,,Voz da Torcida,"Técnico pardal, mexeu mal demais.",fan_reaction,1,2026-05-16 01:13:40.754502+00,,,{}
86ae192a-3436-4aa7-b814-675ddb5dd0d9,edb83ebc-95c3-4f26-99b3-0b758a5d08c6,,Santos domina e vence!,"Em um jogo de tirar o fôlego, o Santos mostrou superioridade. Destaque para os gols de Rogério Machado.",match_report,1,2026-05-16 01:13:40.754502+00,,,{}
9d409a1b-a0be-4797-be6b-1a936f68dc7c,edb83ebc-95c3-4f26-99b3-0b758a5d08c6,,Voz da Torcida,Que jogo meus amigos!,fan_reaction,1,2026-05-16 01:13:40.754502+00,,,{}
31889a9c-b6f5-47ef-96d1-4f573dbead6d,edb83ebc-95c3-4f26-99b3-0b758a5d08c6,,Show de bola do FLM!,"Em um jogo de tirar o fôlego, o FLM mostrou superioridade. Destaque para os gols de Leonardo Braga, Fabrício Pereira.",match_report,1,2026-05-16 01:13:40.754502+00,,,{}
066dba31-46cd-4d93-83f5-baf429ae1e54,edb83ebc-95c3-4f26-99b3-0b758a5d08c6,,Voz da Torcida,"Técnico pardal, mexeu mal demais.",fan_reaction,1,2026-05-16 01:13:40.754502+00,,,{}
678a0113-f271-4522-ba02-d6ea200c25ad,edb83ebc-95c3-4f26-99b3-0b758a5d08c6,,Real Zaragola domina e vence!,"Em um jogo de tirar o fôlego, o Real Zaragola mostrou superioridade. Destaque para os gols de Matheus Teixeira, Matheus Barbosa.",match_report,1,2026-05-16 01:13:40.754502+00,,,{}
54542722-c6bf-4d79-a881-f98a52cbf2bb,edb83ebc-95c3-4f26-99b3-0b758a5d08c6,,Voz da Torcida,"Técnico pardal, mexeu mal demais.",fan_reaction,1,2026-05-16 01:13:40.754502+00,,,{}
7a1de138-e40d-4098-8837-7982ee9f7767,edb83ebc-95c3-4f26-99b3-0b758a5d08c6,,Show de bola do Bahia!,"Em um jogo de tirar o fôlego, o Bahia mostrou superioridade. Destaque para os gols de Matheus Silva.",match_report,1,2026-05-16 01:13:40.754502+00,,,{}
f3e53c18-fe08-4b2e-a7d5-49966a9c4a6a,edb83ebc-95c3-4f26-99b3-0b758a5d08c6,,Voz da Torcida,Precisamos de reforços pra ontem!,fan_reaction,1,2026-05-16 01:13:40.754502+00,,,{}
41019bde-ab1b-455b-960f-9a9733b08cf2,edb83ebc-95c3-4f26-99b3-0b758a5d08c6,,Tudo igual: Corinthians 0x0 Fluminense,"Em um jogo de tirar o fôlego, o Fluminense mostrou superioridade. Destaque para os gols de .",match_report,1,2026-05-16 01:13:40.754502+00,,,{}
df759700-0ac6-49f5-8964-dfa38960749c,edb83ebc-95c3-4f26-99b3-0b758a5d08c6,,Voz da Torcida,Que jogo meus amigos!,fan_reaction,1,2026-05-16 01:13:40.754502+00,,,{}
9117b820-e802-4ec0-bed0-e8addb114ced,edb83ebc-95c3-4f26-99b3-0b758a5d08c6,,Manager FC domina e vence!,"Em um jogo de tirar o fôlego, o Manager FC mostrou superioridade. Destaque para os gols de Cauã Martins, Nicolas Cavalcanti.",match_report,1,2026-05-16 01:13:40.754502+00,,,{}
ac5e2e8d-82fe-467e-871d-3693f3d309ab,edb83ebc-95c3-4f26-99b3-0b758a5d08c6,,Voz da Torcida,Que jogo meus amigos!,fan_reaction,1,2026-05-16 01:13:40.754502+00,,,{}
c3e563b0-ab45-4a4e-a3db-42aac146bebd,edb83ebc-95c3-4f26-99b3-0b758a5d08c6,,Show de bola do Corinthians!,"Em um jogo de tirar o fôlego, o Corinthians mostrou superioridade. Destaque para os gols de Vanderlei Barbosa, Nicolas Rodrigues.",match_report,1,2026-05-16 01:13:40.754502+00,,,{}
ea618efb-6523-4539-8dc9-f9ca25f5cd88,edb83ebc-95c3-4f26-99b3-0b758a5d08c6,,Voz da Torcida,Esse time me mata de orgulho!,fan_reaction,1,2026-05-16 01:13:40.754502+00,,,{}
85a9d49f-ab3b-47d1-b704-882aa86fbdca,edb83ebc-95c3-4f26-99b3-0b758a5d08c6,,Botafogo domina e vence!,"Em um jogo de tirar o fôlego, o Botafogo mostrou superioridade. Destaque para os gols de Otávio Melo, Vitor Teixeira.",match_report,1,2026-05-16 01:13:40.754502+00,,,{}
92225654-8a13-4b29-ad12-75637d3e92b7,edb83ebc-95c3-4f26-99b3-0b758a5d08c6,,Voz da Torcida,Essa vitória lava a alma!,fan_reaction,1,2026-05-16 01:13:40.754502+00,,,{}
24692a0f-dffb-4c97-9bd7-9365be801200,edb83ebc-95c3-4f26-99b3-0b758a5d08c6,,Cruzeiro domina e vence!,"Em um jogo de tirar o fôlego, o Cruzeiro mostrou superioridade. Destaque para os gols de Rogério Barbosa, Breno Melo.",match_report,1,2026-05-16 01:13:40.754502+00,,,{}
dc44e3c2-9bd6-4fe2-8303-26d695d4fb91,edb83ebc-95c3-4f26-99b3-0b758a5d08c6,,Voz da Torcida,Que jogo meus amigos!,fan_reaction,1,2026-05-16 01:13:40.754502+00,,,{}
10e3f9b0-1c9a-418b-973a-47ed6ab4d9bb,edb83ebc-95c3-4f26-99b3-0b758a5d08c6,,Show de bola do Internacional!,"Em um jogo de tirar o fôlego, o Internacional mostrou superioridade. Destaque para os gols de Francisco Machado, André Silva.",match_report,1,2026-05-16 01:13:40.754502+00,,,{}
c81f8511-d96e-47bb-8b00-bccd15fe0698,edb83ebc-95c3-4f26-99b3-0b758a5d08c6,,Voz da Torcida,Esse time me mata de orgulho!,fan_reaction,1,2026-05-16 01:13:40.754502+00,,,{}
929a025a-3197-4322-afdf-0cc4f502e228,b01ef2e0-298f-4313-a093-680715e25fec,,Flamengo domina e vence!,"Em um jogo de tirar o fôlego, o Flamengo mostrou superioridade. Destaque para os gols de Gael Moura, Vinícius Araújo.",match_report,1,2026-05-16 01:13:43.273654+00,,,{}
78a42e14-1606-4e41-bd30-c9b0b1c883a2,b01ef2e0-298f-4313-a093-680715e25fec,,Voz da Torcida,O craque do jogo foi absurdo!,fan_reaction,1,2026-05-16 01:13:43.273654+00,,,{}
08cf58d6-c40c-4abb-bb66-53061c5944fa,b01ef2e0-298f-4313-a093-680715e25fec,,Show de bola do Real Madrid!,"Em um jogo de tirar o fôlego, o Real Madrid mostrou superioridade. Destaque para os gols de .",match_report,1,2026-05-16 01:13:43.273654+00,,,{}
75fba0ff-cfe4-4cd5-9059-c1bda3daf223,b01ef2e0-298f-4313-a093-680715e25fec,,Voz da Torcida,"Técnico pardal, mexeu mal demais.",fan_reaction,1,2026-05-16 01:13:43.273654+00,,,{}
c5047330-96eb-451c-aaf3-d536c56d7bb4,b01ef2e0-298f-4313-a093-680715e25fec,,Show de bola do Real Madrid!,"Em um jogo de tirar o fôlego, o Real Madrid mostrou superioridade. Destaque para os gols de Weverton Costa.",match_report,1,2026-05-16 01:13:43.273654+00,,,{}
f0dff45f-fd11-4933-90f6-f09655a78c48,b01ef2e0-298f-4313-a093-680715e25fec,,Voz da Torcida,"Técnico pardal, mexeu mal demais.",fan_reaction,1,2026-05-16 01:13:43.273654+00,,,{}
a8ab6be1-60b0-4c48-a2e5-088b72a22886,b01ef2e0-298f-4313-a093-680715e25fec,,Show de bola do Barcelona!,"Em um jogo de tirar o fôlego, o Barcelona mostrou superioridade. Destaque para os gols de .",match_report,1,2026-05-16 01:13:43.273654+00,,,{}
d99ccf50-5329-4c8c-9d86-1b388febf117,b01ef2e0-298f-4313-a093-680715e25fec,,Voz da Torcida,Que jogo meus amigos!,fan_reaction,1,2026-05-16 01:13:43.273654+00,,,{}
29dfeb60-8abe-4dcf-b1aa-9faad2e13442,b01ef2e0-298f-4313-a093-680715e25fec,,Espanha Bot 60 domina e vence!,"Em um jogo de tirar o fôlego, o Espanha Bot 60 mostrou superioridade. Destaque para os gols de .",match_report,1,2026-05-16 01:13:43.273654+00,,,{}
7d2fac09-98e3-4053-a45f-90e5102299e5,b01ef2e0-298f-4313-a093-680715e25fec,,Voz da Torcida,Que jogo meus amigos!,fan_reaction,1,2026-05-16 01:13:43.273654+00,,,{}
9c7f3e19-5d13-44e7-9fae-be02ecf126f7,b01ef2e0-298f-4313-a093-680715e25fec,,Show de bola do Espanha Bot 43!,"Em um jogo de tirar o fôlego, o Espanha Bot 43 mostrou superioridade. Destaque para os gols de Daniel Santos.",match_report,1,2026-05-16 01:13:43.273654+00,,,{}
4766b823-2bcc-4ba4-a9cf-6b1c760ee573,b01ef2e0-298f-4313-a093-680715e25fec,,Voz da Torcida,Precisamos de reforços pra ontem!,fan_reaction,1,2026-05-16 01:13:43.273654+00,,,{}
c8b3ae63-2913-4092-998b-6c501ff5a734,b01ef2e0-298f-4313-a093-680715e25fec,,São Paulo domina e vence!,"Em um jogo de tirar o fôlego, o São Paulo mostrou superioridade. Destaque para os gols de Leonardo Farias.",match_report,1,2026-05-16 01:13:43.273654+00,,,{}
eeb385a5-a75f-4ef4-a4c6-e5a5c9784700,b01ef2e0-298f-4313-a093-680715e25fec,,Voz da Torcida,Que jogo meus amigos!,fan_reaction,1,2026-05-16 01:13:43.273654+00,,,{}
984d0950-f067-48b9-a343-760c4427525e,b01ef2e0-298f-4313-a093-680715e25fec,,Atlético de Madrid domina e vence!,"Em um jogo de tirar o fôlego, o Atlético de Madrid mostrou superioridade. Destaque para os gols de .",match_report,1,2026-05-16 01:13:43.273654+00,,,{}
5fa69133-27c4-4408-9d46-299b08e59a5d,b01ef2e0-298f-4313-a093-680715e25fec,,Voz da Torcida,Essa vitória lava a alma!,fan_reaction,1,2026-05-16 01:13:43.273654+00,,,{}
78dac081-d587-4a49-88d8-2e99301d3cb3,b01ef2e0-298f-4313-a093-680715e25fec,,Show de bola do Espanha Bot 61!,"Em um jogo de tirar o fôlego, o Espanha Bot 61 mostrou superioridade. Destaque para os gols de .",match_report,1,2026-05-16 01:13:43.273654+00,,,{}
2c6a377e-ce36-4d9e-a191-f9b77e64f1de,b01ef2e0-298f-4313-a093-680715e25fec,,Voz da Torcida,Precisamos de reforços pra ontem!,fan_reaction,1,2026-05-16 01:13:43.273654+00,,,{}
34e78e6e-ff17-4dc8-b480-bd3b1c648c8c,b01ef2e0-298f-4313-a093-680715e25fec,,Show de bola do Espanha Bot 44!,"Em um jogo de tirar o fôlego, o Espanha Bot 44 mostrou superioridade. Destaque para os gols de Kaká Almeida.",match_report,1,2026-05-16 01:13:43.273654+00,,,{}
1b0a4263-7607-41e6-ad67-17ea5125d5ed,b01ef2e0-298f-4313-a093-680715e25fec,,Voz da Torcida,Essa vitória lava a alma!,fan_reaction,1,2026-05-16 01:13:43.273654+00,,,{}
372f1ecc-e681-4422-a71b-8cc8687bd004,b01ef2e0-298f-4313-a093-680715e25fec,,Show de bola do Flamengo!,"Em um jogo de tirar o fôlego, o Flamengo mostrou superioridade. Destaque para os gols de Washington Pires, Reinaldo Costa.",match_report,1,2026-05-16 01:13:43.273654+00,,,{}
00f93fb3-cb50-467d-bb4f-dcd8f8598f9e,b01ef2e0-298f-4313-a093-680715e25fec,,Voz da Torcida,Essa vitória lava a alma!,fan_reaction,1,2026-05-16 01:13:43.273654+00,,,{}
0f21f7aa-1db6-4032-a8a8-d9106f7ab900,b01ef2e0-298f-4313-a093-680715e25fec,,Tudo igual: Espanha Bot 48 0x0 Flamengo,"Em um jogo de tirar o fôlego, o Flamengo mostrou superioridade. Destaque para os gols de .",match_report,1,2026-05-16 01:13:43.273654+00,,,{}
9e521a44-a06d-4e49-8a79-d79d1644c2bf,b01ef2e0-298f-4313-a093-680715e25fec,,Voz da Torcida,Que jogo meus amigos!,fan_reaction,1,2026-05-16 01:13:43.273654+00,,,{}
04706193-fba6-4af4-bd83-ac214d2f947a,b01ef2e0-298f-4313-a093-680715e25fec,,Tudo igual: Espanha Bot 5 2x2 BOT LaLiga 9,"Em um jogo de tirar o fôlego, o BOT LaLiga 9 mostrou superioridade. Destaque para os gols de Theo Dias, Matheus Cavalcanti.",match_report,1,2026-05-16 01:13:43.273654+00,,,{}
6a3cdbaa-18cf-49b6-aa78-8593e69f844c,b01ef2e0-298f-4313-a093-680715e25fec,,Voz da Torcida,"Técnico pardal, mexeu mal demais.",fan_reaction,1,2026-05-16 01:13:43.273654+00,,,{}
4f7b0417-774b-4215-8865-7dec4219366b,b01ef2e0-298f-4313-a093-680715e25fec,,São Paulo domina e vence!,"Em um jogo de tirar o fôlego, o São Paulo mostrou superioridade. Destaque para os gols de Matheus Monteiro.",match_report,1,2026-05-16 01:13:43.273654+00,,,{}
b91f2a1e-2898-4bbf-a513-c20ca942948c,b01ef2e0-298f-4313-a093-680715e25fec,,Voz da Torcida,Que jogo meus amigos!,fan_reaction,1,2026-05-16 01:13:43.273654+00,,,{}
071f16fe-6389-4f8c-b318-4561eb16c6de,b01ef2e0-298f-4313-a093-680715e25fec,,Show de bola do Palmeiras!,"Em um jogo de tirar o fôlego, o Palmeiras mostrou superioridade. Destaque para os gols de Rodinei Monteiro, Leonardo Machado.",match_report,1,2026-05-16 01:13:43.273654+00,,,{}
d9f1d6de-2050-4edf-a153-3558aa96ed0c,b01ef2e0-298f-4313-a093-680715e25fec,,Voz da Torcida,"Técnico pardal, mexeu mal demais.",fan_reaction,1,2026-05-16 01:13:43.273654+00,,,{}
f68d2b0f-caca-4997-9c5e-16a721375897,b01ef2e0-298f-4313-a093-680715e25fec,,São Paulo domina e vence!,"Em um jogo de tirar o fôlego, o São Paulo mostrou superioridade. Destaque para os gols de Gabriel Gomes.",match_report,1,2026-05-16 01:13:43.273654+00,,,{}
6ff70917-9176-4ef0-9b13-9e10ba531151,b01ef2e0-298f-4313-a093-680715e25fec,,Voz da Torcida,Esse time me mata de orgulho!,fan_reaction,1,2026-05-16 01:13:43.273654+00,,,{}
1d306024-e099-4379-bf3d-4688fad61e46,b01ef2e0-298f-4313-a093-680715e25fec,,Tudo igual: São Paulo 1x1 Flamengo,"Em um jogo de tirar o fôlego, o Flamengo mostrou superioridade. Destaque para os gols de Yuri Sampaio.",match_report,1,2026-05-16 01:13:43.273654+00,,,{}
77e01bfb-a884-4f48-86e1-c2a402554c55,b01ef2e0-298f-4313-a093-680715e25fec,,Voz da Torcida,Precisamos de reforços pra ontem!,fan_reaction,1,2026-05-16 01:13:43.273654+00,,,{}
7b78cd4c-2209-4c7e-99fe-5f689d5ee25a,b01ef2e0-298f-4313-a093-680715e25fec,,Tudo igual: BOT LaLiga 6 2x2 Real Madrid,"Em um jogo de tirar o fôlego, o Real Madrid mostrou superioridade. Destaque para os gols de .",match_report,1,2026-05-16 01:13:43.273654+00,,,{}
e92304d4-7e43-410a-b572-026e6d5589b8,b01ef2e0-298f-4313-a093-680715e25fec,,Voz da Torcida,Esse time me mata de orgulho!,fan_reaction,1,2026-05-16 01:13:43.273654+00,,,{}
7edd819d-6dde-459c-8f01-2d0e0a91a6c6,b01ef2e0-298f-4313-a093-680715e25fec,,Show de bola do Palmeiras!,"Em um jogo de tirar o fôlego, o Palmeiras mostrou superioridade. Destaque para os gols de .",match_report,1,2026-05-16 01:13:43.273654+00,,,{}
39b9b74a-cc8d-407c-9dc4-0bffbc7be682,b01ef2e0-298f-4313-a093-680715e25fec,,Voz da Torcida,Precisamos de reforços pra ontem!,fan_reaction,1,2026-05-16 01:13:43.273654+00,,,{}
11a3dc63-b2f6-4883-ab87-96b7c4046710,b01ef2e0-298f-4313-a093-680715e25fec,,Tudo igual: Espanha Bot 9 1x1 BOT LaLiga 5,"Em um jogo de tirar o fôlego, o BOT LaLiga 5 mostrou superioridade. Destaque para os gols de Allan Pires.",match_report,1,2026-05-16 01:13:43.273654+00,,,{}
227c4d2c-12b5-4605-9040-8b17b5ced604,b01ef2e0-298f-4313-a093-680715e25fec,,Voz da Torcida,"Técnico pardal, mexeu mal demais.",fan_reaction,1,2026-05-16 01:13:43.273654+00,,,{}
fe6699e6-2964-4926-9798-c4c796cf6904,b01ef2e0-298f-4313-a093-680715e25fec,,Real Madrid domina e vence!,"Em um jogo de tirar o fôlego, o Real Madrid mostrou superioridade. Destaque para os gols de .",match_report,1,2026-05-16 01:13:43.273654+00,,,{}
8e7453c5-85d2-4662-91ea-24d35d27d478,b01ef2e0-298f-4313-a093-680715e25fec,,Voz da Torcida,O craque do jogo foi absurdo!,fan_reaction,1,2026-05-16 01:13:43.273654+00,,,{}
93e49a33-88c8-485c-b88a-cbb14d6910fb,b01ef2e0-298f-4313-a093-680715e25fec,,Show de bola do Espanha Bot 53!,"Em um jogo de tirar o fôlego, o Espanha Bot 53 mostrou superioridade. Destaque para os gols de .",match_report,1,2026-05-16 01:13:43.273654+00,,,{}
8eaa9658-a922-4a56-8ebd-9ad72e2a24e8,b01ef2e0-298f-4313-a093-680715e25fec,,Voz da Torcida,Que jogo meus amigos!,fan_reaction,1,2026-05-16 01:13:43.273654+00,,,{}
15c0e928-1fdd-4545-812e-14ca13cf5547,b01ef2e0-298f-4313-a093-680715e25fec,,Espanha Bot 62 domina e vence!,"Em um jogo de tirar o fôlego, o Espanha Bot 62 mostrou superioridade. Destaque para os gols de Fabrício Cardoso.",match_report,1,2026-05-16 01:13:43.273654+00,,,{}
56ea850a-8e40-4877-b96e-9f23ee787092,b01ef2e0-298f-4313-a093-680715e25fec,,Voz da Torcida,Esse time me mata de orgulho!,fan_reaction,1,2026-05-16 01:13:43.273654+00,,,{}
c1ca4080-3795-49d7-9d21-00dbd58e4e12,b01ef2e0-298f-4313-a093-680715e25fec,,Espanha Bot 46 domina e vence!,"Em um jogo de tirar o fôlego, o Espanha Bot 46 mostrou superioridade. Destaque para os gols de .",match_report,1,2026-05-16 01:13:43.273654+00,,,{}
9b7032cf-c463-46aa-90ba-5750d9c716dd,b01ef2e0-298f-4313-a093-680715e25fec,,Voz da Torcida,Precisamos de reforços pra ontem!,fan_reaction,1,2026-05-16 01:13:43.273654+00,,,{}
a1f14637-4e7d-4cf3-bd5c-e6b28d402e6a,b01ef2e0-298f-4313-a093-680715e25fec,,Show de bola do Espanha Bot 47!,"Em um jogo de tirar o fôlego, o Espanha Bot 47 mostrou superioridade. Destaque para os gols de .",match_report,1,2026-05-16 01:13:43.273654+00,,,{}
f863cc08-f0d3-476d-b90f-aa5f9b3a561b,b01ef2e0-298f-4313-a093-680715e25fec,,Voz da Torcida,Essa vitória lava a alma!,fan_reaction,1,2026-05-16 01:13:43.273654+00,,,{}
867ad153-1f23-4ea0-9cd2-ee36d0643927,9aae628c-fe5d-4c4b-a20d-ac978d00b3a6,,Show de bola do Palmeiras!,"Em um jogo de tirar o fôlego, o Palmeiras mostrou superioridade. Destaque para os gols de Marcos Barros, Miguel Barros.",match_report,1,2026-05-16 01:13:45.777921+00,,,{}
02d5ebd3-90a9-4a24-afbb-9e18275ee3ef,9aae628c-fe5d-4c4b-a20d-ac978d00b3a6,,Voz da Torcida,Que jogo meus amigos!,fan_reaction,1,2026-05-16 01:13:45.777921+00,,,{}
71aa3bd0-0823-46ff-abb1-71db0235042e,9aae628c-fe5d-4c4b-a20d-ac978d00b3a6,,Tudo igual: Palmeiras 1x1 São Paulo,"Em um jogo de tirar o fôlego, o São Paulo mostrou superioridade. Destaque para os gols de Igor Ferreira.",match_report,1,2026-05-16 01:13:45.777921+00,,,{}
c8dffb2a-31fc-4501-882d-da941576d04f,9aae628c-fe5d-4c4b-a20d-ac978d00b3a6,,Voz da Torcida,"Técnico pardal, mexeu mal demais.",fan_reaction,1,2026-05-16 01:13:45.777921+00,,,{}
5117c23f-d639-45b2-a681-69d5d6a60e11,9aae628c-fe5d-4c4b-a20d-ac978d00b3a6,,Tudo igual: Inglaterra Bot 55 0x0 BOT Premier League 9,"Em um jogo de tirar o fôlego, o BOT Premier League 9 mostrou superioridade. Destaque para os gols de .",match_report,1,2026-05-16 01:13:45.777921+00,,,{}
1db1c26f-6073-49f0-8bd5-0a44b6a6e1c2,9aae628c-fe5d-4c4b-a20d-ac978d00b3a6,,Voz da Torcida,"Técnico pardal, mexeu mal demais.",fan_reaction,1,2026-05-16 01:13:45.777921+00,,,{}
9e785550-c494-40f8-a1f8-0f43d19575d8,9aae628c-fe5d-4c4b-a20d-ac978d00b3a6,,Show de bola do Inglaterra Bot 42!,"Em um jogo de tirar o fôlego, o Inglaterra Bot 42 mostrou superioridade. Destaque para os gols de Emanuel Coelho.",match_report,1,2026-05-16 01:13:45.777921+00,,,{}
0cfd91a6-b70c-44a9-82b1-4b21d411a244,9aae628c-fe5d-4c4b-a20d-ac978d00b3a6,,Voz da Torcida,Precisamos de reforços pra ontem!,fan_reaction,1,2026-05-16 01:13:45.777921+00,,,{}
0fd63a4b-3619-4e5f-ac83-0c9e104d7893,9aae628c-fe5d-4c4b-a20d-ac978d00b3a6,,Inglaterra Bot 45 domina e vence!,"Em um jogo de tirar o fôlego, o Inglaterra Bot 45 mostrou superioridade. Destaque para os gols de .",match_report,1,2026-05-16 01:13:45.777921+00,,,{}
119b6483-0cfa-4aad-b040-a3631bbf59a8,9aae628c-fe5d-4c4b-a20d-ac978d00b3a6,,Voz da Torcida,O craque do jogo foi absurdo!,fan_reaction,1,2026-05-16 01:13:45.777921+00,,,{}
839771bb-9df3-4ffa-b917-d622fabb9240,9aae628c-fe5d-4c4b-a20d-ac978d00b3a6,,Arsenal domina e vence!,"Em um jogo de tirar o fôlego, o Arsenal mostrou superioridade. Destaque para os gols de .",match_report,1,2026-05-16 01:13:45.777921+00,,,{}
20288362-f7e7-432c-bbbe-b4bba7a160b9,9aae628c-fe5d-4c4b-a20d-ac978d00b3a6,,Voz da Torcida,"Técnico pardal, mexeu mal demais.",fan_reaction,1,2026-05-16 01:13:45.777921+00,,,{}
b6f25fb9-48c9-4474-a8f0-7c10fda74fe9,9aae628c-fe5d-4c4b-a20d-ac978d00b3a6,,Inglaterra Bot 56 domina e vence!,"Em um jogo de tirar o fôlego, o Inglaterra Bot 56 mostrou superioridade. Destaque para os gols de .",match_report,1,2026-05-16 01:13:45.777921+00,,,{}
8cfbe7cc-0a69-4305-8d1e-48c04daa7670,9aae628c-fe5d-4c4b-a20d-ac978d00b3a6,,Voz da Torcida,Esse time me mata de orgulho!,fan_reaction,1,2026-05-16 01:13:45.777921+00,,,{}
e213ee3c-f814-4dd7-9ec3-8d34c489f6a1,9aae628c-fe5d-4c4b-a20d-ac978d00b3a6,,Show de bola do Palmeiras!,"Em um jogo de tirar o fôlego, o Palmeiras mostrou superioridade. Destaque para os gols de Levi Farias, Guilherme Lopes.",match_report,1,2026-05-16 01:13:45.777921+00,,,{}
c4ce7f21-0251-43f0-bc28-ea92e3c21ca8,9aae628c-fe5d-4c4b-a20d-ac978d00b3a6,,Voz da Torcida,O craque do jogo foi absurdo!,fan_reaction,1,2026-05-16 01:13:45.777921+00,,,{}
5eed048b-a8df-4f2b-b3ea-6cc338b25192,9aae628c-fe5d-4c4b-a20d-ac978d00b3a6,,Inglaterra Bot 52 domina e vence!,"Em um jogo de tirar o fôlego, o Inglaterra Bot 52 mostrou superioridade. Destaque para os gols de .",match_report,1,2026-05-16 01:13:45.777921+00,,,{}
3ac01a10-0a26-4c34-9a8a-c1c40f78275d,9aae628c-fe5d-4c4b-a20d-ac978d00b3a6,,Voz da Torcida,Precisamos de reforços pra ontem!,fan_reaction,1,2026-05-16 01:13:45.777921+00,,,{}
89b2e585-b7fd-4392-8aa2-376b648ce105,9aae628c-fe5d-4c4b-a20d-ac978d00b3a6,,Tudo igual: Flamengo 2x2 Manchester City,"Em um jogo de tirar o fôlego, o Manchester City mostrou superioridade. Destaque para os gols de Edson Xavier, Isaac Santos.",match_report,1,2026-05-16 01:13:45.777921+00,,,{}
c60792ce-9001-4a18-87df-d9fe61b25f0a,9aae628c-fe5d-4c4b-a20d-ac978d00b3a6,,Voz da Torcida,Que jogo meus amigos!,fan_reaction,1,2026-05-16 01:13:45.777921+00,,,{}
9ebcf11d-faf1-4626-aea1-e238b26d73f9,9aae628c-fe5d-4c4b-a20d-ac978d00b3a6,,Show de bola do Inglaterra Bot 7!,"Em um jogo de tirar o fôlego, o Inglaterra Bot 7 mostrou superioridade. Destaque para os gols de Igor Pinto, Antônio Teixeira.",match_report,1,2026-05-16 01:13:45.777921+00,,,{}
8dc99931-c77d-4503-8668-f98e4170e8e5,9aae628c-fe5d-4c4b-a20d-ac978d00b3a6,,Voz da Torcida,Precisamos de reforços pra ontem!,fan_reaction,1,2026-05-16 01:13:45.777921+00,,,{}
14654f10-9044-49b0-98cd-0f1475a00d7f,9aae628c-fe5d-4c4b-a20d-ac978d00b3a6,,Tudo igual: Inglaterra Bot 47 1x1 Flamengo,"Em um jogo de tirar o fôlego, o Flamengo mostrou superioridade. Destaque para os gols de Vinícius Coelho.",match_report,1,2026-05-16 01:13:45.777921+00,,,{}
b9bb6259-7ea8-42d8-8811-34c44c0591f9,9aae628c-fe5d-4c4b-a20d-ac978d00b3a6,,Voz da Torcida,Que jogo meus amigos!,fan_reaction,1,2026-05-16 01:13:45.777921+00,,,{}
677dc045-5ab9-4b3f-9c9e-a9dd0e86a2b7,9aae628c-fe5d-4c4b-a20d-ac978d00b3a6,,Tudo igual: Flamengo 3x3 Inglaterra Bot 6,"Em um jogo de tirar o fôlego, o Inglaterra Bot 6 mostrou superioridade. Destaque para os gols de Allan Farias, Paulinho Rodrigues.",match_report,1,2026-05-16 01:13:45.777921+00,,,{}
80cfdb16-0c0c-4ffa-84c1-af67ff5a373d,9aae628c-fe5d-4c4b-a20d-ac978d00b3a6,,Voz da Torcida,Esse time me mata de orgulho!,fan_reaction,1,2026-05-16 01:13:45.777921+00,,,{}
d6e019b9-798a-4964-a6f7-3f79ef57797f,9aae628c-fe5d-4c4b-a20d-ac978d00b3a6,,Show de bola do BOT Premier League 8!,"Em um jogo de tirar o fôlego, o BOT Premier League 8 mostrou superioridade. Destaque para os gols de Isaac Monteiro.",match_report,1,2026-05-16 01:13:45.777921+00,,,{}
4efd6d04-3a08-43bd-9f48-0c4f6bc5ed19,9aae628c-fe5d-4c4b-a20d-ac978d00b3a6,,Voz da Torcida,Que jogo meus amigos!,fan_reaction,1,2026-05-16 01:13:45.777921+00,,,{}
8b8a3e75-58bc-4c8e-9967-ee5af77ad9b3,9aae628c-fe5d-4c4b-a20d-ac978d00b3a6,,Show de bola do Flamengo!,"Em um jogo de tirar o fôlego, o Flamengo mostrou superioridade. Destaque para os gols de Yuri Araújo, Vanderlei Rocha.",match_report,1,2026-05-16 01:13:45.777921+00,,,{}
05913b1d-43b8-4f75-81a8-10e6be4749d6,9aae628c-fe5d-4c4b-a20d-ac978d00b3a6,,Voz da Torcida,Esse time me mata de orgulho!,fan_reaction,1,2026-05-16 01:13:45.777921+00,,,{}
57edbef6-b570-42c8-9c75-27824a09e142,9aae628c-fe5d-4c4b-a20d-ac978d00b3a6,,Inglaterra Bot 48 domina e vence!,"Em um jogo de tirar o fôlego, o Inglaterra Bot 48 mostrou superioridade. Destaque para os gols de Yuri Azevedo.",match_report,1,2026-05-16 01:13:45.777921+00,,,{}
13c57389-7304-412a-9a40-0b3bfaec5931,9aae628c-fe5d-4c4b-a20d-ac978d00b3a6,,Voz da Torcida,"Técnico pardal, mexeu mal demais.",fan_reaction,1,2026-05-16 01:13:45.777921+00,,,{}
564f4c4b-639b-4142-8fe0-2b28747d91e2,9aae628c-fe5d-4c4b-a20d-ac978d00b3a6,,Inglaterra Bot 50 domina e vence!,"Em um jogo de tirar o fôlego, o Inglaterra Bot 50 mostrou superioridade. Destaque para os gols de .",match_report,1,2026-05-16 01:13:45.777921+00,,,{}
634395b3-43e8-4ebc-a433-07c196f14044,9aae628c-fe5d-4c4b-a20d-ac978d00b3a6,,Voz da Torcida,O craque do jogo foi absurdo!,fan_reaction,1,2026-05-16 01:13:45.777921+00,,,{}
bb3859f4-b3e4-4209-b1a0-c9d26585840a,9aae628c-fe5d-4c4b-a20d-ac978d00b3a6,,Tudo igual: São Paulo 0x0 Palmeiras,"Em um jogo de tirar o fôlego, o Palmeiras mostrou superioridade. Destaque para os gols de .",match_report,1,2026-05-16 01:13:45.777921+00,,,{}
a4d60735-6d14-43a2-b353-afd59926bb8c,9aae628c-fe5d-4c4b-a20d-ac978d00b3a6,,Voz da Torcida,Esse time me mata de orgulho!,fan_reaction,1,2026-05-16 01:13:45.777921+00,,,{}
287bbf34-47e2-48bf-898e-9d1aa7f947c0,9aae628c-fe5d-4c4b-a20d-ac978d00b3a6,,Flamengo domina e vence!,"Em um jogo de tirar o fôlego, o Flamengo mostrou superioridade. Destaque para os gols de Renan Braga, Reinaldo Ferreira.",match_report,1,2026-05-16 01:13:45.777921+00,,,{}
71523dba-7e7a-413e-9d73-d90df5d767aa,9aae628c-fe5d-4c4b-a20d-ac978d00b3a6,,Voz da Torcida,"Técnico pardal, mexeu mal demais.",fan_reaction,1,2026-05-16 01:13:45.777921+00,,,{}
5c678fa9-1707-4547-8e4e-97c29a8fd433,9aae628c-fe5d-4c4b-a20d-ac978d00b3a6,,Show de bola do Inglaterra Bot 40!,"Em um jogo de tirar o fôlego, o Inglaterra Bot 40 mostrou superioridade. Destaque para os gols de .",match_report,1,2026-05-16 01:13:45.777921+00,,,{}
bfb5aaa8-31e5-4fa6-b486-58e77bcf10f7,9aae628c-fe5d-4c4b-a20d-ac978d00b3a6,,Voz da Torcida,Precisamos de reforços pra ontem!,fan_reaction,1,2026-05-16 01:13:45.777921+00,,,{}
6f4c749a-7e5f-4104-8d8c-60de7bf5ed94,9aae628c-fe5d-4c4b-a20d-ac978d00b3a6,,Show de bola do Inglaterra Bot 61!,"Em um jogo de tirar o fôlego, o Inglaterra Bot 61 mostrou superioridade. Destaque para os gols de Yuri Silva.",match_report,1,2026-05-16 01:13:45.777921+00,,,{}
aeb95b4f-c950-4fa2-bb8b-5dd867c4e8eb,9aae628c-fe5d-4c4b-a20d-ac978d00b3a6,,Voz da Torcida,Esse time me mata de orgulho!,fan_reaction,1,2026-05-16 01:13:45.777921+00,,,{}
33967161-3751-4a6b-a47a-4bf852443e63,9aae628c-fe5d-4c4b-a20d-ac978d00b3a6,,Inglaterra Bot 59 domina e vence!,"Em um jogo de tirar o fôlego, o Inglaterra Bot 59 mostrou superioridade. Destaque para os gols de .",match_report,1,2026-05-16 01:13:45.777921+00,,,{}
bbce3497-4886-4333-aff2-c791fac57ed6,9aae628c-fe5d-4c4b-a20d-ac978d00b3a6,,Voz da Torcida,Essa vitória lava a alma!,fan_reaction,1,2026-05-16 01:13:45.777921+00,,,{}
27f46696-40fd-40b0-89ba-6ff7ab6e1a3d,9aae628c-fe5d-4c4b-a20d-ac978d00b3a6,,Tudo igual: Inglaterra Bot 57 2x2 Liverpool,"Em um jogo de tirar o fôlego, o Liverpool mostrou superioridade. Destaque para os gols de .",match_report,1,2026-05-16 01:13:45.777921+00,,,{}
cc2491a2-7c9b-48e3-a2e7-f122765434e6,9aae628c-fe5d-4c4b-a20d-ac978d00b3a6,,Voz da Torcida,O craque do jogo foi absurdo!,fan_reaction,1,2026-05-16 01:13:45.777921+00,,,{}
49e3f1c2-30d0-4865-b396-6d3370ffa5e3,9aae628c-fe5d-4c4b-a20d-ac978d00b3a6,,Show de bola do Palmeiras!,"Em um jogo de tirar o fôlego, o Palmeiras mostrou superioridade. Destaque para os gols de Guilherme Moreira.",match_report,1,2026-05-16 01:13:45.777921+00,,,{}
28b97656-46fe-4bdb-b835-41a87cb001c6,9aae628c-fe5d-4c4b-a20d-ac978d00b3a6,,Voz da Torcida,Essa vitória lava a alma!,fan_reaction,1,2026-05-16 01:13:45.777921+00,,,{}
6cdd5885-8e89-49e2-b073-65795ec3789e,9aae628c-fe5d-4c4b-a20d-ac978d00b3a6,,Show de bola do Inglaterra Bot 53!,"Em um jogo de tirar o fôlego, o Inglaterra Bot 53 mostrou superioridade. Destaque para os gols de .",match_report,1,2026-05-16 01:13:45.777921+00,,,{}
c8d0d948-32b4-44d2-bde9-39f41abfb955,9aae628c-fe5d-4c4b-a20d-ac978d00b3a6,,Voz da Torcida,Precisamos de reforços pra ontem!,fan_reaction,1,2026-05-16 01:13:45.777921+00,,,{}
93817760-b1be-452b-b608-94bdb74371e3,80a3131f-a6b1-4937-94eb-2d3581d8bc4b,,São Paulo domina e vence!,"Em um jogo de tirar o fôlego, o São Paulo mostrou superioridade. Destaque para os gols de .",match_report,1,2026-05-16 01:13:48.187342+00,,,{}
dfaed7e0-e4e1-449c-aa00-b98114e21fb1,80a3131f-a6b1-4937-94eb-2d3581d8bc4b,,Voz da Torcida,Que jogo meus amigos!,fan_reaction,1,2026-05-16 01:13:48.187342+00,,,{}
35a2f336-b681-4a02-abca-b3dcbf180f54,80a3131f-a6b1-4937-94eb-2d3581d8bc4b,,Tudo igual: São Paulo 2x2 BOT Serie A 5,"Em um jogo de tirar o fôlego, o BOT Serie A 5 mostrou superioridade. Destaque para os gols de Renan Duarte, Sidnei Tavares.",match_report,1,2026-05-16 01:13:48.187342+00,,,{}
3028078a-0c40-4c22-ac84-d90ae320a3f2,80a3131f-a6b1-4937-94eb-2d3581d8bc4b,,Voz da Torcida,Esse time me mata de orgulho!,fan_reaction,1,2026-05-16 01:13:48.187342+00,,,{}
dd750ba6-ae8a-48e3-93ce-5cb7d3274a92,80a3131f-a6b1-4937-94eb-2d3581d8bc4b,,Itália Bot 58 domina e vence!,"Em um jogo de tirar o fôlego, o Itália Bot 58 mostrou superioridade. Destaque para os gols de .",match_report,1,2026-05-16 01:13:48.187342+00,,,{}
c38f573b-866a-40e6-bacd-2f18ff88625c,80a3131f-a6b1-4937-94eb-2d3581d8bc4b,,Voz da Torcida,O craque do jogo foi absurdo!,fan_reaction,1,2026-05-16 01:13:48.187342+00,,,{}
8c7d0448-e7fe-4e0c-ae8c-d3ca224fbb59,80a3131f-a6b1-4937-94eb-2d3581d8bc4b,,Tudo igual: Flamengo 0x0 Flamengo,"Em um jogo de tirar o fôlego, o Flamengo mostrou superioridade. Destaque para os gols de .",match_report,1,2026-05-16 01:13:48.187342+00,,,{}
0d3fd7ca-1031-4c79-8cdc-ee3b0e39b6a9,80a3131f-a6b1-4937-94eb-2d3581d8bc4b,,Voz da Torcida,O craque do jogo foi absurdo!,fan_reaction,1,2026-05-16 01:13:48.187342+00,,,{}
979b43a0-e831-424c-a9f6-81f4a66722ae,80a3131f-a6b1-4937-94eb-2d3581d8bc4b,,Show de bola do Palmeiras!,"Em um jogo de tirar o fôlego, o Palmeiras mostrou superioridade. Destaque para os gols de Paulinho Reis.",match_report,1,2026-05-16 01:13:48.187342+00,,,{}
d3161c7f-c159-4f24-b61b-ae23fe9d059a,80a3131f-a6b1-4937-94eb-2d3581d8bc4b,,Voz da Torcida,Essa vitória lava a alma!,fan_reaction,1,2026-05-16 01:13:48.187342+00,,,{}
4887ae83-47d1-4087-8782-62c50b938a41,80a3131f-a6b1-4937-94eb-2d3581d8bc4b,,Show de bola do Itália Bot 59!,"Em um jogo de tirar o fôlego, o Itália Bot 59 mostrou superioridade. Destaque para os gols de .",match_report,1,2026-05-16 01:13:48.187342+00,,,{}
467fb0a1-a685-4742-8742-788409132dfd,80a3131f-a6b1-4937-94eb-2d3581d8bc4b,,Voz da Torcida,Esse time me mata de orgulho!,fan_reaction,1,2026-05-16 01:13:48.187342+00,,,{}
2d270661-b547-4f89-aa56-c8160155580e,80a3131f-a6b1-4937-94eb-2d3581d8bc4b,,Show de bola do Itália Bot 61!,"Em um jogo de tirar o fôlego, o Itália Bot 61 mostrou superioridade. Destaque para os gols de .",match_report,1,2026-05-16 01:13:48.187342+00,,,{}
f26a472f-518a-49e4-b29f-2b979094020a,80a3131f-a6b1-4937-94eb-2d3581d8bc4b,,Voz da Torcida,Essa vitória lava a alma!,fan_reaction,1,2026-05-16 01:13:48.187342+00,,,{}
65ffe3f2-4773-47cb-8ea0-ede05be697b7,80a3131f-a6b1-4937-94eb-2d3581d8bc4b,,Show de bola do Palmeiras!,"Em um jogo de tirar o fôlego, o Palmeiras mostrou superioridade. Destaque para os gols de Murilo Vasconcelos.",match_report,1,2026-05-16 01:13:48.187342+00,,,{}
14b55ba2-b7fa-4b1e-ba3b-e788dfbf92e4,80a3131f-a6b1-4937-94eb-2d3581d8bc4b,,Voz da Torcida,"Técnico pardal, mexeu mal demais.",fan_reaction,1,2026-05-16 01:13:48.187342+00,,,{}
818fc4e3-b8dd-4dd8-b593-86cab2aba37d,80a3131f-a6b1-4937-94eb-2d3581d8bc4b,,Show de bola do Inter de Milão!,"Em um jogo de tirar o fôlego, o Inter de Milão mostrou superioridade. Destaque para os gols de Leandro Nascimento, Yuri Silva.",match_report,1,2026-05-16 01:13:48.187342+00,,,{}
e80e5a4c-fa37-4620-8b4b-18f769f45355,80a3131f-a6b1-4937-94eb-2d3581d8bc4b,,Voz da Torcida,O craque do jogo foi absurdo!,fan_reaction,1,2026-05-16 01:13:48.187342+00,,,{}
b6054cb4-00d0-4127-98be-fba84ba6f1ed,80a3131f-a6b1-4937-94eb-2d3581d8bc4b,,Tudo igual: Palmeiras 0x0 Itália Bot 7,"Em um jogo de tirar o fôlego, o Itália Bot 7 mostrou superioridade. Destaque para os gols de .",match_report,1,2026-05-16 01:13:48.187342+00,,,{}
e79c6458-5c90-4946-b1b2-a921f0da8870,80a3131f-a6b1-4937-94eb-2d3581d8bc4b,,Voz da Torcida,Que jogo meus amigos!,fan_reaction,1,2026-05-16 01:13:48.187342+00,,,{}
5688508b-2fbe-4482-af4f-26b65a285277,80a3131f-a6b1-4937-94eb-2d3581d8bc4b,,Tudo igual: Itália Bot 56 2x2 Flamengo,"Em um jogo de tirar o fôlego, o Flamengo mostrou superioridade. Destaque para os gols de .",match_report,1,2026-05-16 01:13:48.187342+00,,,{}
cba68f05-67c4-4fb0-9bbf-04e30cd8c58a,80a3131f-a6b1-4937-94eb-2d3581d8bc4b,,Voz da Torcida,Precisamos de reforços pra ontem!,fan_reaction,1,2026-05-16 01:13:48.187342+00,,,{}
f94c105b-34a0-4961-99bf-ef68f73b0e4a,80a3131f-a6b1-4937-94eb-2d3581d8bc4b,,Show de bola do Flamengo!,"Em um jogo de tirar o fôlego, o Flamengo mostrou superioridade. Destaque para os gols de Noah Ramos, Renan Pires.",match_report,1,2026-05-16 01:13:48.187342+00,,,{}
93587694-e5ca-4246-94f4-50450585ec61,80a3131f-a6b1-4937-94eb-2d3581d8bc4b,,Voz da Torcida,Precisamos de reforços pra ontem!,fan_reaction,1,2026-05-16 01:13:48.187342+00,,,{}
0d9aea1f-a802-43a9-8974-55b9ae491919,80a3131f-a6b1-4937-94eb-2d3581d8bc4b,,São Paulo domina e vence!,"Em um jogo de tirar o fôlego, o São Paulo mostrou superioridade. Destaque para os gols de .",match_report,1,2026-05-16 01:13:48.187342+00,,,{}
235eb455-8e8c-46b4-8363-2cd984ba65ca,80a3131f-a6b1-4937-94eb-2d3581d8bc4b,,Voz da Torcida,Essa vitória lava a alma!,fan_reaction,1,2026-05-16 01:13:48.187342+00,,,{}
2280e93b-b02f-4ce7-918f-edde54d1e3b5,80a3131f-a6b1-4937-94eb-2d3581d8bc4b,,Show de bola do São Paulo!,"Em um jogo de tirar o fôlego, o São Paulo mostrou superioridade. Destaque para os gols de .",match_report,1,2026-05-16 01:13:48.187342+00,,,{}
379013f9-d0e6-4501-b0fb-c79afac27b05,80a3131f-a6b1-4937-94eb-2d3581d8bc4b,,Voz da Torcida,"Técnico pardal, mexeu mal demais.",fan_reaction,1,2026-05-16 01:13:48.187342+00,,,{}
53d42102-e976-4d32-afb1-6d6b3fe19899,80a3131f-a6b1-4937-94eb-2d3581d8bc4b,,Show de bola do Milan!,"Em um jogo de tirar o fôlego, o Milan mostrou superioridade. Destaque para os gols de Willian Medeiros.",match_report,1,2026-05-16 01:13:48.187342+00,,,{}
a94b9591-b660-4056-9eb3-899ce6d486da,80a3131f-a6b1-4937-94eb-2d3581d8bc4b,,Voz da Torcida,Essa vitória lava a alma!,fan_reaction,1,2026-05-16 01:13:48.187342+00,,,{}
2c88a842-f310-4560-b348-c94ef9e25b0d,80a3131f-a6b1-4937-94eb-2d3581d8bc4b,,Show de bola do Flamengo!,"Em um jogo de tirar o fôlego, o Flamengo mostrou superioridade. Destaque para os gols de .",match_report,1,2026-05-16 01:13:48.187342+00,,,{}
e4ca7081-3c14-48bc-b3f2-8f2ff1e7aab9,80a3131f-a6b1-4937-94eb-2d3581d8bc4b,,Voz da Torcida,Que jogo meus amigos!,fan_reaction,1,2026-05-16 01:13:48.187342+00,,,{}
75d39b3a-ed27-4721-87d1-c0ebec964162,80a3131f-a6b1-4937-94eb-2d3581d8bc4b,,Show de bola do Itália Bot 4!,"Em um jogo de tirar o fôlego, o Itália Bot 4 mostrou superioridade. Destaque para os gols de Rodinei Freitas.",match_report,1,2026-05-16 01:13:48.187342+00,,,{}
8f390729-091b-42de-8439-b9887903e56c,80a3131f-a6b1-4937-94eb-2d3581d8bc4b,,Voz da Torcida,Essa vitória lava a alma!,fan_reaction,1,2026-05-16 01:13:48.187342+00,,,{}
95009f16-ebef-4532-9db3-1af11ec3b580,80a3131f-a6b1-4937-94eb-2d3581d8bc4b,,Show de bola do Palmeiras!,"Em um jogo de tirar o fôlego, o Palmeiras mostrou superioridade. Destaque para os gols de Levi Borges.",match_report,1,2026-05-16 01:13:48.187342+00,,,{}
d7594072-9f85-44fb-881b-8eeacd7d1612,80a3131f-a6b1-4937-94eb-2d3581d8bc4b,,Voz da Torcida,Esse time me mata de orgulho!,fan_reaction,1,2026-05-16 01:13:48.187342+00,,,{}
1759aafe-a414-4e67-ab9b-3f8c9b225ea8,80a3131f-a6b1-4937-94eb-2d3581d8bc4b,,Show de bola do Flamengo!,"Em um jogo de tirar o fôlego, o Flamengo mostrou superioridade. Destaque para os gols de Lucca Alencar, Marquinhos Guimarães.",match_report,1,2026-05-16 01:13:48.187342+00,,,{}
1ee04281-52d8-4df6-8dc8-70658ba7366b,80a3131f-a6b1-4937-94eb-2d3581d8bc4b,,Voz da Torcida,Essa vitória lava a alma!,fan_reaction,1,2026-05-16 01:13:48.187342+00,,,{}
0e81cb9e-96bc-4de4-a3a8-2b16eaa32fa0,80a3131f-a6b1-4937-94eb-2d3581d8bc4b,,Show de bola do Itália Bot 48!,"Em um jogo de tirar o fôlego, o Itália Bot 48 mostrou superioridade. Destaque para os gols de Fernandinho Barbosa.",match_report,1,2026-05-16 01:13:48.187342+00,,,{}
6d045ec5-33ea-4b32-a43b-3af8da8f5699,80a3131f-a6b1-4937-94eb-2d3581d8bc4b,,Voz da Torcida,O craque do jogo foi absurdo!,fan_reaction,1,2026-05-16 01:13:48.187342+00,,,{}
55c09ec7-68d1-47e9-9d56-f09fb5ff0925,80a3131f-a6b1-4937-94eb-2d3581d8bc4b,,Palmeiras domina e vence!,"Em um jogo de tirar o fôlego, o Palmeiras mostrou superioridade. Destaque para os gols de Rafael Santos, Yuri Carvalho.",match_report,1,2026-05-16 01:13:48.187342+00,,,{}
39adf1ea-2815-4ad9-89d8-f3029fe357c8,80a3131f-a6b1-4937-94eb-2d3581d8bc4b,,Voz da Torcida,"Técnico pardal, mexeu mal demais.",fan_reaction,1,2026-05-16 01:13:48.187342+00,,,{}
ef7f4ff2-e676-4cfa-9d66-d148a9944821,80a3131f-a6b1-4937-94eb-2d3581d8bc4b,,Tudo igual: Itália Bot 52 0x0 BOT Serie A 4,"Em um jogo de tirar o fôlego, o BOT Serie A 4 mostrou superioridade. Destaque para os gols de .",match_report,1,2026-05-16 01:13:48.187342+00,,,{}
daef6eb7-ea17-4582-88ab-c3f88bf3b0e0,80a3131f-a6b1-4937-94eb-2d3581d8bc4b,,Voz da Torcida,Esse time me mata de orgulho!,fan_reaction,1,2026-05-16 01:13:48.187342+00,,,{}
cd801117-3470-43c6-8e9c-44afa3fe0680,80a3131f-a6b1-4937-94eb-2d3581d8bc4b,,São Paulo domina e vence!,"Em um jogo de tirar o fôlego, o São Paulo mostrou superioridade. Destaque para os gols de .",match_report,1,2026-05-16 01:13:48.187342+00,,,{}
df36e078-15a3-499d-aa55-14237145bdb8,80a3131f-a6b1-4937-94eb-2d3581d8bc4b,,Voz da Torcida,"Técnico pardal, mexeu mal demais.",fan_reaction,1,2026-05-16 01:13:48.187342+00,,,{}
c20df736-6a7e-4796-a1a3-66c59249afb8,80a3131f-a6b1-4937-94eb-2d3581d8bc4b,,Itália Bot 53 domina e vence!,"Em um jogo de tirar o fôlego, o Itália Bot 53 mostrou superioridade. Destaque para os gols de .",match_report,1,2026-05-16 01:13:48.187342+00,,,{}
1f082c89-f259-4039-b880-f11d531bac80,80a3131f-a6b1-4937-94eb-2d3581d8bc4b,,Voz da Torcida,Que jogo meus amigos!,fan_reaction,1,2026-05-16 01:13:48.187342+00,,,{}
94d28c76-d857-43d9-8d99-d58d3a54a0e4,80a3131f-a6b1-4937-94eb-2d3581d8bc4b,,Inter de Milão domina e vence!,"Em um jogo de tirar o fôlego, o Inter de Milão mostrou superioridade. Destaque para os gols de Willian Tavares, Ronaldo Castro.",match_report,1,2026-05-16 01:13:48.187342+00,,,{}
d179269d-6e48-4ae0-bbb8-71c694061706,80a3131f-a6b1-4937-94eb-2d3581d8bc4b,,Voz da Torcida,Essa vitória lava a alma!,fan_reaction,1,2026-05-16 01:13:48.187342+00,,,{}
7d721a9f-3542-4a32-9ef2-899467a6cc31,7c63df6b-bd80-4245-9129-e90193879589,,Show de bola do Bayern de Munique!,"Em um jogo de tirar o fôlego, o Bayern de Munique mostrou superioridade. Destaque para os gols de .",match_report,1,2026-05-16 01:13:50.593819+00,,,{}
a599faa5-0de5-499e-81a8-205f6fdee32e,7c63df6b-bd80-4245-9129-e90193879589,,Voz da Torcida,Que jogo meus amigos!,fan_reaction,1,2026-05-16 01:13:50.593819+00,,,{}
ffb2e0d6-e34e-4246-aaf5-07c36f01e45b,7c63df6b-bd80-4245-9129-e90193879589,,Tudo igual: Alemanha Bot 59 1x1 Alemanha Bot 8,"Em um jogo de tirar o fôlego, o Alemanha Bot 8 mostrou superioridade. Destaque para os gols de Antônio Pereira.",match_report,1,2026-05-16 01:13:50.593819+00,,,{}
fa21beb8-ab9f-47d6-99f2-132de37f8348,7c63df6b-bd80-4245-9129-e90193879589,,Voz da Torcida,Esse time me mata de orgulho!,fan_reaction,1,2026-05-16 01:13:50.593819+00,,,{}
1472232e-e956-4a9f-8264-db6bcfd5d002,7c63df6b-bd80-4245-9129-e90193879589,,Show de bola do Bayer Leverkusen!,"Em um jogo de tirar o fôlego, o Bayer Leverkusen mostrou superioridade. Destaque para os gols de .",match_report,1,2026-05-16 01:13:50.593819+00,,,{}
73687338-c259-4eb3-800e-701e2941eb6a,7c63df6b-bd80-4245-9129-e90193879589,,Voz da Torcida,"Técnico pardal, mexeu mal demais.",fan_reaction,1,2026-05-16 01:13:50.593819+00,,,{}
54be07be-4da2-467e-bfbd-d07b526f8466,7c63df6b-bd80-4245-9129-e90193879589,,Alemanha Bot 61 domina e vence!,"Em um jogo de tirar o fôlego, o Alemanha Bot 61 mostrou superioridade. Destaque para os gols de .",match_report,1,2026-05-16 01:13:50.593819+00,,,{}
75a11e1e-f597-4fb3-aa6b-1c0a89ff10a5,7c63df6b-bd80-4245-9129-e90193879589,,Voz da Torcida,Precisamos de reforços pra ontem!,fan_reaction,1,2026-05-16 01:13:50.593819+00,,,{}
e2a08ba5-952c-4c99-8965-a09648e02ab1,7c63df6b-bd80-4245-9129-e90193879589,,Show de bola do Alemanha Bot 48!,"Em um jogo de tirar o fôlego, o Alemanha Bot 48 mostrou superioridade. Destaque para os gols de .",match_report,1,2026-05-16 01:13:50.593819+00,,,{}
cd1d0206-f633-4985-ac5b-a3ae3b751199,7c63df6b-bd80-4245-9129-e90193879589,,Voz da Torcida,Precisamos de reforços pra ontem!,fan_reaction,1,2026-05-16 01:13:50.593819+00,,,{}
37463d13-6c81-40c0-9f13-9a3618114a6b,7c63df6b-bd80-4245-9129-e90193879589,,São Paulo domina e vence!,"Em um jogo de tirar o fôlego, o São Paulo mostrou superioridade. Destaque para os gols de Casemiro Melo.",match_report,1,2026-05-16 01:13:50.593819+00,,,{}
4ab3d4ea-55d0-4f81-ba3b-06923fde1ccb,7c63df6b-bd80-4245-9129-e90193879589,,Voz da Torcida,Essa vitória lava a alma!,fan_reaction,1,2026-05-16 01:13:50.593819+00,,,{}
a79c2290-25b8-43eb-834c-7d39cf665cf7,7c63df6b-bd80-4245-9129-e90193879589,,BOT Bundesliga 6 domina e vence!,"Em um jogo de tirar o fôlego, o BOT Bundesliga 6 mostrou superioridade. Destaque para os gols de .",match_report,1,2026-05-16 01:13:50.593819+00,,,{}
123d1896-80c2-4a80-ad03-0837a4846d61,7c63df6b-bd80-4245-9129-e90193879589,,Voz da Torcida,Precisamos de reforços pra ontem!,fan_reaction,1,2026-05-16 01:13:50.593819+00,,,{}
a124b4d3-1baf-4064-a7dd-7d788afb6f16,7c63df6b-bd80-4245-9129-e90193879589,,Show de bola do Alemanha Bot 63!,"Em um jogo de tirar o fôlego, o Alemanha Bot 63 mostrou superioridade. Destaque para os gols de .",match_report,1,2026-05-16 01:13:50.593819+00,,,{}
de6f7031-3265-4934-8737-7e2ef2b849c4,7c63df6b-bd80-4245-9129-e90193879589,,Voz da Torcida,Essa vitória lava a alma!,fan_reaction,1,2026-05-16 01:13:50.593819+00,,,{}
b05e364a-c18c-4394-aa9a-43148e74065d,7c63df6b-bd80-4245-9129-e90193879589,,Flamengo domina e vence!,"Em um jogo de tirar o fôlego, o Flamengo mostrou superioridade. Destaque para os gols de Reinaldo Pereira, Ricardo Monteiro.",match_report,1,2026-05-16 01:13:50.593819+00,,,{}
acd0fba0-1be5-4c0a-9242-3c8a670bdfcc,7c63df6b-bd80-4245-9129-e90193879589,,Voz da Torcida,Que jogo meus amigos!,fan_reaction,1,2026-05-16 01:13:50.593819+00,,,{}
0ae04c91-1479-4c7b-afcf-0a5938c2e8fe,7c63df6b-bd80-4245-9129-e90193879589,,Show de bola do São Paulo!,"Em um jogo de tirar o fôlego, o São Paulo mostrou superioridade. Destaque para os gols de .",match_report,1,2026-05-16 01:13:50.593819+00,,,{}
e779a109-0836-4ab6-b951-b6d94e5e3a73,7c63df6b-bd80-4245-9129-e90193879589,,Voz da Torcida,O craque do jogo foi absurdo!,fan_reaction,1,2026-05-16 01:13:50.593819+00,,,{}
50c850f3-646f-42f2-ace8-1e49498964f6,7c63df6b-bd80-4245-9129-e90193879589,,Alemanha Bot 57 domina e vence!,"Em um jogo de tirar o fôlego, o Alemanha Bot 57 mostrou superioridade. Destaque para os gols de .",match_report,1,2026-05-16 01:13:50.593819+00,,,{}
a6528049-9816-4687-85d8-e7df26872416,7c63df6b-bd80-4245-9129-e90193879589,,Voz da Torcida,O craque do jogo foi absurdo!,fan_reaction,1,2026-05-16 01:13:50.593819+00,,,{}
8369d5c8-4dd1-4359-9af0-05d47dc9bb92,7c63df6b-bd80-4245-9129-e90193879589,,Show de bola do Bayern de Munique!,"Em um jogo de tirar o fôlego, o Bayern de Munique mostrou superioridade. Destaque para os gols de .",match_report,1,2026-05-16 01:13:50.593819+00,,,{}
12b43eff-7eca-4964-8bb0-3310d323874a,7c63df6b-bd80-4245-9129-e90193879589,,Voz da Torcida,Esse time me mata de orgulho!,fan_reaction,1,2026-05-16 01:13:50.593819+00,,,{}
8a96e9a9-722a-4cec-81fe-533b7a38468c,7c63df6b-bd80-4245-9129-e90193879589,,Show de bola do BOT Bundesliga 8!,"Em um jogo de tirar o fôlego, o BOT Bundesliga 8 mostrou superioridade. Destaque para os gols de .",match_report,1,2026-05-16 01:13:50.593819+00,,,{}
dcc83179-c409-4c6d-ae24-76ada3529fb2,7c63df6b-bd80-4245-9129-e90193879589,,Voz da Torcida,Precisamos de reforços pra ontem!,fan_reaction,1,2026-05-16 01:13:50.593819+00,,,{}
dad29c7c-4a79-441e-bae6-c63f1469f604,7c63df6b-bd80-4245-9129-e90193879589,,Tudo igual: São Paulo 1x1 Alemanha Bot 45,"Em um jogo de tirar o fôlego, o Alemanha Bot 45 mostrou superioridade. Destaque para os gols de Raul Teixeira.",match_report,1,2026-05-16 01:13:50.593819+00,,,{}
fd5578bb-712e-454c-8624-d481939705e8,7c63df6b-bd80-4245-9129-e90193879589,,Voz da Torcida,Esse time me mata de orgulho!,fan_reaction,1,2026-05-16 01:13:50.593819+00,,,{}
fcc5ff74-cbbb-4c68-b559-eb0d85cb9574,7c63df6b-bd80-4245-9129-e90193879589,,Show de bola do Alemanha Bot 44!,"Em um jogo de tirar o fôlego, o Alemanha Bot 44 mostrou superioridade. Destaque para os gols de .",match_report,1,2026-05-16 01:13:50.593819+00,,,{}
2a9fc73b-9a3b-4e28-9904-9136b7f1adef,7c63df6b-bd80-4245-9129-e90193879589,,Voz da Torcida,O craque do jogo foi absurdo!,fan_reaction,1,2026-05-16 01:13:50.593819+00,,,{}
052c874a-fa17-41cc-b2ab-cf74251c59ad,7c63df6b-bd80-4245-9129-e90193879589,,Tudo igual: Flamengo 2x2 Palmeiras,"Em um jogo de tirar o fôlego, o Palmeiras mostrou superioridade. Destaque para os gols de Diego Barros, Marcos Souza.",match_report,1,2026-05-16 01:13:50.593819+00,,,{}
843c4537-1644-4423-919b-8557747ee151,7c63df6b-bd80-4245-9129-e90193879589,,Voz da Torcida,Esse time me mata de orgulho!,fan_reaction,1,2026-05-16 01:13:50.593819+00,,,{}
2c9202f8-9fd7-45b1-9fcc-d79e4161fbc6,bfb3dd23-0355-4393-a36d-a6fbe4b1859f,,Voz da Torcida,Precisamos de reforços pra ontem!,fan_reaction,1,2026-05-16 01:13:57.683941+00,,,{}
b408f935-66e7-4d5c-8416-6243ca1eef42,7c63df6b-bd80-4245-9129-e90193879589,,Flamengo domina e vence!,"Em um jogo de tirar o fôlego, o Flamengo mostrou superioridade. Destaque para os gols de Otávio Costa.",match_report,1,2026-05-16 01:13:50.593819+00,,,{}
8db8bdcf-e6ce-4d4b-8773-585253f46b24,7c63df6b-bd80-4245-9129-e90193879589,,Voz da Torcida,Essa vitória lava a alma!,fan_reaction,1,2026-05-16 01:13:50.593819+00,,,{}
5f7d8cea-38eb-4510-87ca-1d62dd633b69,7c63df6b-bd80-4245-9129-e90193879589,,Tudo igual: Alemanha Bot 43 1x1 Alemanha Bot 9,"Em um jogo de tirar o fôlego, o Alemanha Bot 9 mostrou superioridade. Destaque para os gols de Romário Coelho.",match_report,1,2026-05-16 01:13:50.593819+00,,,{}
d1441504-3d94-406c-8dbe-8370fe6d450d,7c63df6b-bd80-4245-9129-e90193879589,,Voz da Torcida,O craque do jogo foi absurdo!,fan_reaction,1,2026-05-16 01:13:50.593819+00,,,{}
156f7c69-6684-4571-8309-b0604bff19a9,7c63df6b-bd80-4245-9129-e90193879589,,Borussia Dortmund domina e vence!,"Em um jogo de tirar o fôlego, o Borussia Dortmund mostrou superioridade. Destaque para os gols de .",match_report,1,2026-05-16 01:13:50.593819+00,,,{}
94bfc55d-8060-4e65-b8f5-8634e35504bc,7c63df6b-bd80-4245-9129-e90193879589,,Voz da Torcida,Precisamos de reforços pra ontem!,fan_reaction,1,2026-05-16 01:13:50.593819+00,,,{}
8f666fcf-b268-4c99-a42e-9c2f03663d97,7c63df6b-bd80-4245-9129-e90193879589,,Show de bola do São Paulo!,"Em um jogo de tirar o fôlego, o São Paulo mostrou superioridade. Destaque para os gols de .",match_report,1,2026-05-16 01:13:50.593819+00,,,{}
2cf8f9cb-bfc3-4ea3-b802-90d36559117d,7c63df6b-bd80-4245-9129-e90193879589,,Voz da Torcida,Que jogo meus amigos!,fan_reaction,1,2026-05-16 01:13:50.593819+00,,,{}
bd8b5cb2-47f7-4880-8057-b33307c266fa,7c63df6b-bd80-4245-9129-e90193879589,,Alemanha Bot 40 domina e vence!,"Em um jogo de tirar o fôlego, o Alemanha Bot 40 mostrou superioridade. Destaque para os gols de .",match_report,1,2026-05-16 01:13:50.593819+00,,,{}
dd7943fd-a26d-470a-bb99-292de88a892a,7c63df6b-bd80-4245-9129-e90193879589,,Voz da Torcida,Que jogo meus amigos!,fan_reaction,1,2026-05-16 01:13:50.593819+00,,,{}
47cb79d8-1992-4e20-bd43-11a988254f23,7c63df6b-bd80-4245-9129-e90193879589,,Show de bola do Palmeiras!,"Em um jogo de tirar o fôlego, o Palmeiras mostrou superioridade. Destaque para os gols de Nicolas Amaral, André Melo.",match_report,1,2026-05-16 01:13:50.593819+00,,,{}
961ced93-a5e6-40fb-8361-aecf5c84cc15,7c63df6b-bd80-4245-9129-e90193879589,,Voz da Torcida,O craque do jogo foi absurdo!,fan_reaction,1,2026-05-16 01:13:50.593819+00,,,{}
8ab8e210-b32b-4faf-a26c-a1bbaf34bc15,7c63df6b-bd80-4245-9129-e90193879589,,Show de bola do Alemanha Bot 59!,"Em um jogo de tirar o fôlego, o Alemanha Bot 59 mostrou superioridade. Destaque para os gols de .",match_report,1,2026-05-16 01:13:50.593819+00,,,{}
4f9e40fc-90b7-42a2-90c0-919063f7578e,7c63df6b-bd80-4245-9129-e90193879589,,Voz da Torcida,Que jogo meus amigos!,fan_reaction,1,2026-05-16 01:13:50.593819+00,,,{}
329e28d5-e13b-4a38-ab9d-9e7a5755877d,7c63df6b-bd80-4245-9129-e90193879589,,Show de bola do Alemanha Bot 61!,"Em um jogo de tirar o fôlego, o Alemanha Bot 61 mostrou superioridade. Destaque para os gols de .",match_report,1,2026-05-16 01:13:50.593819+00,,,{}
8a332205-03bd-4ae2-b451-a84719a0eb10,7c63df6b-bd80-4245-9129-e90193879589,,Voz da Torcida,"Técnico pardal, mexeu mal demais.",fan_reaction,1,2026-05-16 01:13:50.593819+00,,,{}
3523a470-fcf9-4bfc-96a8-4bfcf0d78cc4,7c63df6b-bd80-4245-9129-e90193879589,,Show de bola do Alemanha Bot 54!,"Em um jogo de tirar o fôlego, o Alemanha Bot 54 mostrou superioridade. Destaque para os gols de .",match_report,1,2026-05-16 01:13:50.593819+00,,,{}
42abcdf0-fda4-46a9-80ed-a846cc0ba539,7c63df6b-bd80-4245-9129-e90193879589,,Voz da Torcida,"Técnico pardal, mexeu mal demais.",fan_reaction,1,2026-05-16 01:13:50.593819+00,,,{}
23d0cf89-c0be-452b-81db-e6b1882c104d,33363f68-fc09-4fc7-941f-4ca6b89d4101,,França Bot 4 domina e vence!,"Em um jogo de tirar o fôlego, o França Bot 4 mostrou superioridade. Destaque para os gols de Weverton Araújo, Gael Andrade.",match_report,1,2026-05-16 01:13:52.93185+00,,,{}
e8740fd3-9725-4c85-bba2-b716cdb2f02d,33363f68-fc09-4fc7-941f-4ca6b89d4101,,Voz da Torcida,Esse time me mata de orgulho!,fan_reaction,1,2026-05-16 01:13:52.93185+00,,,{}
fb2f0e16-15c5-41c2-b299-7f710fbdd2c3,33363f68-fc09-4fc7-941f-4ca6b89d4101,,Show de bola do Palmeiras!,"Em um jogo de tirar o fôlego, o Palmeiras mostrou superioridade. Destaque para os gols de Luan Nunes, Cléber Mendes.",match_report,1,2026-05-16 01:13:52.93185+00,,,{}
42fce36b-8c1f-4223-8b28-7630db0982d3,33363f68-fc09-4fc7-941f-4ca6b89d4101,,Voz da Torcida,O craque do jogo foi absurdo!,fan_reaction,1,2026-05-16 01:13:52.93185+00,,,{}
6d19bb71-ac7d-4665-9b8c-106839a245db,33363f68-fc09-4fc7-941f-4ca6b89d4101,,França Bot 47 domina e vence!,"Em um jogo de tirar o fôlego, o França Bot 47 mostrou superioridade. Destaque para os gols de .",match_report,1,2026-05-16 01:13:52.93185+00,,,{}
f83f7d8b-b923-4edc-ae8b-ddeda2030466,33363f68-fc09-4fc7-941f-4ca6b89d4101,,Voz da Torcida,Esse time me mata de orgulho!,fan_reaction,1,2026-05-16 01:13:52.93185+00,,,{}
8b7d602f-fe7c-4c52-b62e-e4bd0257e82e,33363f68-fc09-4fc7-941f-4ca6b89d4101,,São Paulo domina e vence!,"Em um jogo de tirar o fôlego, o São Paulo mostrou superioridade. Destaque para os gols de .",match_report,1,2026-05-16 01:13:52.93185+00,,,{}
2c010dd0-1af7-471c-ac9b-343b66e6d10b,33363f68-fc09-4fc7-941f-4ca6b89d4101,,Voz da Torcida,Precisamos de reforços pra ontem!,fan_reaction,1,2026-05-16 01:13:52.93185+00,,,{}
6e893129-98a7-43a4-a6ae-fef90bd598f9,33363f68-fc09-4fc7-941f-4ca6b89d4101,,Tudo igual: BOT Ligue 1 13 1x1 França Bot 60,"Em um jogo de tirar o fôlego, o França Bot 60 mostrou superioridade. Destaque para os gols de .",match_report,1,2026-05-16 01:13:52.93185+00,,,{}
f7853a93-2b65-43ac-9b40-13cb0ff1cec7,33363f68-fc09-4fc7-941f-4ca6b89d4101,,Voz da Torcida,Essa vitória lava a alma!,fan_reaction,1,2026-05-16 01:13:52.93185+00,,,{}
5d5f7641-b0c3-4835-abfd-a9e3f5c4848f,33363f68-fc09-4fc7-941f-4ca6b89d4101,,Palmeiras domina e vence!,"Em um jogo de tirar o fôlego, o Palmeiras mostrou superioridade. Destaque para os gols de Nicolas Almeida, Hugo Moura.",match_report,1,2026-05-16 01:13:52.93185+00,,,{}
5efbc823-6cf1-4e21-a313-485b3b90813e,33363f68-fc09-4fc7-941f-4ca6b89d4101,,Voz da Torcida,Esse time me mata de orgulho!,fan_reaction,1,2026-05-16 01:13:52.93185+00,,,{}
223599be-7155-4620-9ae6-00b11d372134,33363f68-fc09-4fc7-941f-4ca6b89d4101,,França Bot 5 domina e vence!,"Em um jogo de tirar o fôlego, o França Bot 5 mostrou superioridade. Destaque para os gols de Francisco Borges, Cássio Pereira.",match_report,1,2026-05-16 01:13:52.93185+00,,,{}
bf9cdff5-a92c-455b-b6c6-2eb1b019daef,33363f68-fc09-4fc7-941f-4ca6b89d4101,,Voz da Torcida,"Técnico pardal, mexeu mal demais.",fan_reaction,1,2026-05-16 01:13:52.93185+00,,,{}
866d266b-5e15-42fd-9e8b-3ee8c21085f0,33363f68-fc09-4fc7-941f-4ca6b89d4101,,Show de bola do Flamengo!,"Em um jogo de tirar o fôlego, o Flamengo mostrou superioridade. Destaque para os gols de Lucca Teixeira, Carlos Carvalho.",match_report,1,2026-05-16 01:13:52.93185+00,,,{}
fe8a1dc2-fdef-49a1-aac6-e601b5ad49d8,33363f68-fc09-4fc7-941f-4ca6b89d4101,,Voz da Torcida,O craque do jogo foi absurdo!,fan_reaction,1,2026-05-16 01:13:52.93185+00,,,{}
01526205-d2b8-412e-8ee1-5ebf4c40d2e3,33363f68-fc09-4fc7-941f-4ca6b89d4101,,Show de bola do BOT Ligue 1 15!,"Em um jogo de tirar o fôlego, o BOT Ligue 1 15 mostrou superioridade. Destaque para os gols de Joaquim Azevedo.",match_report,1,2026-05-16 01:13:52.93185+00,,,{}
f6630b3d-13f4-43de-bfe6-b3faa7c01164,33363f68-fc09-4fc7-941f-4ca6b89d4101,,Voz da Torcida,Essa vitória lava a alma!,fan_reaction,1,2026-05-16 01:13:52.93185+00,,,{}
9f603dfc-0ea9-41fa-a305-125096e2f9a8,33363f68-fc09-4fc7-941f-4ca6b89d4101,,Flamengo domina e vence!,"Em um jogo de tirar o fôlego, o Flamengo mostrou superioridade. Destaque para os gols de Igor Medeiros, Thiago Amaral.",match_report,1,2026-05-16 01:13:52.93185+00,,,{}
9a48a032-0071-40ff-993e-2c07b368543c,33363f68-fc09-4fc7-941f-4ca6b89d4101,,Voz da Torcida,"Técnico pardal, mexeu mal demais.",fan_reaction,1,2026-05-16 01:13:52.93185+00,,,{}
7f1054c1-9ca3-4a67-a08a-b40edea7780d,33363f68-fc09-4fc7-941f-4ca6b89d4101,,Show de bola do BOT Ligue 1 10!,"Em um jogo de tirar o fôlego, o BOT Ligue 1 10 mostrou superioridade. Destaque para os gols de .",match_report,1,2026-05-16 01:13:52.93185+00,,,{}
6d1e97df-a06b-49e8-a6ab-3bc9cbacaf9e,33363f68-fc09-4fc7-941f-4ca6b89d4101,,Voz da Torcida,Precisamos de reforços pra ontem!,fan_reaction,1,2026-05-16 01:13:52.93185+00,,,{}
fada6399-087c-4d7a-8e75-592d17527522,33363f68-fc09-4fc7-941f-4ca6b89d4101,,São Paulo domina e vence!,"Em um jogo de tirar o fôlego, o São Paulo mostrou superioridade. Destaque para os gols de Davi Monteiro.",match_report,1,2026-05-16 01:13:52.93185+00,,,{}
bee8db72-282c-4dba-9273-d8e8e4171420,33363f68-fc09-4fc7-941f-4ca6b89d4101,,Voz da Torcida,Precisamos de reforços pra ontem!,fan_reaction,1,2026-05-16 01:13:52.93185+00,,,{}
f8eaae40-05eb-463b-906e-351ded6373d6,33363f68-fc09-4fc7-941f-4ca6b89d4101,,Tudo igual: BOT Ligue 1 12 2x2 Palmeiras,"Em um jogo de tirar o fôlego, o Palmeiras mostrou superioridade. Destaque para os gols de Matheus Cunha, Caleb Freitas.",match_report,1,2026-05-16 01:13:52.93185+00,,,{}
c4d38ba2-bc69-4e62-9b0f-a548a4d4ebdf,33363f68-fc09-4fc7-941f-4ca6b89d4101,,Voz da Torcida,Esse time me mata de orgulho!,fan_reaction,1,2026-05-16 01:13:52.93185+00,,,{}
8c448d84-1a80-4b3d-84c6-5f1f6c4766ec,33363f68-fc09-4fc7-941f-4ca6b89d4101,,Show de bola do BOT Ligue 1 2!,"Em um jogo de tirar o fôlego, o BOT Ligue 1 2 mostrou superioridade. Destaque para os gols de .",match_report,1,2026-05-16 01:13:52.93185+00,,,{}
bc409401-8f44-4d19-8c3a-f251966e36ca,33363f68-fc09-4fc7-941f-4ca6b89d4101,,Voz da Torcida,Essa vitória lava a alma!,fan_reaction,1,2026-05-16 01:13:52.93185+00,,,{}
c77319bc-307e-4d27-bfe5-e1b0822f3db5,33363f68-fc09-4fc7-941f-4ca6b89d4101,,Show de bola do Palmeiras!,"Em um jogo de tirar o fôlego, o Palmeiras mostrou superioridade. Destaque para os gols de Kaká Andrade, Kaká Andrade.",match_report,1,2026-05-16 01:13:52.93185+00,,,{}
c59f230b-b791-4291-8d31-0e7a83fff0c6,33363f68-fc09-4fc7-941f-4ca6b89d4101,,Voz da Torcida,Precisamos de reforços pra ontem!,fan_reaction,1,2026-05-16 01:13:52.93185+00,,,{}
5b01a986-4f3b-4f35-b571-e9d06309b790,33363f68-fc09-4fc7-941f-4ca6b89d4101,,Show de bola do São Paulo!,"Em um jogo de tirar o fôlego, o São Paulo mostrou superioridade. Destaque para os gols de .",match_report,1,2026-05-16 01:13:52.93185+00,,,{}
380c9eef-52de-40e9-94d6-37575c4ef418,33363f68-fc09-4fc7-941f-4ca6b89d4101,,Voz da Torcida,Essa vitória lava a alma!,fan_reaction,1,2026-05-16 01:13:52.93185+00,,,{}
78691629-cae8-4f91-babf-c1c57fe15a9f,33363f68-fc09-4fc7-941f-4ca6b89d4101,,Show de bola do BOT Ligue 1 6!,"Em um jogo de tirar o fôlego, o BOT Ligue 1 6 mostrou superioridade. Destaque para os gols de Benício Machado.",match_report,1,2026-05-16 01:13:52.93185+00,,,{}
397d82d5-a787-4c12-a94e-7ecaaa664793,33363f68-fc09-4fc7-941f-4ca6b89d4101,,Voz da Torcida,O craque do jogo foi absurdo!,fan_reaction,1,2026-05-16 01:13:52.93185+00,,,{}
8a1f53f0-e804-47f0-b980-b8a5d6027733,33363f68-fc09-4fc7-941f-4ca6b89d4101,,Palmeiras domina e vence!,"Em um jogo de tirar o fôlego, o Palmeiras mostrou superioridade. Destaque para os gols de Miguel Gomes, Cauã Duarte.",match_report,1,2026-05-16 01:13:52.93185+00,,,{}
2892321c-577a-4487-9624-adda9d2cbf8c,33363f68-fc09-4fc7-941f-4ca6b89d4101,,Voz da Torcida,Essa vitória lava a alma!,fan_reaction,1,2026-05-16 01:13:52.93185+00,,,{}
a0ec5b7a-5a12-4172-91b7-9fcb47711c6f,33363f68-fc09-4fc7-941f-4ca6b89d4101,,Tudo igual: São Paulo 0x0 França Bot 46,"Em um jogo de tirar o fôlego, o França Bot 46 mostrou superioridade. Destaque para os gols de .",match_report,1,2026-05-16 01:13:52.93185+00,,,{}
9964a237-53ca-48b0-963b-b955da0a616f,33363f68-fc09-4fc7-941f-4ca6b89d4101,,Voz da Torcida,Precisamos de reforços pra ontem!,fan_reaction,1,2026-05-16 01:13:52.93185+00,,,{}
eb2b13fa-8c16-4209-9aa8-958502ab450c,33363f68-fc09-4fc7-941f-4ca6b89d4101,,Show de bola do França Bot 7!,"Em um jogo de tirar o fôlego, o França Bot 7 mostrou superioridade. Destaque para os gols de Pedro Braga, Luan Pires.",match_report,1,2026-05-16 01:13:52.93185+00,,,{}
8190020b-19a6-49eb-9f74-18a7dfefc09e,33363f68-fc09-4fc7-941f-4ca6b89d4101,,Voz da Torcida,Precisamos de reforços pra ontem!,fan_reaction,1,2026-05-16 01:13:52.93185+00,,,{}
11cf826f-04c1-4335-9ff8-3bf4ae869349,33363f68-fc09-4fc7-941f-4ca6b89d4101,,Show de bola do Flamengo!,"Em um jogo de tirar o fôlego, o Flamengo mostrou superioridade. Destaque para os gols de Edson Azevedo, Breno Mendes.",match_report,1,2026-05-16 01:13:52.93185+00,,,{}
982ae5b7-1cca-4943-bb91-3f7804dc9d69,33363f68-fc09-4fc7-941f-4ca6b89d4101,,Voz da Torcida,Precisamos de reforços pra ontem!,fan_reaction,1,2026-05-16 01:13:52.93185+00,,,{}
36629be2-468d-418e-a911-c90f20c8faa5,33363f68-fc09-4fc7-941f-4ca6b89d4101,,Show de bola do França Bot 42!,"Em um jogo de tirar o fôlego, o França Bot 42 mostrou superioridade. Destaque para os gols de .",match_report,1,2026-05-16 01:13:52.93185+00,,,{}
9459c363-15b0-4697-967a-b28f38974541,33363f68-fc09-4fc7-941f-4ca6b89d4101,,Voz da Torcida,"Técnico pardal, mexeu mal demais.",fan_reaction,1,2026-05-16 01:13:52.93185+00,,,{}
1a461c2b-4807-459a-9311-9515b4c05d70,33363f68-fc09-4fc7-941f-4ca6b89d4101,,Show de bola do Palmeiras!,"Em um jogo de tirar o fôlego, o Palmeiras mostrou superioridade. Destaque para os gols de Marquinhos Braga, Rodrygo Lima.",match_report,1,2026-05-16 01:13:52.93185+00,,,{}
c01750f9-b3ac-4e9f-8a91-a77aba050867,33363f68-fc09-4fc7-941f-4ca6b89d4101,,Voz da Torcida,Essa vitória lava a alma!,fan_reaction,1,2026-05-16 01:13:52.93185+00,,,{}
ba73e8cf-5bf4-411d-92b7-3f96b95950e5,33363f68-fc09-4fc7-941f-4ca6b89d4101,,Tudo igual: Palmeiras 1x1 Flamengo,"Em um jogo de tirar o fôlego, o Flamengo mostrou superioridade. Destaque para os gols de Enzo Pereira, Cássio Fonseca.",match_report,1,2026-05-16 01:13:52.93185+00,,,{}
7632ea04-4319-4213-91dc-eed39447e762,33363f68-fc09-4fc7-941f-4ca6b89d4101,,Voz da Torcida,Esse time me mata de orgulho!,fan_reaction,1,2026-05-16 01:13:52.93185+00,,,{}
d5a90adb-3aa9-491d-9dae-dad4e4c6d138,33363f68-fc09-4fc7-941f-4ca6b89d4101,,Show de bola do BOT Ligue 1 16!,"Em um jogo de tirar o fôlego, o BOT Ligue 1 16 mostrou superioridade. Destaque para os gols de .",match_report,1,2026-05-16 01:13:52.93185+00,,,{}
767f9e3e-be2c-44a3-8934-f333af966ea0,33363f68-fc09-4fc7-941f-4ca6b89d4101,,Voz da Torcida,Essa vitória lava a alma!,fan_reaction,1,2026-05-16 01:13:52.93185+00,,,{}
ab6a22dc-cae4-47a5-9072-f237471d023c,964f7ec5-ecdc-4294-bfe9-719a6557722a,,Palmeiras domina e vence!,"Em um jogo de tirar o fôlego, o Palmeiras mostrou superioridade. Destaque para os gols de Firmino Barros, Gustavo Fonseca.",match_report,1,2026-05-16 01:13:55.29141+00,,,{}
404980b5-c8a0-481f-83a4-1efdda6791da,964f7ec5-ecdc-4294-bfe9-719a6557722a,,Voz da Torcida,O craque do jogo foi absurdo!,fan_reaction,1,2026-05-16 01:13:55.29141+00,,,{}
3b98059b-2492-43ab-ac75-af2fc7663bef,964f7ec5-ecdc-4294-bfe9-719a6557722a,,Show de bola do Benfica!,"Em um jogo de tirar o fôlego, o Benfica mostrou superioridade. Destaque para os gols de .",match_report,1,2026-05-16 01:13:55.29141+00,,,{}
21fafb8c-38f1-443a-89ea-ae70335f8820,964f7ec5-ecdc-4294-bfe9-719a6557722a,,Voz da Torcida,Esse time me mata de orgulho!,fan_reaction,1,2026-05-16 01:13:55.29141+00,,,{}
607f732a-bccc-4ad0-a205-9afb83818346,964f7ec5-ecdc-4294-bfe9-719a6557722a,,São Paulo domina e vence!,"Em um jogo de tirar o fôlego, o São Paulo mostrou superioridade. Destaque para os gols de Lucca Andrade, Arthur Santos.",match_report,1,2026-05-16 01:13:55.29141+00,,,{}
4d59f06f-9708-4fc7-9753-4b7b644be185,964f7ec5-ecdc-4294-bfe9-719a6557722a,,Voz da Torcida,Esse time me mata de orgulho!,fan_reaction,1,2026-05-16 01:13:55.29141+00,,,{}
2a4a366e-ce3b-4360-a5c1-589509d51d02,964f7ec5-ecdc-4294-bfe9-719a6557722a,,Portugal Bot 54 domina e vence!,"Em um jogo de tirar o fôlego, o Portugal Bot 54 mostrou superioridade. Destaque para os gols de Arthur Barros.",match_report,1,2026-05-16 01:13:55.29141+00,,,{}
8cce70f9-f77a-4d08-bf0b-52caddba34d2,964f7ec5-ecdc-4294-bfe9-719a6557722a,,Voz da Torcida,Precisamos de reforços pra ontem!,fan_reaction,1,2026-05-16 01:13:55.29141+00,,,{}
7d9e64d2-8304-4597-8d00-4e07703b5de7,964f7ec5-ecdc-4294-bfe9-719a6557722a,,Show de bola do São Paulo!,"Em um jogo de tirar o fôlego, o São Paulo mostrou superioridade. Destaque para os gols de .",match_report,1,2026-05-16 01:13:55.29141+00,,,{}
b8b07333-8d0c-422f-be55-ce79ba71b182,964f7ec5-ecdc-4294-bfe9-719a6557722a,,Voz da Torcida,Precisamos de reforços pra ontem!,fan_reaction,1,2026-05-16 01:13:55.29141+00,,,{}
cda732a7-61dc-4ab0-88f5-a7b71953d85f,964f7ec5-ecdc-4294-bfe9-719a6557722a,,Benfica domina e vence!,"Em um jogo de tirar o fôlego, o Benfica mostrou superioridade. Destaque para os gols de Marquinhos Duarte.",match_report,1,2026-05-16 01:13:55.29141+00,,,{}
91332a0a-ecd3-4d5f-bc75-69ae7117f01a,964f7ec5-ecdc-4294-bfe9-719a6557722a,,Voz da Torcida,Que jogo meus amigos!,fan_reaction,1,2026-05-16 01:13:55.29141+00,,,{}
721a77e2-2ae6-468b-818c-54d335a2a146,964f7ec5-ecdc-4294-bfe9-719a6557722a,,Tudo igual: São Paulo 2x2 Portugal Bot 59,"Em um jogo de tirar o fôlego, o Portugal Bot 59 mostrou superioridade. Destaque para os gols de .",match_report,1,2026-05-16 01:13:55.29141+00,,,{}
d0cef38a-3a9e-4d1c-95e1-eaaf3108fce4,964f7ec5-ecdc-4294-bfe9-719a6557722a,,Voz da Torcida,Precisamos de reforços pra ontem!,fan_reaction,1,2026-05-16 01:13:55.29141+00,,,{}
92674507-ffd4-4dd7-9f02-d60f1b76ff37,964f7ec5-ecdc-4294-bfe9-719a6557722a,,Show de bola do Portugal Bot 64!,"Em um jogo de tirar o fôlego, o Portugal Bot 64 mostrou superioridade. Destaque para os gols de .",match_report,1,2026-05-16 01:13:55.29141+00,,,{}
d32264f6-c18b-4e4c-873f-ee9db55b31bf,964f7ec5-ecdc-4294-bfe9-719a6557722a,,Voz da Torcida,O craque do jogo foi absurdo!,fan_reaction,1,2026-05-16 01:13:55.29141+00,,,{}
60c610eb-d128-4896-9cf1-34dccaf5593c,964f7ec5-ecdc-4294-bfe9-719a6557722a,,BOT Liga Portugal 6 domina e vence!,"Em um jogo de tirar o fôlego, o BOT Liga Portugal 6 mostrou superioridade. Destaque para os gols de Francisco Lopes, Joaquim Monteiro.",match_report,1,2026-05-16 01:13:55.29141+00,,,{}
cfa77f7b-60fb-47b2-ae01-e3091be4090d,964f7ec5-ecdc-4294-bfe9-719a6557722a,,Voz da Torcida,Precisamos de reforços pra ontem!,fan_reaction,1,2026-05-16 01:13:55.29141+00,,,{}
d7277572-b312-4619-8f37-1d3f748781e7,964f7ec5-ecdc-4294-bfe9-719a6557722a,,Show de bola do Portugal Bot 5!,"Em um jogo de tirar o fôlego, o Portugal Bot 5 mostrou superioridade. Destaque para os gols de Cássio Azevedo, Daniel Nogueira.",match_report,1,2026-05-16 01:13:55.29141+00,,,{}
320b19a7-ff26-49d0-b794-16ff6bf28be3,964f7ec5-ecdc-4294-bfe9-719a6557722a,,Voz da Torcida,Precisamos de reforços pra ontem!,fan_reaction,1,2026-05-16 01:13:55.29141+00,,,{}
a32c7826-c3f1-4b5a-b089-068be2e66fdd,964f7ec5-ecdc-4294-bfe9-719a6557722a,,Show de bola do Flamengo!,"Em um jogo de tirar o fôlego, o Flamengo mostrou superioridade. Destaque para os gols de Diego Rocha.",match_report,1,2026-05-16 01:13:55.29141+00,,,{}
c69774f1-5698-4e78-ae41-497270025b00,964f7ec5-ecdc-4294-bfe9-719a6557722a,,Voz da Torcida,O craque do jogo foi absurdo!,fan_reaction,1,2026-05-16 01:13:55.29141+00,,,{}
c7419430-f63c-452c-8610-4f8662e01850,964f7ec5-ecdc-4294-bfe9-719a6557722a,,Palmeiras domina e vence!,"Em um jogo de tirar o fôlego, o Palmeiras mostrou superioridade. Destaque para os gols de Washington Almeida, Reinaldo Santos.",match_report,1,2026-05-16 01:13:55.29141+00,,,{}
81c1e091-aa9c-44fc-914c-b067dc6b787d,964f7ec5-ecdc-4294-bfe9-719a6557722a,,Voz da Torcida,Essa vitória lava a alma!,fan_reaction,1,2026-05-16 01:13:55.29141+00,,,{}
e3c28606-d388-4fe8-9f74-69d5d23e5fe0,964f7ec5-ecdc-4294-bfe9-719a6557722a,,Show de bola do Flamengo!,"Em um jogo de tirar o fôlego, o Flamengo mostrou superioridade. Destaque para os gols de Ravi Borges.",match_report,1,2026-05-16 01:13:55.29141+00,,,{}
8b6eb4c6-1ce9-4bb1-865e-e34ff8230d16,964f7ec5-ecdc-4294-bfe9-719a6557722a,,Voz da Torcida,Essa vitória lava a alma!,fan_reaction,1,2026-05-16 01:13:55.29141+00,,,{}
9b761c85-3a33-4d86-beca-c30984a4d5c8,964f7ec5-ecdc-4294-bfe9-719a6557722a,,BOT Liga Portugal 5 domina e vence!,"Em um jogo de tirar o fôlego, o BOT Liga Portugal 5 mostrou superioridade. Destaque para os gols de .",match_report,1,2026-05-16 01:13:55.29141+00,,,{}
7742d61d-abac-44f1-9acb-05c3aade39dc,964f7ec5-ecdc-4294-bfe9-719a6557722a,,Voz da Torcida,Essa vitória lava a alma!,fan_reaction,1,2026-05-16 01:13:55.29141+00,,,{}
116bcd86-40e1-49ef-96f0-f8c7297d6ade,964f7ec5-ecdc-4294-bfe9-719a6557722a,,Show de bola do Portugal Bot 7!,"Em um jogo de tirar o fôlego, o Portugal Bot 7 mostrou superioridade. Destaque para os gols de Kelvin Nascimento, Leonardo Medeiros.",match_report,1,2026-05-16 01:13:55.29141+00,,,{}
661a5caf-eac0-4879-a788-652d279f1138,964f7ec5-ecdc-4294-bfe9-719a6557722a,,Voz da Torcida,Precisamos de reforços pra ontem!,fan_reaction,1,2026-05-16 01:13:55.29141+00,,,{}
7552b32f-b1c0-4ce1-8e02-d1dcfe0f920b,964f7ec5-ecdc-4294-bfe9-719a6557722a,,Tudo igual: São Paulo 2x2 Portugal Bot 40,"Em um jogo de tirar o fôlego, o Portugal Bot 40 mostrou superioridade. Destaque para os gols de Weverton Xavier, Ricardo Nunes.",match_report,1,2026-05-16 01:13:55.29141+00,,,{}
7e1ba279-d39b-41a0-ad38-d62465ef6fcb,964f7ec5-ecdc-4294-bfe9-719a6557722a,,Voz da Torcida,Essa vitória lava a alma!,fan_reaction,1,2026-05-16 01:13:55.29141+00,,,{}
9b94eac4-1869-4318-94e1-ce99783d88b3,964f7ec5-ecdc-4294-bfe9-719a6557722a,,Portugal Bot 50 domina e vence!,"Em um jogo de tirar o fôlego, o Portugal Bot 50 mostrou superioridade. Destaque para os gols de Thomas Carvalho.",match_report,1,2026-05-16 01:13:55.29141+00,,,{}
41feb77a-09f2-470e-91b4-088694cf283d,964f7ec5-ecdc-4294-bfe9-719a6557722a,,Voz da Torcida,Que jogo meus amigos!,fan_reaction,1,2026-05-16 01:13:55.29141+00,,,{}
38e58646-3e83-40af-b9eb-5489cce432fd,964f7ec5-ecdc-4294-bfe9-719a6557722a,,Portugal Bot 49 domina e vence!,"Em um jogo de tirar o fôlego, o Portugal Bot 49 mostrou superioridade. Destaque para os gols de .",match_report,1,2026-05-16 01:13:55.29141+00,,,{}
34860c68-e9d5-4bd3-b732-7bbb10539e52,964f7ec5-ecdc-4294-bfe9-719a6557722a,,Voz da Torcida,Esse time me mata de orgulho!,fan_reaction,1,2026-05-16 01:13:55.29141+00,,,{}
be460145-308c-45db-a598-76ceeee2db65,964f7ec5-ecdc-4294-bfe9-719a6557722a,,Tudo igual: Flamengo 0x0 Portugal Bot 51,"Em um jogo de tirar o fôlego, o Portugal Bot 51 mostrou superioridade. Destaque para os gols de .",match_report,1,2026-05-16 01:13:55.29141+00,,,{}
546133bb-f9fd-47c5-a4ec-a41e65f3dd7a,964f7ec5-ecdc-4294-bfe9-719a6557722a,,Voz da Torcida,O craque do jogo foi absurdo!,fan_reaction,1,2026-05-16 01:13:55.29141+00,,,{}
4b85e853-de6e-4651-b6d2-e5cece4511fa,964f7ec5-ecdc-4294-bfe9-719a6557722a,,Tudo igual: Portugal Bot 58 0x0 Portugal Bot 52,"Em um jogo de tirar o fôlego, o Portugal Bot 52 mostrou superioridade. Destaque para os gols de .",match_report,1,2026-05-16 01:13:55.29141+00,,,{}
bcc56473-e0ff-4d50-a6c2-91003a3a8916,964f7ec5-ecdc-4294-bfe9-719a6557722a,,Voz da Torcida,"Técnico pardal, mexeu mal demais.",fan_reaction,1,2026-05-16 01:13:55.29141+00,,,{}
60cfac07-ef06-4eba-813b-911ebe7313fd,964f7ec5-ecdc-4294-bfe9-719a6557722a,,Tudo igual: Benfica 1x1 Portugal Bot 62,"Em um jogo de tirar o fôlego, o Portugal Bot 62 mostrou superioridade. Destaque para os gols de .",match_report,1,2026-05-16 01:13:55.29141+00,,,{}
acf9282d-42fc-4fdb-a61e-1fefe0590999,964f7ec5-ecdc-4294-bfe9-719a6557722a,,Voz da Torcida,"Técnico pardal, mexeu mal demais.",fan_reaction,1,2026-05-16 01:13:55.29141+00,,,{}
681d6bfc-b7d1-45a9-a0ea-f59398b5f988,964f7ec5-ecdc-4294-bfe9-719a6557722a,,Tudo igual: São Paulo 0x0 São Paulo,"Em um jogo de tirar o fôlego, o São Paulo mostrou superioridade. Destaque para os gols de .",match_report,1,2026-05-16 01:13:55.29141+00,,,{}
a480def4-2261-493d-a503-f0b1cfdbc3b5,964f7ec5-ecdc-4294-bfe9-719a6557722a,,Voz da Torcida,"Técnico pardal, mexeu mal demais.",fan_reaction,1,2026-05-16 01:13:55.29141+00,,,{}
cc2da382-ece8-43ea-88ef-d4f6d388eb28,964f7ec5-ecdc-4294-bfe9-719a6557722a,,Show de bola do Palmeiras!,"Em um jogo de tirar o fôlego, o Palmeiras mostrou superioridade. Destaque para os gols de Kaká Cardoso, Diego Martins.",match_report,1,2026-05-16 01:13:55.29141+00,,,{}
a5755937-3d3f-4801-825e-be1c32b8155d,964f7ec5-ecdc-4294-bfe9-719a6557722a,,Voz da Torcida,"Técnico pardal, mexeu mal demais.",fan_reaction,1,2026-05-16 01:13:55.29141+00,,,{}
5f84625c-e379-4c59-93ea-fcbcd6f9d8dd,964f7ec5-ecdc-4294-bfe9-719a6557722a,,Show de bola do BOT Liga Portugal 7!,"Em um jogo de tirar o fôlego, o BOT Liga Portugal 7 mostrou superioridade. Destaque para os gols de .",match_report,1,2026-05-16 01:13:55.29141+00,,,{}
06d22dba-c9ad-4208-b687-c00fef08271d,964f7ec5-ecdc-4294-bfe9-719a6557722a,,Voz da Torcida,Que jogo meus amigos!,fan_reaction,1,2026-05-16 01:13:55.29141+00,,,{}
5ad44250-48f5-4ce0-a5dd-170249f1934b,964f7ec5-ecdc-4294-bfe9-719a6557722a,,Show de bola do BOT Liga Portugal 4!,"Em um jogo de tirar o fôlego, o BOT Liga Portugal 4 mostrou superioridade. Destaque para os gols de Enzo Teixeira, Hugo Barbosa.",match_report,1,2026-05-16 01:13:55.29141+00,,,{}
3fb9f612-7ee3-4e96-95ce-aec5efe0a5ad,964f7ec5-ecdc-4294-bfe9-719a6557722a,,Voz da Torcida,Essa vitória lava a alma!,fan_reaction,1,2026-05-16 01:13:55.29141+00,,,{}
2402f7e0-5c3a-477f-bc33-09f7be8c065b,bfb3dd23-0355-4393-a36d-a6fbe4b1859f,,Show de bola do Argentina Bot 9!,"Em um jogo de tirar o fôlego, o Argentina Bot 9 mostrou superioridade. Destaque para os gols de .",match_report,1,2026-05-16 01:13:57.683941+00,,,{}
d0b18576-2cb3-49fd-8089-3a7044aaf3e4,bfb3dd23-0355-4393-a36d-a6fbe4b1859f,,Voz da Torcida,Precisamos de reforços pra ontem!,fan_reaction,1,2026-05-16 01:13:57.683941+00,,,{}
ee539bd8-b08b-4274-9d3e-c65dc973ced9,bfb3dd23-0355-4393-a36d-a6fbe4b1859f,,Argentina Bot 42 domina e vence!,"Em um jogo de tirar o fôlego, o Argentina Bot 42 mostrou superioridade. Destaque para os gols de .",match_report,1,2026-05-16 01:13:57.683941+00,,,{}
8ba06848-8df4-416a-8b05-b6066a719d8a,bfb3dd23-0355-4393-a36d-a6fbe4b1859f,,Voz da Torcida,Essa vitória lava a alma!,fan_reaction,1,2026-05-16 01:13:57.683941+00,,,{}
20778ece-7614-4a29-a653-fdf72cd4b50a,bfb3dd23-0355-4393-a36d-a6fbe4b1859f,,Show de bola do Argentina Bot 64!,"Em um jogo de tirar o fôlego, o Argentina Bot 64 mostrou superioridade. Destaque para os gols de Luan Ferreira.",match_report,1,2026-05-16 01:13:57.683941+00,,,{}
c380c045-9c13-499d-a124-2b009c4ba4bf,bfb3dd23-0355-4393-a36d-a6fbe4b1859f,,Voz da Torcida,O craque do jogo foi absurdo!,fan_reaction,1,2026-05-16 01:13:57.683941+00,,,{}
97eb5aac-6ef3-41c9-8118-27d34689a3a4,bfb3dd23-0355-4393-a36d-a6fbe4b1859f,,Tudo igual: Argentina Bot 50 2x2 Mirassol,"Em um jogo de tirar o fôlego, o Mirassol mostrou superioridade. Destaque para os gols de .",match_report,1,2026-05-16 01:13:57.683941+00,,,{}
613ba917-d9f8-4644-8ec5-df2029d24042,bfb3dd23-0355-4393-a36d-a6fbe4b1859f,,Voz da Torcida,O craque do jogo foi absurdo!,fan_reaction,1,2026-05-16 01:13:57.683941+00,,,{}
8f1015af-2e37-4c98-af48-4d191ce07ce2,bfb3dd23-0355-4393-a36d-a6fbe4b1859f,,Tudo igual: Coritiba 0x0 Flamengo,"Em um jogo de tirar o fôlego, o Flamengo mostrou superioridade. Destaque para os gols de .",match_report,1,2026-05-16 01:13:57.683941+00,,,{}
6e9bf235-f5f1-4ec3-80f3-777d60100f25,bfb3dd23-0355-4393-a36d-a6fbe4b1859f,,Voz da Torcida,Essa vitória lava a alma!,fan_reaction,1,2026-05-16 01:13:57.683941+00,,,{}
792c8bd1-e4c4-4ee6-9d71-a0a00708cc75,bfb3dd23-0355-4393-a36d-a6fbe4b1859f,,Argentina Bot 60 domina e vence!,"Em um jogo de tirar o fôlego, o Argentina Bot 60 mostrou superioridade. Destaque para os gols de .",match_report,1,2026-05-16 01:13:57.683941+00,,,{}
982511dc-eb06-4fc2-8780-5a8a9424a419,bfb3dd23-0355-4393-a36d-a6fbe4b1859f,,Voz da Torcida,Essa vitória lava a alma!,fan_reaction,1,2026-05-16 01:13:57.683941+00,,,{}
67ae780f-077f-476f-ba37-d9ef3bbf28f7,bfb3dd23-0355-4393-a36d-a6fbe4b1859f,,Show de bola do Avaí!,"Em um jogo de tirar o fôlego, o Avaí mostrou superioridade. Destaque para os gols de .",match_report,1,2026-05-16 01:13:57.683941+00,,,{}
5f02fa28-5ed5-491e-be5e-df16214cf651,bfb3dd23-0355-4393-a36d-a6fbe4b1859f,,Voz da Torcida,O craque do jogo foi absurdo!,fan_reaction,1,2026-05-16 01:13:57.683941+00,,,{}
4b406257-9e70-41cd-9499-55be31bc9d8d,bfb3dd23-0355-4393-a36d-a6fbe4b1859f,,São Paulo domina e vence!,"Em um jogo de tirar o fôlego, o São Paulo mostrou superioridade. Destaque para os gols de Davi Luiz Azevedo, Gabriel Castro.",match_report,1,2026-05-16 01:13:57.683941+00,,,{}
b808970a-4f54-4087-a7f2-cf5954c97f9e,bfb3dd23-0355-4393-a36d-a6fbe4b1859f,,Voz da Torcida,Precisamos de reforços pra ontem!,fan_reaction,1,2026-05-16 01:13:57.683941+00,,,{}
a84d4379-4c46-4cb6-8d9f-7fd185b2f7df,bfb3dd23-0355-4393-a36d-a6fbe4b1859f,,Tudo igual: Palmeiras 2x2 Argentina Bot 52,"Em um jogo de tirar o fôlego, o Argentina Bot 52 mostrou superioridade. Destaque para os gols de Pedro Reis, Lucca Barros.",match_report,1,2026-05-16 01:13:57.683941+00,,,{}
4ad1e61b-f60d-4f3f-a8d1-909a37c8bdf9,bfb3dd23-0355-4393-a36d-a6fbe4b1859f,,Voz da Torcida,Esse time me mata de orgulho!,fan_reaction,1,2026-05-16 01:13:57.683941+00,,,{}
d40126f4-8c85-4fc3-be11-b0a0e718bc84,bfb3dd23-0355-4393-a36d-a6fbe4b1859f,,São Paulo domina e vence!,"Em um jogo de tirar o fôlego, o São Paulo mostrou superioridade. Destaque para os gols de Antônio Santos, Carlos Barbosa.",match_report,1,2026-05-16 01:13:57.683941+00,,,{}
7647923c-e6a6-4ef9-a9b9-250daf139240,bfb3dd23-0355-4393-a36d-a6fbe4b1859f,,Voz da Torcida,Essa vitória lava a alma!,fan_reaction,1,2026-05-16 01:13:57.683941+00,,,{}
24ca22b4-434a-43b2-9778-2f9f567638ce,bfb3dd23-0355-4393-a36d-a6fbe4b1859f,,Show de bola do Argentina Bot 44!,"Em um jogo de tirar o fôlego, o Argentina Bot 44 mostrou superioridade. Destaque para os gols de Kelvin Duarte.",match_report,1,2026-05-16 01:13:57.683941+00,,,{}
3d9c3ddf-7501-456b-b312-3c0459390cb6,bfb3dd23-0355-4393-a36d-a6fbe4b1859f,,Voz da Torcida,"Técnico pardal, mexeu mal demais.",fan_reaction,1,2026-05-16 01:13:57.683941+00,,,{}
e65b5ee5-d22e-4f74-bf67-a7af563921cf,bfb3dd23-0355-4393-a36d-a6fbe4b1859f,,Show de bola do Goiás!,"Em um jogo de tirar o fôlego, o Goiás mostrou superioridade. Destaque para os gols de .",match_report,1,2026-05-16 01:13:57.683941+00,,,{}
376f6796-765f-4e7e-b15a-3a1020a2ce98,bfb3dd23-0355-4393-a36d-a6fbe4b1859f,,Voz da Torcida,Essa vitória lava a alma!,fan_reaction,1,2026-05-16 01:13:57.683941+00,,,{}
b5f12a43-6768-482d-af23-227cb83ce0ea,bfb3dd23-0355-4393-a36d-a6fbe4b1859f,,Show de bola do São Paulo!,"Em um jogo de tirar o fôlego, o São Paulo mostrou superioridade. Destaque para os gols de Gustavo Reis, Gustavo Andrade.",match_report,1,2026-05-16 01:13:57.683941+00,,,{}
4dd4caaa-74bc-4579-8785-9296f6a4287e,bfb3dd23-0355-4393-a36d-a6fbe4b1859f,,Voz da Torcida,Esse time me mata de orgulho!,fan_reaction,1,2026-05-16 01:13:57.683941+00,,,{}
9fc20e54-8e7d-4b1e-b8eb-b1f60b78aec0,bfb3dd23-0355-4393-a36d-a6fbe4b1859f,,Flamengo domina e vence!,"Em um jogo de tirar o fôlego, o Flamengo mostrou superioridade. Destaque para os gols de .",match_report,1,2026-05-16 01:13:57.683941+00,,,{}
adf2555b-397a-4859-96e0-a55b4bef1b68,bfb3dd23-0355-4393-a36d-a6fbe4b1859f,,Voz da Torcida,Precisamos de reforços pra ontem!,fan_reaction,1,2026-05-16 01:13:57.683941+00,,,{}
87c2283a-f216-4cdf-bd91-5b65bc3b9fd1,bfb3dd23-0355-4393-a36d-a6fbe4b1859f,,Show de bola do Palmeiras!,"Em um jogo de tirar o fôlego, o Palmeiras mostrou superioridade. Destaque para os gols de Pietro Pereira, Raul Sampaio.",match_report,1,2026-05-16 01:13:57.683941+00,,,{}
5f14c827-1417-4dbc-b077-c84ea528387b,bfb3dd23-0355-4393-a36d-a6fbe4b1859f,,Voz da Torcida,Esse time me mata de orgulho!,fan_reaction,1,2026-05-16 01:13:57.683941+00,,,{}
35628aef-36f5-4cad-ba26-9a39068fbb2a,bfb3dd23-0355-4393-a36d-a6fbe4b1859f,,Argentina Bot 58 domina e vence!,"Em um jogo de tirar o fôlego, o Argentina Bot 58 mostrou superioridade. Destaque para os gols de .",match_report,1,2026-05-16 01:13:57.683941+00,,,{}
f0a113c6-2de9-4c61-897c-d4ec6996f686,bfb3dd23-0355-4393-a36d-a6fbe4b1859f,,Voz da Torcida,Precisamos de reforços pra ontem!,fan_reaction,1,2026-05-16 01:13:57.683941+00,,,{}
b21734d9-cc12-48c0-abc8-f063e16f6043,bfb3dd23-0355-4393-a36d-a6fbe4b1859f,,Palmeiras domina e vence!,"Em um jogo de tirar o fôlego, o Palmeiras mostrou superioridade. Destaque para os gols de Samuel Rodrigues, João Nunes.",match_report,1,2026-05-16 01:13:57.683941+00,,,{}
f7808836-ed1b-4820-b243-8a8fab70746d,bfb3dd23-0355-4393-a36d-a6fbe4b1859f,,Voz da Torcida,Essa vitória lava a alma!,fan_reaction,1,2026-05-16 01:13:57.683941+00,,,{}
294a35c6-1b67-48b6-b0d1-0f30875fee40,bfb3dd23-0355-4393-a36d-a6fbe4b1859f,,Ceará domina e vence!,"Em um jogo de tirar o fôlego, o Ceará mostrou superioridade. Destaque para os gols de .",match_report,1,2026-05-16 01:13:57.683941+00,,,{}
81de58fe-0126-4137-9383-529208cd469f,bfb3dd23-0355-4393-a36d-a6fbe4b1859f,,Voz da Torcida,Essa vitória lava a alma!,fan_reaction,1,2026-05-16 01:13:57.683941+00,,,{}
8fc4163c-3e18-4895-a665-c92e760eda28,bfb3dd23-0355-4393-a36d-a6fbe4b1859f,,Atlético-GO domina e vence!,"Em um jogo de tirar o fôlego, o Atlético-GO mostrou superioridade. Destaque para os gols de Bruno Borges, Ruan Ribeiro.",match_report,1,2026-05-16 01:13:57.683941+00,,,{}
a3dd44d1-209f-40ae-89ca-251e65e790b0,bfb3dd23-0355-4393-a36d-a6fbe4b1859f,,Voz da Torcida,Esse time me mata de orgulho!,fan_reaction,1,2026-05-16 01:13:57.683941+00,,,{}
04a905f9-121a-4fd5-ae63-e955366531d8,bfb3dd23-0355-4393-a36d-a6fbe4b1859f,,Athletico Paranaense domina e vence!,"Em um jogo de tirar o fôlego, o Athletico Paranaense mostrou superioridade. Destaque para os gols de .",match_report,1,2026-05-16 01:13:57.683941+00,,,{}
11adbfc0-337b-4b84-bbbe-dd48f87ee6c1,bfb3dd23-0355-4393-a36d-a6fbe4b1859f,,Voz da Torcida,O craque do jogo foi absurdo!,fan_reaction,1,2026-05-16 01:13:57.683941+00,,,{}
8adfc8d6-1fc5-4067-847f-0ed8f62a204d,bfb3dd23-0355-4393-a36d-a6fbe4b1859f,,Vitória domina e vence!,"Em um jogo de tirar o fôlego, o Vitória mostrou superioridade. Destaque para os gols de Jonathan Miranda, Benício Barbosa.",match_report,1,2026-05-16 01:13:57.683941+00,,,{}
1b6eeedb-a034-40f4-a415-cdadcaac8442,bfb3dd23-0355-4393-a36d-a6fbe4b1859f,,Argentina Bot 49 domina e vence!,"Em um jogo de tirar o fôlego, o Argentina Bot 49 mostrou superioridade. Destaque para os gols de .",match_report,1,2026-05-16 01:13:57.683941+00,,,{}
e36bdc16-1b8a-4cc1-8d60-0d1586327dde,bfb3dd23-0355-4393-a36d-a6fbe4b1859f,,Voz da Torcida,Essa vitória lava a alma!,fan_reaction,1,2026-05-16 01:13:57.683941+00,,,{}
467bef5c-064c-4d5b-9263-63cc9f3245ff,bfb3dd23-0355-4393-a36d-a6fbe4b1859f,,Flamengo domina e vence!,"Em um jogo de tirar o fôlego, o Flamengo mostrou superioridade. Destaque para os gols de Fabrício Cunha, Raul Souza.",match_report,1,2026-05-16 01:13:57.683941+00,,,{}
301b4100-d8c5-428d-a050-ac8837eae8f6,bfb3dd23-0355-4393-a36d-a6fbe4b1859f,,Voz da Torcida,Precisamos de reforços pra ontem!,fan_reaction,1,2026-05-16 01:13:57.683941+00,,,{}
935756d7-9fe4-42df-9c05-4c04f3e074ec,bfb3dd23-0355-4393-a36d-a6fbe4b1859f,,Show de bola do América Mineiro!,"Em um jogo de tirar o fôlego, o América Mineiro mostrou superioridade. Destaque para os gols de .",match_report,1,2026-05-16 01:13:57.683941+00,,,{}
26750552-9df1-498e-ae5a-1fd9729ba346,bfb3dd23-0355-4393-a36d-a6fbe4b1859f,,Voz da Torcida,"Técnico pardal, mexeu mal demais.",fan_reaction,1,2026-05-16 01:13:57.683941+00,,,{}
3ca90f4a-dfdf-4f64-87be-313189987450,bfb3dd23-0355-4393-a36d-a6fbe4b1859f,,Show de bola do Red Bull Bragantino!,"Em um jogo de tirar o fôlego, o Red Bull Bragantino mostrou superioridade. Destaque para os gols de .",match_report,1,2026-05-16 01:13:57.683941+00,,,{}
3982550e-0d68-4027-9561-d713ba7b03f5,bfb3dd23-0355-4393-a36d-a6fbe4b1859f,,Voz da Torcida,Essa vitória lava a alma!,fan_reaction,1,2026-05-16 01:13:57.683941+00,,,{}
e2607411-f1af-4b84-a730-6d1295428039,edb83ebc-95c3-4f26-99b3-0b758a5d08c6,b378aeed-971e-443a-9df3-db6cec23a599,Domínio total! FLM Team Fc vence o clássico contra ABC FC.,FLM Team Fc vence com autoridade.,match_report,1,2026-05-18 01:17:01.363335+00,,league_win,"{""score"": ""2x1"", ""team_name"": ""FLM Team Fc"", ""competition"": ""Liga Mundial"", ""opponent_name"": ""ABC FC""}"
83d50333-0bbf-49b7-b1e0-61d96e98f026,edb83ebc-95c3-4f26-99b3-0b758a5d08c6,456f19ed-f3dc-461e-a82e-7e5a220f4bdf,Tudo igual! Internacional e UNC SPORT CLUB dividem os pontos.,Empate em jogo disputado!,match_report,1,2026-05-18 01:17:01.652965+00,,league_draw,"{""score"": ""3x3"", ""team_name"": ""UNC SPORT CLUB"", ""competition"": ""Liga Mundial"", ""opponent_name"": ""Internacional""}"
4c78c404-a4bd-4d6a-b93b-03dffb619af6,edb83ebc-95c3-4f26-99b3-0b758a5d08c6,db5716fb-71e5-4cd7-9d06-e15fe4b41aa9,Show de bola! Santos não toma conhecimento do Bahia.,Santos vence com autoridade.,match_report,1,2026-05-18 01:17:01.84773+00,,league_win,"{""score"": ""3x1"", ""team_name"": ""Santos"", ""competition"": ""Liga Mundial"", ""opponent_name"": ""Bahia""}"
68706cc1-87de-4105-bec2-c5b1fadb2b59,edb83ebc-95c3-4f26-99b3-0b758a5d08c6,af9fd86b-5985-4037-90a9-a762e4c69cf3,Vitória maiúscula: MANAGER FC garante os 3 pontos contra ADM FC.,MANAGER FC vence com autoridade.,match_report,1,2026-05-18 01:17:02.065771+00,,league_win,"{""score"": ""4x2"", ""team_name"": ""MANAGER FC"", ""competition"": ""Liga Mundial"", ""opponent_name"": ""ADM FC""}"
0639779d-10d6-4c29-b260-8e31823e5bbc,edb83ebc-95c3-4f26-99b3-0b758a5d08c6,9fc30aff-8846-4582-a940-7f23bdc37c13,Fluminense atropela o Real Zaragola em exibição de gala!,Fluminense vence com autoridade.,match_report,1,2026-05-18 01:17:02.297513+00,,league_win,"{""score"": ""2x1"", ""team_name"": ""Fluminense"", ""competition"": ""Liga Mundial"", ""opponent_name"": ""Real Zaragola""}"
f87d44c9-4e35-475b-9b8b-fdff4d0ef50b,edb83ebc-95c3-4f26-99b3-0b758a5d08c6,6ac2da18-ccfd-43d7-a7b3-911a77bceb14,Superioridade técnica: Grêmio supera o Cruzeiro.,Grêmio vence com autoridade.,match_report,1,2026-05-18 01:17:02.431104+00,,league_loss,"{""score"": ""2x3"", ""team_name"": ""Cruzeiro"", ""competition"": ""Liga Mundial"", ""opponent_name"": ""Grêmio""}"
b095330e-0ecb-497e-8494-72c9971f0f5a,edb83ebc-95c3-4f26-99b3-0b758a5d08c6,83f7ea05-21ea-4e5a-b7c7-5ff00e8597fa,Batalha épica! Empate eletrizante entre a e Corinthians.,Empate em jogo disputado!,match_report,1,2026-05-18 01:17:02.581691+00,,league_draw,"{""score"": ""3x3"", ""team_name"": ""Corinthians"", ""competition"": ""Liga Mundial"", ""opponent_name"": ""a""}"
12667b2a-9206-4518-906a-a8a1af96a099,edb83ebc-95c3-4f26-99b3-0b758a5d08c6,decd4ffd-b6e4-4671-a029-74aec71343ef,Manager FC atropela o FLM em exibição de gala!,Manager FC vence com autoridade.,match_report,1,2026-05-18 01:17:02.8063+00,,league_win,"{""score"": ""2x1"", ""team_name"": ""Manager FC"", ""competition"": ""Liga Mundial"", ""opponent_name"": ""FLM""}"
