id,division_id,team_id,points,played,wins,draws,losses,goals_for,goals_against,goal_difference,updated_at
04a66afa-3340-444c-afa1-62dc98572d11,1764851e-2c02-4bc4-891d-327e3bf1987b,318fde3b-e868-4a33-86d8-4ce7f1860d17,0,0,0,0,0,0,0,0,2026-05-06 21:29:43.598301+00
433325ea-14f0-4427-9416-1915ca2a5b95,1764851e-2c02-4bc4-891d-327e3bf1987b,baf99d00-7470-4b15-9d8f-6afec34f3202,0,0,0,0,0,0,0,0,2026-05-06 21:29:43.598301+00
c636cde9-9e8e-4c2a-a0c3-41f9150746b8,1764851e-2c02-4bc4-891d-327e3bf1987b,6c6e0f87-26ab-45fe-9bc8-fc767b0b885f,0,0,0,0,0,0,0,0,2026-05-06 21:29:43.598301+00
c59e655d-3764-488c-95b7-a0f8c92ffe51,1764851e-2c02-4bc4-891d-327e3bf1987b,2f57836e-9e8c-4128-8017-5cb0a90686c8,0,0,0,0,0,0,0,0,2026-05-06 21:29:43.598301+00
e450b9d5-d623-4d78-b9f5-f57a2fd26c54,1764851e-2c02-4bc4-891d-327e3bf1987b,b9708906-ae86-4ca7-9a17-47c8aead8265,0,0,0,0,0,0,0,0,2026-05-06 21:29:43.598301+00
87a00914-3d45-4cf6-8eb2-6a4580d4a712,1764851e-2c02-4bc4-891d-327e3bf1987b,9991fd6f-e713-43e7-89a8-aec7c55036ab,0,0,0,0,0,0,0,0,2026-05-06 21:29:43.598301+00
4ef03bd9-4719-4185-acc4-56591fd67a5f,1764851e-2c02-4bc4-891d-327e3bf1987b,0f2b1592-0008-47b3-98ce-1a9d19d5365f,0,0,0,0,0,0,0,0,2026-05-06 21:29:43.598301+00
e9b19af2-86cd-4750-8cc7-0b6cfe738d6e,1764851e-2c02-4bc4-891d-327e3bf1987b,12e2cb41-3390-47e7-8b4f-97ae62f374ee,0,0,0,0,0,0,0,0,2026-05-06 21:29:43.598301+00
fcf9ffe2-ece6-4bb4-99f0-a1423667abeb,1764851e-2c02-4bc4-891d-327e3bf1987b,3b96f772-d159-4667-8f6b-c8232fe63487,0,0,0,0,0,0,0,0,2026-05-06 21:29:43.598301+00
698d277c-aa0c-4034-bcdf-2fb9c7cc5f17,1764851e-2c02-4bc4-891d-327e3bf1987b,6a42cc18-86ae-448c-bc2a-5ac3d4f79f61,0,0,0,0,0,0,0,0,2026-05-06 21:29:43.598301+00
a13ef454-4082-4f34-a07b-b9ba7eb9161e,1764851e-2c02-4bc4-891d-327e3bf1987b,dcb8ad7e-e716-47ca-8940-967816e9dbba,0,0,0,0,0,0,0,0,2026-05-06 21:29:43.598301+00
bee68e53-1182-4062-8c8d-2ae598784f61,1764851e-2c02-4bc4-891d-327e3bf1987b,690e1ecc-eb61-4f6f-8b09-8abcbb870bd4,0,0,0,0,0,0,0,0,2026-05-06 21:29:43.598301+00
cfd21c42-2b77-4d92-bcf9-5ed74a6deb9a,1764851e-2c02-4bc4-891d-327e3bf1987b,5cd819a7-7496-4d54-b867-2178116e9d85,0,0,0,0,0,0,0,0,2026-05-06 21:29:43.598301+00
368b6a4e-5124-4aab-ae6b-345e9bf0451d,1764851e-2c02-4bc4-891d-327e3bf1987b,6de007f7-1636-425b-b623-d83f75d10e8e,0,0,0,0,0,0,0,0,2026-05-06 21:29:43.598301+00
ae9cf42c-3966-4ee6-b6b9-df784c7b23dd,1764851e-2c02-4bc4-891d-327e3bf1987b,9b93c02b-30be-4d56-8be9-7ac55cbb8889,0,0,0,0,0,0,0,0,2026-05-06 21:29:43.598301+00
f3f758c0-1cee-45b5-acd7-ae105056bc6b,1764851e-2c02-4bc4-891d-327e3bf1987b,4d0053ed-8ea3-4a91-93e5-03365b3ae56e,0,0,0,0,0,0,0,0,2026-05-06 21:29:43.598301+00
f10e6ff5-d2b8-490e-8b95-a8e6112a4ef6,fea83138-c2d0-4f29-b024-e8201621b46b,f5878afb-354e-4552-81d6-eaf0369f8648,0,0,0,0,0,0,0,0,2026-05-06 21:29:43.598301+00
a4db338e-6f78-4f2b-97a3-fc951f018046,fea83138-c2d0-4f29-b024-e8201621b46b,15cd715b-668a-4388-aed9-27cd7048bd08,0,0,0,0,0,0,0,0,2026-05-06 21:29:43.598301+00
7cd9d693-e2f4-4594-a917-7d7a4da3963d,fea83138-c2d0-4f29-b024-e8201621b46b,ebd68c2b-f0b6-48d2-ba03-f91fe63ff5ac,0,0,0,0,0,0,0,0,2026-05-06 21:29:43.598301+00
b9db1d0f-1d76-4775-b98b-49e761e1d05b,fea83138-c2d0-4f29-b024-e8201621b46b,cebe6e7c-0291-466a-ac47-27b9977b52bb,0,0,0,0,0,0,0,0,2026-05-06 21:29:43.598301+00
260db3d2-2389-41f2-b086-150878bc1627,fea83138-c2d0-4f29-b024-e8201621b46b,d909cc6a-302b-44a5-96fb-155f1cff5e24,0,0,0,0,0,0,0,0,2026-05-06 21:29:43.598301+00
63ff4efb-31b3-4165-8964-74b63560a1ad,fea83138-c2d0-4f29-b024-e8201621b46b,60246a99-13fc-474a-9543-85b7fd6a13ea,0,0,0,0,0,0,0,0,2026-05-06 21:29:43.598301+00
db4f52d6-31b3-43c0-a2f3-4772349072c6,fea83138-c2d0-4f29-b024-e8201621b46b,30368018-6c6a-4fdf-9093-5e30992908bb,0,0,0,0,0,0,0,0,2026-05-06 21:29:43.598301+00
2dea5923-4c15-4866-96c6-94853cf974fa,fea83138-c2d0-4f29-b024-e8201621b46b,3315366b-9c28-4c78-85ce-2afb477ccc12,0,0,0,0,0,0,0,0,2026-05-06 21:29:43.598301+00
c824ae6c-6502-4b25-9c68-e4525e259f1f,fea83138-c2d0-4f29-b024-e8201621b46b,56b86e94-08b9-4bdd-8365-493648618145,0,0,0,0,0,0,0,0,2026-05-06 21:29:43.598301+00
97c62f85-44a4-43c2-a3da-57c5fbd924bb,fea83138-c2d0-4f29-b024-e8201621b46b,e1f9b781-e874-4003-ac4a-7d184ecadc9c,0,0,0,0,0,0,0,0,2026-05-06 21:29:43.598301+00
dd3b2e2e-0c41-4311-94ef-a4aeef68c963,fea83138-c2d0-4f29-b024-e8201621b46b,14d78336-a799-4ad6-bfea-9a5149ea6c60,0,0,0,0,0,0,0,0,2026-05-06 21:29:43.598301+00
246467bb-b33d-4d7e-a77b-ff87ee3bdeff,fea83138-c2d0-4f29-b024-e8201621b46b,402ca394-3d57-426d-abe0-07b6d9737a28,0,0,0,0,0,0,0,0,2026-05-06 21:29:43.598301+00
81ed1115-0209-46a4-85c0-84321d6ab162,fea83138-c2d0-4f29-b024-e8201621b46b,5fd5095c-f0de-48ce-aa04-ff96b60d1876,0,0,0,0,0,0,0,0,2026-05-06 21:29:43.598301+00
d97443f3-541f-4227-a4da-654d808818c5,fea83138-c2d0-4f29-b024-e8201621b46b,d195a5a0-b30c-45ac-a1b2-4cc1de679cbe,0,0,0,0,0,0,0,0,2026-05-06 21:29:43.598301+00
233e262a-28e9-453e-9bd1-ce2f8731de48,fea83138-c2d0-4f29-b024-e8201621b46b,260c3bf0-63be-4cda-af53-15d585239bc4,0,0,0,0,0,0,0,0,2026-05-06 21:29:43.598301+00
6984c1e2-33a0-41e2-a073-8fde7f0008ef,fea83138-c2d0-4f29-b024-e8201621b46b,cd9a87b0-d8ee-45af-b80d-16d709ac7ea0,0,0,0,0,0,0,0,0,2026-05-06 21:29:43.598301+00
f05e0169-efb6-4906-9aac-67c45aa52e5a,8374b5f8-17cb-48ea-8aeb-2c160e1aba51,c3671095-0dbc-4ae5-8c1e-41edb9fa7f49,0,0,0,0,0,0,0,0,2026-05-06 21:29:43.598301+00
fb39506a-2b42-45e5-94a1-a9850e295780,8374b5f8-17cb-48ea-8aeb-2c160e1aba51,6032e0e3-10f0-444a-b7e5-7f4158f8fc84,0,0,0,0,0,0,0,0,2026-05-06 21:29:43.598301+00
a963e007-a4e4-4c15-973a-980aa05f3e5f,8374b5f8-17cb-48ea-8aeb-2c160e1aba51,a8fd4319-91ef-4b46-a829-9e24f4011b9e,0,0,0,0,0,0,0,0,2026-05-06 21:29:43.598301+00
d742de86-e52f-472c-bc0a-545aa22bde1b,8374b5f8-17cb-48ea-8aeb-2c160e1aba51,c4d41b62-6e93-4c5d-8f75-6a54b4254837,0,0,0,0,0,0,0,0,2026-05-06 21:29:43.598301+00
e03053de-c554-42f8-9cc1-85002cc64bcd,8374b5f8-17cb-48ea-8aeb-2c160e1aba51,bff8a45b-c758-4eaa-8da0-d74645a37088,0,0,0,0,0,0,0,0,2026-05-06 21:29:43.598301+00
a92e2d0f-2802-4866-b585-9b683b66c450,8374b5f8-17cb-48ea-8aeb-2c160e1aba51,5fc4fd7a-d72a-42d1-9b69-3d252a72d64b,0,0,0,0,0,0,0,0,2026-05-06 21:29:43.598301+00
06aee679-e544-436a-bb68-ff5053a7795d,8374b5f8-17cb-48ea-8aeb-2c160e1aba51,84ae2ecf-6a39-4446-971d-b34cc4f55385,0,0,0,0,0,0,0,0,2026-05-06 21:29:43.598301+00
a85019f8-ebaf-4edb-8fa0-67887ea4bab3,8374b5f8-17cb-48ea-8aeb-2c160e1aba51,2a23faf1-69e0-4a47-9dbf-96dbcab2d1d2,0,0,0,0,0,0,0,0,2026-05-06 21:29:43.598301+00
bc49da16-12e4-4d49-b076-4cada7fd06ae,8374b5f8-17cb-48ea-8aeb-2c160e1aba51,afd4869b-f704-4831-944e-cfa1a609b703,0,0,0,0,0,0,0,0,2026-05-06 21:29:43.598301+00
80b4dc4a-2c5e-4af1-b982-d0fa6370fc71,8374b5f8-17cb-48ea-8aeb-2c160e1aba51,1517e3dc-24ca-48ef-8367-0a1b78a44f66,0,0,0,0,0,0,0,0,2026-05-06 21:29:43.598301+00
a4caaed3-ffc8-43e1-a258-8a28e8f8e8dd,8374b5f8-17cb-48ea-8aeb-2c160e1aba51,18a62188-dc8a-4d92-85aa-4c43237a3921,0,0,0,0,0,0,0,0,2026-05-06 21:29:43.598301+00
e97a1729-650c-4787-b347-96a0e760baf1,8374b5f8-17cb-48ea-8aeb-2c160e1aba51,19796c99-8627-4946-bd90-b5f6cd81149e,0,0,0,0,0,0,0,0,2026-05-06 21:29:43.598301+00
c5b8648b-1789-49e2-a89f-fbde9b2390b2,8374b5f8-17cb-48ea-8aeb-2c160e1aba51,4c1cd53f-7a67-42fb-94c8-751c9a22743e,0,0,0,0,0,0,0,0,2026-05-06 21:29:43.598301+00
45cec902-e0c1-422f-8122-357838569a63,8374b5f8-17cb-48ea-8aeb-2c160e1aba51,f1aec635-7a4c-43e9-b064-a25f464fa1ac,0,0,0,0,0,0,0,0,2026-05-06 21:29:43.598301+00
00746988-33b7-41f2-8e9e-db98376fe7dd,8374b5f8-17cb-48ea-8aeb-2c160e1aba51,fba414da-2d68-48f4-adb7-18f4eb39b0aa,0,0,0,0,0,0,0,0,2026-05-06 21:29:43.598301+00
a8e2f82e-db12-4953-9917-70a6a394157a,8374b5f8-17cb-48ea-8aeb-2c160e1aba51,ba864f7b-53c3-44b5-ba7c-05faecd795e3,0,0,0,0,0,0,0,0,2026-05-06 21:29:43.598301+00
912611e7-523b-4e95-95cd-8d23198dc158,541b0362-b553-488e-bbf8-7ee8821298c2,dde19657-1412-45aa-9741-fd64ae7b75c4,0,0,0,0,0,0,0,0,2026-05-06 21:29:43.598301+00
0759e20b-429f-4b9e-9b4b-cd498d49a99e,541b0362-b553-488e-bbf8-7ee8821298c2,34eb9c6d-302d-41a3-89bb-a2ef3c266717,0,0,0,0,0,0,0,0,2026-05-06 21:29:43.598301+00
0cedc1b3-1050-42b4-abf7-1e319fb7b8ca,541b0362-b553-488e-bbf8-7ee8821298c2,45063cf9-a3fc-4a00-aeeb-e8aeb3c78910,0,0,0,0,0,0,0,0,2026-05-06 21:29:43.598301+00
06c5fc47-b7a9-4a9f-a4f1-a3909fcd2b33,541b0362-b553-488e-bbf8-7ee8821298c2,53b6e7bd-30ca-42c3-a0dd-cd639702872c,0,0,0,0,0,0,0,0,2026-05-06 21:29:43.598301+00
69492ecc-82f9-466b-9d7f-599544d4d037,541b0362-b553-488e-bbf8-7ee8821298c2,7c3baabb-ab16-4498-8dda-c889d0045eff,0,0,0,0,0,0,0,0,2026-05-06 21:29:43.598301+00
c19c5145-7198-41d2-857a-b4892b01fccb,541b0362-b553-488e-bbf8-7ee8821298c2,228857d2-f1cf-4039-a795-2231381a95b9,0,0,0,0,0,0,0,0,2026-05-06 21:29:43.598301+00
306c439d-24a9-4f7e-b07b-8c4f2a61a2eb,541b0362-b553-488e-bbf8-7ee8821298c2,9dc23e3a-fcc3-452a-998e-ebc9548883d8,0,0,0,0,0,0,0,0,2026-05-06 21:29:43.598301+00
1a1b57ec-320a-4dc2-9d31-1601c8ff7973,541b0362-b553-488e-bbf8-7ee8821298c2,95d81e49-799b-4cd5-b81f-2b7e212248c2,0,0,0,0,0,0,0,0,2026-05-06 21:29:43.598301+00
43854827-628b-4638-b6f5-d29d5b35a347,541b0362-b553-488e-bbf8-7ee8821298c2,4b996b5c-df6e-4d12-912b-01b53a370bb3,0,0,0,0,0,0,0,0,2026-05-06 21:29:43.598301+00
930e24fb-093d-4cd8-87e7-f16c76ae8509,541b0362-b553-488e-bbf8-7ee8821298c2,000e4e68-52cc-4451-999a-512f2ba85c8c,0,0,0,0,0,0,0,0,2026-05-06 21:29:43.598301+00
4fc1e046-c93d-4c4b-9dd3-5bf16e57d13a,541b0362-b553-488e-bbf8-7ee8821298c2,cb6c8b40-95e5-4a42-b402-cd63aa01d4aa,0,0,0,0,0,0,0,0,2026-05-06 21:29:43.598301+00
b27ea0a7-c921-4c83-bc7c-09dde9085334,541b0362-b553-488e-bbf8-7ee8821298c2,77424cc1-e7a6-447f-a2d6-b09802ea24f1,0,0,0,0,0,0,0,0,2026-05-06 21:29:43.598301+00
f43f12b8-a1c5-4f4d-822c-ea0aa5823264,541b0362-b553-488e-bbf8-7ee8821298c2,51f8a6de-3b87-4b2b-a50a-a8559c0c46b6,0,0,0,0,0,0,0,0,2026-05-06 21:29:43.598301+00
db48dcb4-e648-4c83-bb8c-6132813de715,541b0362-b553-488e-bbf8-7ee8821298c2,7eb45639-14fb-4850-b1b3-f8bf49cd817c,0,0,0,0,0,0,0,0,2026-05-06 21:29:43.598301+00
a9a88984-3f75-4b9e-b611-da919112472b,541b0362-b553-488e-bbf8-7ee8821298c2,8648dd57-c342-4cd4-a87a-5df352d65cc7,0,0,0,0,0,0,0,0,2026-05-06 21:29:43.598301+00
6bec1af9-c76e-409e-b020-8b7fcbec63af,541b0362-b553-488e-bbf8-7ee8821298c2,9a01d6a6-a820-4944-917d-308912a04269,0,0,0,0,0,0,0,0,2026-05-06 21:29:43.598301+00
2a256cbc-55ff-444b-a7d7-7453291efc60,6448adfd-cdb2-40c6-8dd9-bd9cf5becf67,9d1404d1-5d08-42f8-b1a7-f033f49e5c16,0,0,0,0,0,0,0,0,2026-05-06 21:29:43.598301+00
2a25a40d-dd77-437b-8341-73930d0a9432,6448adfd-cdb2-40c6-8dd9-bd9cf5becf67,e2c517ba-b6a6-4af0-97c6-5fc8f795418a,0,0,0,0,0,0,0,0,2026-05-06 21:29:43.598301+00
2fb6e0e4-7275-4ea9-bb6d-4d865e342076,6448adfd-cdb2-40c6-8dd9-bd9cf5becf67,e0a9af6d-2c8d-4225-b8f8-51f793ff591a,0,0,0,0,0,0,0,0,2026-05-06 21:29:43.598301+00
28c2dd56-8b6f-405b-8e75-d655435c4372,6448adfd-cdb2-40c6-8dd9-bd9cf5becf67,e75be6bd-65b3-4760-ac78-634cc9b80f13,0,0,0,0,0,0,0,0,2026-05-06 21:29:43.598301+00
517e6357-77ed-4db7-9332-63ba0a2eff5a,6448adfd-cdb2-40c6-8dd9-bd9cf5becf67,df409d0e-1b7d-4e0e-a4ba-dc038b9a23fc,0,0,0,0,0,0,0,0,2026-05-06 21:29:43.598301+00
957f8f90-df63-4416-99d4-cd24b1b37b2a,6448adfd-cdb2-40c6-8dd9-bd9cf5becf67,26d2ca08-28dc-40c1-8f9a-801ad38485d3,0,0,0,0,0,0,0,0,2026-05-06 21:29:43.598301+00
65c7d59c-833d-4e40-9745-5f4ff5d3511b,6448adfd-cdb2-40c6-8dd9-bd9cf5becf67,ed5aa768-93cb-463a-a82a-fffcfe5bd17d,0,0,0,0,0,0,0,0,2026-05-06 21:29:43.598301+00
60780645-fb80-459f-8f47-590ee8850615,6448adfd-cdb2-40c6-8dd9-bd9cf5becf67,790246e1-3bc4-44b2-95ff-81afa4c397c8,0,0,0,0,0,0,0,0,2026-05-06 21:29:43.598301+00
c8d03ce5-bb5a-4d60-b80f-bc90a584b0fa,6448adfd-cdb2-40c6-8dd9-bd9cf5becf67,32c74b78-1b34-4866-abcb-d3ec3a48255b,0,0,0,0,0,0,0,0,2026-05-06 21:29:43.598301+00
09f3ba82-400d-4651-a317-2e859ce110aa,6448adfd-cdb2-40c6-8dd9-bd9cf5becf67,2b07658d-8068-4e47-a99a-e2721a4a5110,0,0,0,0,0,0,0,0,2026-05-06 21:29:43.598301+00
95dbb3bb-d7bd-4d29-86af-39fb49952f13,6448adfd-cdb2-40c6-8dd9-bd9cf5becf67,cf10cb2a-812a-4154-8e25-2394a6d7d3c8,0,0,0,0,0,0,0,0,2026-05-06 21:29:43.598301+00
ef2b6d46-c945-4c98-bb12-c850fcb444c0,6448adfd-cdb2-40c6-8dd9-bd9cf5becf67,95491486-352b-454b-8d0d-9f10e3a6a0c6,0,0,0,0,0,0,0,0,2026-05-06 21:29:43.598301+00
de3afbbe-d2ed-4df2-93de-21bd1bef3ead,6448adfd-cdb2-40c6-8dd9-bd9cf5becf67,a08b3390-c86a-4ea4-8ef1-e10d0b146d26,0,0,0,0,0,0,0,0,2026-05-06 21:29:43.598301+00
08289700-efe0-4e8f-961d-5bc4ce4c86a1,6448adfd-cdb2-40c6-8dd9-bd9cf5becf67,8af21f9c-9300-4aaa-9e3e-c27f330aabf1,0,0,0,0,0,0,0,0,2026-05-06 21:29:43.598301+00
81d32142-2bdb-450c-b2e1-250592601232,6448adfd-cdb2-40c6-8dd9-bd9cf5becf67,93695940-f794-4dc4-a5d1-06cbfee188a5,0,0,0,0,0,0,0,0,2026-05-06 21:29:43.598301+00
b9fc2399-8e02-416e-b749-58741b6d64a1,6448adfd-cdb2-40c6-8dd9-bd9cf5becf67,1df1a1fc-4ee1-48b2-bf5c-0ce1016ea378,0,0,0,0,0,0,0,0,2026-05-06 21:29:43.598301+00
db5258cf-36b9-4dc4-91f1-149e28e88d6b,779c8e7e-c517-4cb1-8e4f-5f6b0babe05c,14d78378-c393-4f9f-ab6d-ef2308443c90,0,0,0,0,0,0,0,0,2026-05-06 21:29:43.598301+00
65a475d3-b9f7-41c7-a14b-9e0cf9586a47,779c8e7e-c517-4cb1-8e4f-5f6b0babe05c,9b872edc-fc60-45b9-9b06-f7a91c18324c,0,0,0,0,0,0,0,0,2026-05-06 21:29:43.598301+00
5be6d3cc-5c0e-447b-94a1-23616ed1bd79,779c8e7e-c517-4cb1-8e4f-5f6b0babe05c,2b72d310-a068-47d0-96e9-ff4fde2db9df,0,0,0,0,0,0,0,0,2026-05-06 21:29:43.598301+00
164e7dfc-3d82-438e-89d3-8d0a8f2b37a1,779c8e7e-c517-4cb1-8e4f-5f6b0babe05c,67b0a163-332d-40b2-bc7f-5dc1af95ab9c,0,0,0,0,0,0,0,0,2026-05-06 21:29:43.598301+00
f4d489d0-5462-4cbc-aa70-5ee1fb33dfbc,779c8e7e-c517-4cb1-8e4f-5f6b0babe05c,e590de6f-f31b-4485-b116-7e1ee186cba1,0,0,0,0,0,0,0,0,2026-05-06 21:29:43.598301+00
3f8c2399-7572-4474-8d1b-8ed06e5bdc4e,779c8e7e-c517-4cb1-8e4f-5f6b0babe05c,3db91ab9-20f8-49fa-911f-3581a02fb229,0,0,0,0,0,0,0,0,2026-05-06 21:29:43.598301+00
13bbd083-a375-4d2b-8988-c1214f4aff56,779c8e7e-c517-4cb1-8e4f-5f6b0babe05c,1a136d27-79ab-451b-83cd-9581dc79ddd0,0,0,0,0,0,0,0,0,2026-05-06 21:29:43.598301+00
060dbec5-ed70-43a6-8c06-a33daee53af8,779c8e7e-c517-4cb1-8e4f-5f6b0babe05c,91cc56d2-0ed9-4f2b-a51b-1b56775679f8,0,0,0,0,0,0,0,0,2026-05-06 21:29:43.598301+00
2bdd983d-aff1-4bad-b654-d254ee90df0e,779c8e7e-c517-4cb1-8e4f-5f6b0babe05c,f73de328-6206-42b2-b35e-e39e8b3a3c20,0,0,0,0,0,0,0,0,2026-05-06 21:29:43.598301+00
83f90832-3f4c-4c72-af01-9b0975141d5a,779c8e7e-c517-4cb1-8e4f-5f6b0babe05c,87c1649a-b8e1-4fa6-bf72-5b70e485d45f,0,0,0,0,0,0,0,0,2026-05-06 21:29:43.598301+00
dfcddff9-1392-4e69-a5ef-a62a2a1cbee4,779c8e7e-c517-4cb1-8e4f-5f6b0babe05c,ae3bd47f-a54f-4cbe-8791-1efbf4395fee,0,0,0,0,0,0,0,0,2026-05-06 21:29:43.598301+00
968d3f00-2f33-46c6-a293-097eaa2a288c,779c8e7e-c517-4cb1-8e4f-5f6b0babe05c,11f29bcf-5ea1-4f44-a153-b391095704de,0,0,0,0,0,0,0,0,2026-05-06 21:29:43.598301+00
582f8585-7d73-4c45-b73c-2e5e1fb9ffc1,779c8e7e-c517-4cb1-8e4f-5f6b0babe05c,1e3fefed-bf88-47e6-83c0-5fd4a93036a0,0,0,0,0,0,0,0,0,2026-05-06 21:29:43.598301+00
a711bb62-f734-4f42-a0c1-c5e2d532f7b4,779c8e7e-c517-4cb1-8e4f-5f6b0babe05c,4b23cde2-2fd1-4c82-b584-8aadb583cc3c,0,0,0,0,0,0,0,0,2026-05-06 21:29:43.598301+00
99c996bf-d33a-4722-8c8a-e09d1556319e,779c8e7e-c517-4cb1-8e4f-5f6b0babe05c,a68857e4-97e8-47eb-9454-ef9acaa73fee,0,0,0,0,0,0,0,0,2026-05-06 21:29:43.598301+00
42215364-6870-4d30-bd39-17d745f49a94,779c8e7e-c517-4cb1-8e4f-5f6b0babe05c,cf87736e-b732-4264-b43f-b2246bed41b2,0,0,0,0,0,0,0,0,2026-05-06 21:29:43.598301+00
6ab8ee61-e746-412c-9110-cbee9065df6a,b4410fc6-e4a9-4b66-8d3e-ad889cb6135e,4140450b-b173-40d4-8c61-cfee72c30a88,0,0,0,0,0,0,0,0,2026-05-06 21:29:43.598301+00
1bb815d8-d2c0-402d-b2de-8135f40816db,b4410fc6-e4a9-4b66-8d3e-ad889cb6135e,377f9d12-dbfe-4a32-98f1-0fd77e180488,0,0,0,0,0,0,0,0,2026-05-06 21:29:43.598301+00
e021ead8-3cd8-4bad-926a-1a41a821c4a3,b4410fc6-e4a9-4b66-8d3e-ad889cb6135e,d2ed829b-2710-47b7-9832-36aa94ebec50,0,0,0,0,0,0,0,0,2026-05-06 21:29:43.598301+00
c942b3c4-98f5-4e01-8025-9063ba551768,b4410fc6-e4a9-4b66-8d3e-ad889cb6135e,c38b52c7-ba19-4603-9777-d98155b4f1ad,0,0,0,0,0,0,0,0,2026-05-06 21:29:43.598301+00
9477caa5-6e1f-43d8-9a43-49a2c55b1d03,b4410fc6-e4a9-4b66-8d3e-ad889cb6135e,192af14e-42dc-4a54-907d-7b104ae71c64,0,0,0,0,0,0,0,0,2026-05-06 21:29:43.598301+00
401ff54b-762c-4af3-abee-9b12a62659d8,b4410fc6-e4a9-4b66-8d3e-ad889cb6135e,a7cfcdef-0525-456b-9532-1d321c8ad88a,0,0,0,0,0,0,0,0,2026-05-06 21:29:43.598301+00
ae843e63-0865-4a9f-b6f6-ba72dacfac63,b4410fc6-e4a9-4b66-8d3e-ad889cb6135e,a3537687-3d70-4849-b145-9c22be01fb61,0,0,0,0,0,0,0,0,2026-05-06 21:29:43.598301+00
fa3723c0-c11f-4e46-a2c5-e28b1db465b4,b4410fc6-e4a9-4b66-8d3e-ad889cb6135e,7a067c12-9a53-449c-aacd-db60fb7695cb,0,0,0,0,0,0,0,0,2026-05-06 21:29:43.598301+00
e49a8980-91d1-4307-af62-64bf4f763621,b4410fc6-e4a9-4b66-8d3e-ad889cb6135e,e1a1e093-59c1-4fcb-a636-6d526d36f58a,0,0,0,0,0,0,0,0,2026-05-06 21:29:43.598301+00
308b14da-0802-4e92-89cf-36ba984313cb,b4410fc6-e4a9-4b66-8d3e-ad889cb6135e,d27284bd-0bb1-4bc3-830c-9acdb0f10736,0,0,0,0,0,0,0,0,2026-05-06 21:29:43.598301+00
3a42892e-5d50-4c6c-bff4-04f606d44a38,b4410fc6-e4a9-4b66-8d3e-ad889cb6135e,3c90972e-1d40-4a46-858a-13dc82c48939,0,0,0,0,0,0,0,0,2026-05-06 21:29:43.598301+00
c2a080a3-d598-41d6-9aac-15fee8e23260,b4410fc6-e4a9-4b66-8d3e-ad889cb6135e,0777482d-0199-464c-8526-c111d42a8a1f,0,0,0,0,0,0,0,0,2026-05-06 21:29:43.598301+00
ba6813b5-7b49-4e50-9739-9aeebde8081d,b4410fc6-e4a9-4b66-8d3e-ad889cb6135e,983b2380-0917-4426-9649-3a2a70f7644b,0,0,0,0,0,0,0,0,2026-05-06 21:29:43.598301+00
7f842bf2-df57-4448-9b44-9472443dc291,b4410fc6-e4a9-4b66-8d3e-ad889cb6135e,3973df1d-29fb-4211-84de-271f0e2e05cd,0,0,0,0,0,0,0,0,2026-05-06 21:29:43.598301+00
97614387-c567-4add-a6f0-503f5d8ff533,b4410fc6-e4a9-4b66-8d3e-ad889cb6135e,e46a9893-d475-46f8-b5f1-c180e006ab61,0,0,0,0,0,0,0,0,2026-05-06 21:29:43.598301+00
4f27d652-fd5a-4439-91e2-765d562091cd,b4410fc6-e4a9-4b66-8d3e-ad889cb6135e,794e5823-5052-49e6-8940-06eb3dc8a6b5,0,0,0,0,0,0,0,0,2026-05-06 21:29:43.598301+00
43da565a-d648-43a2-a72b-d47ee0d1ea4b,664260f9-6273-4eeb-8450-8e890176f5d9,ee2a1acf-b9fb-43e8-b392-08a29fce337b,0,0,0,0,0,0,0,0,2026-05-06 21:29:43.598301+00
a0daac92-f100-458f-9ae6-c42f7354ecf8,664260f9-6273-4eeb-8450-8e890176f5d9,2ae3822f-5d4f-4961-ad7b-8e9f35844981,0,0,0,0,0,0,0,0,2026-05-06 21:29:43.598301+00
807bcdb3-648b-45f7-b6a2-982f880ccf4b,664260f9-6273-4eeb-8450-8e890176f5d9,5f1fe659-6885-4064-9fd0-28a2423bf4e8,0,0,0,0,0,0,0,0,2026-05-06 21:29:43.598301+00
bd123b0a-8783-40db-97da-a763b2a73df9,664260f9-6273-4eeb-8450-8e890176f5d9,e0d6f0d6-0d8e-47ee-9000-5e089b465f37,0,0,0,0,0,0,0,0,2026-05-06 21:29:43.598301+00
b5285578-ddcc-4244-9d66-0bdf3c397800,664260f9-6273-4eeb-8450-8e890176f5d9,427da4b7-77f4-4318-96e4-2794d3deacc9,0,0,0,0,0,0,0,0,2026-05-06 21:29:43.598301+00
e71c15d6-63b1-44b5-addc-b211f62f3ae1,664260f9-6273-4eeb-8450-8e890176f5d9,8d31bb63-c3e6-408d-b903-d27ffacfa0fe,0,0,0,0,0,0,0,0,2026-05-06 21:29:43.598301+00
17f83bf3-ba62-4dba-9fdb-53dc4db2de14,664260f9-6273-4eeb-8450-8e890176f5d9,a3959704-34f0-45a2-aa32-7a85740e9c90,0,0,0,0,0,0,0,0,2026-05-06 21:29:43.598301+00
48d6e98d-7f6f-4161-8fbe-99ee3d9ccca3,664260f9-6273-4eeb-8450-8e890176f5d9,4ef2e89c-93d3-4272-a0d1-a134f394b6b0,0,0,0,0,0,0,0,0,2026-05-06 21:29:43.598301+00
70c3f6a0-8bfa-45ba-bcea-61aa39c8bbb1,664260f9-6273-4eeb-8450-8e890176f5d9,4a5cb8d6-75e5-48a1-9640-7adcba6789e2,0,0,0,0,0,0,0,0,2026-05-06 21:29:43.598301+00
18f603a0-688e-4a2a-a819-08ff3ad2447d,664260f9-6273-4eeb-8450-8e890176f5d9,8c8d9468-39df-458d-b6e7-7e44f78de8b2,0,0,0,0,0,0,0,0,2026-05-06 21:29:43.598301+00
e084235d-61c9-4613-baeb-d0f9161b5546,664260f9-6273-4eeb-8450-8e890176f5d9,8e9e9172-aaed-4a8a-9d36-b0d618b15375,0,0,0,0,0,0,0,0,2026-05-06 21:29:43.598301+00
89c46c9f-1d25-4f67-9235-9115b49056e1,664260f9-6273-4eeb-8450-8e890176f5d9,814b66f8-5cda-4a2b-8260-2d915afd03fd,0,0,0,0,0,0,0,0,2026-05-06 21:29:43.598301+00
43ad4d8a-4691-4be8-9ad9-09d724a71e85,664260f9-6273-4eeb-8450-8e890176f5d9,9783f18a-6b9b-48a6-8fdc-82b795125bb9,0,0,0,0,0,0,0,0,2026-05-06 21:29:43.598301+00
ff565645-9215-4bbb-811e-fea824f6e4ab,664260f9-6273-4eeb-8450-8e890176f5d9,d7feeab3-cf90-48b5-b1bf-c747bb70eef3,0,0,0,0,0,0,0,0,2026-05-06 21:29:43.598301+00
6ae2dd20-1d80-4aeb-a803-9d0007acfa78,664260f9-6273-4eeb-8450-8e890176f5d9,6f80e53c-89f0-4e1f-a88e-195ba735a71c,0,0,0,0,0,0,0,0,2026-05-06 21:29:43.598301+00
592307fd-9b16-460b-aeb2-b1c8fa840171,664260f9-6273-4eeb-8450-8e890176f5d9,64845d46-8f2b-4e9a-8566-d40b74fe68d6,0,0,0,0,0,0,0,0,2026-05-06 21:29:43.598301+00
42fe4957-e64e-443c-a6c0-b4c4ece76197,bf18c1c8-227d-42a4-a030-7cffa197272e,85da95b0-465f-4499-8068-d2e7a70e2376,0,0,0,0,0,0,0,0,2026-05-06 21:29:43.598301+00
64cd13eb-3c5e-4cee-82dc-2d606e9fdcbb,bf18c1c8-227d-42a4-a030-7cffa197272e,314b0f05-f719-460b-9efc-feea0882d5b9,0,0,0,0,0,0,0,0,2026-05-06 21:29:43.598301+00
b0147a42-70fc-4383-94ce-03031f335561,bf18c1c8-227d-42a4-a030-7cffa197272e,dacb2a48-b2ea-4e80-bc0b-bdfc67f44357,0,0,0,0,0,0,0,0,2026-05-06 21:29:43.598301+00
6a9ea95c-42fb-406a-8556-8fdeae94116c,bf18c1c8-227d-42a4-a030-7cffa197272e,9464775c-f46f-42ab-8947-9c3416b3dda4,0,0,0,0,0,0,0,0,2026-05-06 21:29:43.598301+00
49d00bb9-9e30-451d-b36a-02fcd2bf4e1f,bf18c1c8-227d-42a4-a030-7cffa197272e,ce2136f2-2baa-482d-a72e-67c5da60f83e,0,0,0,0,0,0,0,0,2026-05-06 21:29:43.598301+00
1fa8c2f8-ddf8-4fb7-a231-afd154b0cd0a,bf18c1c8-227d-42a4-a030-7cffa197272e,bc6e1567-08a1-4e9f-9bf9-24c9e17eb434,0,0,0,0,0,0,0,0,2026-05-06 21:29:43.598301+00
479069aa-c3a9-4224-907d-1a7b807e10c4,bf18c1c8-227d-42a4-a030-7cffa197272e,c3f6f359-ae94-40e5-99a0-931d6b3cea5b,0,0,0,0,0,0,0,0,2026-05-06 21:29:43.598301+00
500b4121-cfde-4b45-a5a5-c0d743db8714,bf18c1c8-227d-42a4-a030-7cffa197272e,1b60ff75-7beb-4b02-970e-2c4ffd91c47d,0,0,0,0,0,0,0,0,2026-05-06 21:29:43.598301+00
109f1f18-34cd-4684-9031-786dbd470d35,bf18c1c8-227d-42a4-a030-7cffa197272e,2cce12d6-9096-45d8-833d-876aa52391ba,0,0,0,0,0,0,0,0,2026-05-06 21:29:43.598301+00
103d9ae5-fda7-487c-98da-3497c38ae722,bf18c1c8-227d-42a4-a030-7cffa197272e,a540daaf-eb89-4fbd-a7ef-0a3137f89ed3,0,0,0,0,0,0,0,0,2026-05-06 21:29:43.598301+00
eea012df-e998-4a92-a119-12943d1ad089,bf18c1c8-227d-42a4-a030-7cffa197272e,5d774f6f-9d37-42de-98be-10f8bb41088b,0,0,0,0,0,0,0,0,2026-05-06 21:29:43.598301+00
643a3a44-c64c-44fd-8664-48279986cbdf,bf18c1c8-227d-42a4-a030-7cffa197272e,5fcd1115-3add-4aa1-a087-4caf6c2f896f,0,0,0,0,0,0,0,0,2026-05-06 21:29:43.598301+00
53ca9a34-cf03-4843-a23a-caf3e1129b64,bf18c1c8-227d-42a4-a030-7cffa197272e,3b068f7a-fda1-4ba6-93e9-5adfdfa3cc9d,0,0,0,0,0,0,0,0,2026-05-06 21:29:43.598301+00
d0550afc-e2d8-4de5-9ac5-1da80f51ad11,bf18c1c8-227d-42a4-a030-7cffa197272e,4714d1b2-2b27-4a84-8c7f-3bd35bb9f701,0,0,0,0,0,0,0,0,2026-05-06 21:29:43.598301+00
0563e067-9104-43e1-be35-2f888946f54e,bf18c1c8-227d-42a4-a030-7cffa197272e,5200afee-0903-4692-b34e-45b5034bbc9c,0,0,0,0,0,0,0,0,2026-05-06 21:29:43.598301+00
a8705eea-98df-4644-b528-5ae8fa8ec3fa,bf18c1c8-227d-42a4-a030-7cffa197272e,d0a4cb5a-1232-4364-994e-155ac9dce392,0,0,0,0,0,0,0,0,2026-05-06 21:29:43.598301+00
be782a19-4d84-45a1-b081-1d3bf2076794,d2e5e875-06f2-4a8e-8c6a-4cdda88c1708,cf8cb737-faaf-4314-8f01-c54b5af73b84,0,0,0,0,0,0,0,0,2026-05-06 21:29:43.598301+00
f45af090-7ad9-4b27-b82c-3ba4b59d85af,d2e5e875-06f2-4a8e-8c6a-4cdda88c1708,cea45a9a-b9b1-41fe-9421-581eff108e1a,0,0,0,0,0,0,0,0,2026-05-06 21:29:43.598301+00
6a106a57-b527-4b21-a478-7833446c2f13,d2e5e875-06f2-4a8e-8c6a-4cdda88c1708,bb6d3f06-0d5c-4e2c-b2f3-c230c27d52c6,0,0,0,0,0,0,0,0,2026-05-06 21:29:43.598301+00
d4eeb71b-cc15-442c-bbcd-e01a4f173400,d2e5e875-06f2-4a8e-8c6a-4cdda88c1708,cb42bb16-1669-4569-997b-75671fe37baa,0,0,0,0,0,0,0,0,2026-05-06 21:29:43.598301+00
fe358153-1110-4e56-83a4-cacc7deb97c9,d2e5e875-06f2-4a8e-8c6a-4cdda88c1708,c1288736-a525-42d0-b023-4427297c824e,0,0,0,0,0,0,0,0,2026-05-06 21:29:43.598301+00
9575eacf-6349-4752-b060-fbd5b7b125e9,d2e5e875-06f2-4a8e-8c6a-4cdda88c1708,1a75af4c-6a64-4347-8945-3a52c537f88d,0,0,0,0,0,0,0,0,2026-05-06 21:29:43.598301+00
d638775e-f775-4db6-9de8-cb6dfe827285,d2e5e875-06f2-4a8e-8c6a-4cdda88c1708,b1fe4aa1-c8d8-4719-bea6-6c5c4461bc11,0,0,0,0,0,0,0,0,2026-05-06 21:29:43.598301+00
43e1d22e-6e09-4c5d-94fa-a493178b8eec,d2e5e875-06f2-4a8e-8c6a-4cdda88c1708,ad4dfb3f-4c4a-4e56-9312-f5e45b06d65c,0,0,0,0,0,0,0,0,2026-05-06 21:29:43.598301+00
63cbef47-9bbf-45dd-8ba7-3dcf4e2e9c77,d2e5e875-06f2-4a8e-8c6a-4cdda88c1708,b62c20ac-ef11-45d0-8776-c21fbcc2ef24,0,0,0,0,0,0,0,0,2026-05-06 21:29:43.598301+00
8dc21c6c-42ee-43ba-a632-a78ca2f3aa2d,d2e5e875-06f2-4a8e-8c6a-4cdda88c1708,ca3d2807-e227-4101-b57c-94f9ec5fe67c,0,0,0,0,0,0,0,0,2026-05-06 21:29:43.598301+00
67c81cad-92bc-4544-8a2f-74ba3e651da0,d2e5e875-06f2-4a8e-8c6a-4cdda88c1708,7443d53b-6302-40ff-be44-3b4a265585d7,0,0,0,0,0,0,0,0,2026-05-06 21:29:43.598301+00
b498f78c-07d0-472c-8179-e96d904e06a6,d2e5e875-06f2-4a8e-8c6a-4cdda88c1708,205c44c7-b6d9-4362-b932-12ea4c53f06c,0,0,0,0,0,0,0,0,2026-05-06 21:29:43.598301+00
76ea4913-c259-40e9-aef6-f032627ea77e,d2e5e875-06f2-4a8e-8c6a-4cdda88c1708,93394e8d-8279-4811-8dbe-2721830bfa6c,0,0,0,0,0,0,0,0,2026-05-06 21:29:43.598301+00
10daf832-4887-4ef8-9535-d63aa5b8c8cf,d2e5e875-06f2-4a8e-8c6a-4cdda88c1708,2b4c633b-1480-47d7-a14b-30af7e536f09,0,0,0,0,0,0,0,0,2026-05-06 21:29:43.598301+00
d30e76af-a42f-403e-aad3-4cf3e799fec7,d2e5e875-06f2-4a8e-8c6a-4cdda88c1708,0380aa8f-6468-4306-a983-a1697aeae776,0,0,0,0,0,0,0,0,2026-05-06 21:29:43.598301+00
07ff6f6b-7218-4160-8290-cde3b134d5ee,d2e5e875-06f2-4a8e-8c6a-4cdda88c1708,8e241a3a-f5df-4b03-aaa0-b54fb4536ad9,0,0,0,0,0,0,0,0,2026-05-06 21:29:43.598301+00
17a88151-c34e-44bf-a428-ab4785bbb2a5,db45bba2-6b11-4d4b-8f45-49a894737bed,5b459d7d-1dec-4f6e-b185-6bd61acf2700,0,0,0,0,0,0,0,0,2026-05-06 21:29:43.598301+00
8305080a-9945-4afc-8635-990fb91b6056,db45bba2-6b11-4d4b-8f45-49a894737bed,3fddd993-6a51-4544-b4f5-e23485fc3f56,0,0,0,0,0,0,0,0,2026-05-06 21:29:43.598301+00
0695f2b2-6655-4e4c-9524-de38db33bade,db45bba2-6b11-4d4b-8f45-49a894737bed,a0181871-b083-41ca-bbe6-7b903c95eede,0,0,0,0,0,0,0,0,2026-05-06 21:29:43.598301+00
713ce6bf-778a-4cfa-aa45-48384bf2aa42,db45bba2-6b11-4d4b-8f45-49a894737bed,e87246fc-4135-4b0d-955a-f056d43e1112,0,0,0,0,0,0,0,0,2026-05-06 21:29:43.598301+00
594a0a4c-40f2-4f8d-a67d-17ccbe7d31a7,db45bba2-6b11-4d4b-8f45-49a894737bed,fadf7784-7500-4fab-8f59-ed3fd97238e7,0,0,0,0,0,0,0,0,2026-05-06 21:29:43.598301+00
f364416f-f157-47ed-9676-81070aa2c6d5,db45bba2-6b11-4d4b-8f45-49a894737bed,384197da-070b-4e39-ae4f-c4fe16a76a4a,0,0,0,0,0,0,0,0,2026-05-06 21:29:43.598301+00
72165efa-26bf-4c90-9310-ec21e98ed742,db45bba2-6b11-4d4b-8f45-49a894737bed,9bfa1e31-cb21-436d-b676-c1dab41b6e4b,0,0,0,0,0,0,0,0,2026-05-06 21:29:43.598301+00
dfd80707-90a1-44aa-b347-17de1fab407e,db45bba2-6b11-4d4b-8f45-49a894737bed,9a99cec1-1bd4-4a73-84ff-ce7ceb72e30c,0,0,0,0,0,0,0,0,2026-05-06 21:29:43.598301+00
8990cdce-7804-4988-8427-57a4e77c650a,db45bba2-6b11-4d4b-8f45-49a894737bed,cd9291ca-f7c5-4153-b2b7-9be995f40eab,0,0,0,0,0,0,0,0,2026-05-06 21:29:43.598301+00
e283775b-eb8d-4ae4-8566-889056985349,db45bba2-6b11-4d4b-8f45-49a894737bed,c46e2cd8-5e79-4595-b7d3-19d9e74cf795,0,0,0,0,0,0,0,0,2026-05-06 21:29:43.598301+00
f4394c9c-7ff2-4a5c-9456-d177a1388333,db45bba2-6b11-4d4b-8f45-49a894737bed,fa08e8f6-f31b-486b-ac23-c432359aac07,0,0,0,0,0,0,0,0,2026-05-06 21:29:43.598301+00
b4511676-76a1-4be0-84c4-71a3418c5e8a,db45bba2-6b11-4d4b-8f45-49a894737bed,153fe2a9-110f-4d1f-8b15-20ecd5cb4a52,0,0,0,0,0,0,0,0,2026-05-06 21:29:43.598301+00
dc9ff1b8-ea6a-4293-a49a-5822045267f0,db45bba2-6b11-4d4b-8f45-49a894737bed,c6d6cee8-0d28-4756-b9d9-891b81c9d433,0,0,0,0,0,0,0,0,2026-05-06 21:29:43.598301+00
8beab2a3-1eba-4366-89e8-7a3fa2d6d93a,db45bba2-6b11-4d4b-8f45-49a894737bed,d79ec388-90ac-409a-964b-4a46f31dc537,0,0,0,0,0,0,0,0,2026-05-06 21:29:43.598301+00
19394a4e-a820-43d5-9d02-b3c1cb89f457,db45bba2-6b11-4d4b-8f45-49a894737bed,ae326ceb-36a1-4e9b-9be2-11cff8127141,0,0,0,0,0,0,0,0,2026-05-06 21:29:43.598301+00
771f9530-93ca-4554-b825-23215b294991,db45bba2-6b11-4d4b-8f45-49a894737bed,adb652b8-16ba-4c05-b12c-8ae9097c8ed2,0,0,0,0,0,0,0,0,2026-05-06 21:29:43.598301+00
86b143ec-70c1-4f1d-9823-5b3a404fdf74,f765490b-cf1f-4444-94c7-7ebdc5d869d5,c27de437-ba96-48b3-a8b6-2d82707089c3,0,0,0,0,0,0,0,0,2026-05-06 21:29:43.598301+00
892bfd94-3104-4ec7-ace2-a83ac9503e20,f765490b-cf1f-4444-94c7-7ebdc5d869d5,86161006-58c3-4bab-8dda-064e0ce32f08,0,0,0,0,0,0,0,0,2026-05-06 21:29:43.598301+00
6d786e4f-95f7-41ad-bf4e-46eba02d5994,f765490b-cf1f-4444-94c7-7ebdc5d869d5,9aab2e3a-1ff1-4c29-b213-f6de6476ba7a,0,0,0,0,0,0,0,0,2026-05-06 21:29:43.598301+00
261e2a21-5250-4448-8415-ffd44a43cf8f,f765490b-cf1f-4444-94c7-7ebdc5d869d5,6c54fdf8-b584-4bc4-b1d7-057ce360d9d0,0,0,0,0,0,0,0,0,2026-05-06 21:29:43.598301+00
cbc4b246-5b66-4822-b03d-d3f793d77d5c,f765490b-cf1f-4444-94c7-7ebdc5d869d5,562e3e77-d5c5-4d6f-9a04-5031478ce22b,0,0,0,0,0,0,0,0,2026-05-06 21:29:43.598301+00
fbe3cfc9-eba5-469e-a67a-284202b89589,f765490b-cf1f-4444-94c7-7ebdc5d869d5,243c3915-672c-490d-b962-f569e4df6d1b,0,0,0,0,0,0,0,0,2026-05-06 21:29:43.598301+00
7eb64387-24f7-46ca-bd5b-1bc6d3170b3f,f765490b-cf1f-4444-94c7-7ebdc5d869d5,b30354a3-6c58-474b-9aa4-7e8289c6e157,0,0,0,0,0,0,0,0,2026-05-06 21:29:43.598301+00
b9b0aa6f-258c-4ce5-b303-00c47aca94e3,f765490b-cf1f-4444-94c7-7ebdc5d869d5,23d7c994-7aee-43b7-a029-7f56131b80e4,0,0,0,0,0,0,0,0,2026-05-06 21:29:43.598301+00
9a4845b0-3b55-4ddc-b3e7-f272fecf77f6,f765490b-cf1f-4444-94c7-7ebdc5d869d5,358875fa-09ff-4f3b-b779-37a0a3979f2f,0,0,0,0,0,0,0,0,2026-05-06 21:29:43.598301+00
205dadad-aa41-4dfb-a909-3ee82e11950f,f765490b-cf1f-4444-94c7-7ebdc5d869d5,e961beed-3bb4-422e-91db-212bcf274e1b,0,0,0,0,0,0,0,0,2026-05-06 21:29:43.598301+00
571db98c-75a1-4ee2-94f7-d4e9385bf270,f765490b-cf1f-4444-94c7-7ebdc5d869d5,21bdeda0-2c3d-418e-980e-5524aabf9b40,0,0,0,0,0,0,0,0,2026-05-06 21:29:43.598301+00
e243c3a4-0beb-4c06-aaf1-af9f734bf6e7,f765490b-cf1f-4444-94c7-7ebdc5d869d5,11ea9334-3cc0-4745-9ad9-e2afadfe3d7d,0,0,0,0,0,0,0,0,2026-05-06 21:29:43.598301+00
e8dabebd-2100-4aca-aaa7-4d003ac54143,f765490b-cf1f-4444-94c7-7ebdc5d869d5,0066c625-d3c5-45f7-912b-6882398e47b9,0,0,0,0,0,0,0,0,2026-05-06 21:29:43.598301+00
bc954c5b-f5b5-442b-b032-c7c5e7e5dc09,f765490b-cf1f-4444-94c7-7ebdc5d869d5,993029a9-df1e-422a-87e8-7bfd6406232f,0,0,0,0,0,0,0,0,2026-05-06 21:29:43.598301+00
7e3fc79b-44d0-4784-a6ef-7ae3910351c5,f765490b-cf1f-4444-94c7-7ebdc5d869d5,36321dc7-cbd0-4662-a5a7-1d7c0a8721f3,0,0,0,0,0,0,0,0,2026-05-06 21:29:43.598301+00
2dfbd4e1-ed92-4376-b286-c067a136123a,f765490b-cf1f-4444-94c7-7ebdc5d869d5,758c66ac-63d7-4a32-9174-75f93d45eb5d,0,0,0,0,0,0,0,0,2026-05-06 21:29:43.598301+00
4b8243ca-03b7-413f-be94-f2752185a205,8feb5c9f-d6b1-436b-91b5-718655c9e652,b547dde5-33af-4404-acc9-3691ec29e674,0,0,0,0,0,0,0,0,2026-05-06 21:29:43.598301+00
6f1732b6-1ede-4d2d-b55b-1c80d70de66f,8feb5c9f-d6b1-436b-91b5-718655c9e652,b57a9fc0-fae4-4ddf-be2d-bb0f68c9747b,0,0,0,0,0,0,0,0,2026-05-06 21:29:43.598301+00
f4225326-3c58-4657-b07a-781069384279,8feb5c9f-d6b1-436b-91b5-718655c9e652,fc3766b1-bec6-43ba-806d-a4be5b58bb9f,0,0,0,0,0,0,0,0,2026-05-06 21:29:43.598301+00
d6c0aa6a-41cf-47f0-a5af-1bce0f36c603,8feb5c9f-d6b1-436b-91b5-718655c9e652,91e03af3-bc5c-414e-b326-72eb607e8f4f,0,0,0,0,0,0,0,0,2026-05-06 21:29:43.598301+00
8c8eb5ea-4e88-42d2-903d-39282e66577c,8feb5c9f-d6b1-436b-91b5-718655c9e652,c3e733aa-03c5-4a8d-9218-b7867040e39e,0,0,0,0,0,0,0,0,2026-05-06 21:29:43.598301+00
217b59cf-5b65-48df-87c5-ef58a8b1bc5e,8feb5c9f-d6b1-436b-91b5-718655c9e652,03215547-b9e4-499c-bbb1-50bc10d8f960,0,0,0,0,0,0,0,0,2026-05-06 21:29:43.598301+00
c58b1113-dc14-4968-9945-a5bea69ef657,8feb5c9f-d6b1-436b-91b5-718655c9e652,9ad3ffdf-abc6-4cc1-9d9f-9348cf107842,0,0,0,0,0,0,0,0,2026-05-06 21:29:43.598301+00
6fe260c6-0a71-4f22-8fbf-6a07dfad77ba,8feb5c9f-d6b1-436b-91b5-718655c9e652,ce5551d0-ed68-4a6c-80c9-bdb7db4dbbe6,0,0,0,0,0,0,0,0,2026-05-06 21:29:43.598301+00
676460b7-bc36-4e19-b125-c96b696f235f,8feb5c9f-d6b1-436b-91b5-718655c9e652,371be518-c20a-418b-bd6f-568fa0e63a64,0,0,0,0,0,0,0,0,2026-05-06 21:29:43.598301+00
cf4e49d6-e559-46e0-8fc1-301adcede9a2,8feb5c9f-d6b1-436b-91b5-718655c9e652,5a849428-73d8-4141-a93c-918e37cea405,0,0,0,0,0,0,0,0,2026-05-06 21:29:43.598301+00
8f5b3dfb-0ca9-464d-b781-f82b9de336fc,8feb5c9f-d6b1-436b-91b5-718655c9e652,3e1ff36c-1b46-4f8e-bdc9-b878332c29a5,0,0,0,0,0,0,0,0,2026-05-06 21:29:43.598301+00
b242e6a0-8c70-49a2-bacb-ba2ee6eb6102,8feb5c9f-d6b1-436b-91b5-718655c9e652,b2d2b6e6-8f88-4bfe-b9ac-a0a41dddedb0,0,0,0,0,0,0,0,0,2026-05-06 21:29:43.598301+00
b5a5c572-78fd-4886-9683-6d5d13fb35d7,8feb5c9f-d6b1-436b-91b5-718655c9e652,f4d2af04-fd65-4605-a2dc-0716700bb398,0,0,0,0,0,0,0,0,2026-05-06 21:29:43.598301+00
afc5dc54-dde4-4199-9b35-7a0999f7152f,8feb5c9f-d6b1-436b-91b5-718655c9e652,409e4460-4589-42f0-8954-67e20a93fa0e,0,0,0,0,0,0,0,0,2026-05-06 21:29:43.598301+00
63f7650f-ed8f-40b8-938a-515150bfcdec,8feb5c9f-d6b1-436b-91b5-718655c9e652,9cfb60b9-aea2-4099-afb7-9e937d805622,0,0,0,0,0,0,0,0,2026-05-06 21:29:43.598301+00
6d81889b-a8e0-4051-9969-2266ba1da961,8feb5c9f-d6b1-436b-91b5-718655c9e652,93be2a06-8be5-4b1a-9152-83119edcad92,0,0,0,0,0,0,0,0,2026-05-06 21:29:43.598301+00
4b763ee1-2b4a-4b37-a6ca-ead994badf69,53438958-fd6d-49d9-b579-384138b86216,440dab90-de98-4ca1-8cb7-4944fdbd4743,0,0,0,0,0,0,0,0,2026-05-06 21:29:43.598301+00
21756465-f2d8-4f95-9a6f-42f49e467db1,53438958-fd6d-49d9-b579-384138b86216,23ef64e3-109b-415b-add0-8cc2dd0d7a89,0,0,0,0,0,0,0,0,2026-05-06 21:29:43.598301+00
7dbcabd3-2bab-46da-9911-20ad7d50324a,53438958-fd6d-49d9-b579-384138b86216,29c9c0a4-6198-4d3b-a54f-08b27ccab9d9,0,0,0,0,0,0,0,0,2026-05-06 21:29:43.598301+00
f1b7bc86-ab8c-443d-9eba-9b500b14b893,53438958-fd6d-49d9-b579-384138b86216,9b7956b2-9594-40bc-9622-46d28b3861ef,0,0,0,0,0,0,0,0,2026-05-06 21:29:43.598301+00
846b1cc5-bd15-43a0-9cae-a125dd89061b,53438958-fd6d-49d9-b579-384138b86216,b74929e2-c84d-46c5-897d-f68d16195036,0,0,0,0,0,0,0,0,2026-05-06 21:29:43.598301+00
496258ab-08af-405b-9b8e-a3cde354a09d,53438958-fd6d-49d9-b579-384138b86216,10bc34dd-2b32-40e7-93b1-624dcc20c373,0,0,0,0,0,0,0,0,2026-05-06 21:29:43.598301+00
34b00af3-2198-4520-9495-a4d65bc13bc3,53438958-fd6d-49d9-b579-384138b86216,2c22c903-a6a2-470a-96ca-724100592b87,0,0,0,0,0,0,0,0,2026-05-06 21:29:43.598301+00
605bc59b-8da4-4376-9ae2-22118ad09e92,53438958-fd6d-49d9-b579-384138b86216,e7105fdf-9afa-4153-99ec-1da6dc496446,0,0,0,0,0,0,0,0,2026-05-06 21:29:43.598301+00
e2ffc06f-9a79-4d27-8206-619f5170cc73,53438958-fd6d-49d9-b579-384138b86216,288791de-0e0c-4666-84f1-357eb0700d5b,0,0,0,0,0,0,0,0,2026-05-06 21:29:43.598301+00
d2c28172-556f-4f1f-8783-dd9aef75e1d9,53438958-fd6d-49d9-b579-384138b86216,b2b945f0-ad42-43f5-aeb2-e50302e152a1,0,0,0,0,0,0,0,0,2026-05-06 21:29:43.598301+00
9120f496-7d64-4cc2-bd31-8d241cfcd49e,53438958-fd6d-49d9-b579-384138b86216,65aa33b1-cf6f-4947-9eb2-ca847832b55c,0,0,0,0,0,0,0,0,2026-05-06 21:29:43.598301+00
c88d0286-2831-4aad-aab5-ad73263ff15e,53438958-fd6d-49d9-b579-384138b86216,ec68a940-b3a5-4443-9bd2-b1b870a6f3f5,0,0,0,0,0,0,0,0,2026-05-06 21:29:43.598301+00
cf75b9dd-e405-485a-9f7c-391b34fd2d8c,53438958-fd6d-49d9-b579-384138b86216,18c3a1c4-a740-430b-acea-17e08ac605c5,0,0,0,0,0,0,0,0,2026-05-06 21:29:43.598301+00
272e84d4-0fea-4d38-9966-6c93c62e5a03,53438958-fd6d-49d9-b579-384138b86216,0e96e6fd-cdef-44fb-a717-4bab2276d61b,0,0,0,0,0,0,0,0,2026-05-06 21:29:43.598301+00
0b83b7b8-0498-4048-b41a-c8c382984327,53438958-fd6d-49d9-b579-384138b86216,8b19fe73-e91a-4b58-8c47-383ef34c1692,0,0,0,0,0,0,0,0,2026-05-06 21:29:43.598301+00
20d4671d-d55f-49bc-b969-8c919a31171b,53438958-fd6d-49d9-b579-384138b86216,713a9321-f9c2-4bf6-95c4-6bd229f7442d,0,0,0,0,0,0,0,0,2026-05-06 21:29:43.598301+00
d004dfcb-8bf3-4ef2-a52b-d9d4b70a129f,14af6932-9941-440e-a812-928673e43d0c,66f8b721-8063-4915-9d95-d04e1db2309c,0,0,0,0,0,0,0,0,2026-05-06 21:29:43.598301+00
c4ef96bf-709d-4b0a-892e-ae79b60101e0,14af6932-9941-440e-a812-928673e43d0c,1e5b8db0-cfc1-40b6-8ebc-d264eabc2d11,0,0,0,0,0,0,0,0,2026-05-06 21:29:43.598301+00
f7df6f55-723d-4631-a655-fc7f934bb613,14af6932-9941-440e-a812-928673e43d0c,638728e6-44c1-49a6-98fd-266fecd9335b,0,0,0,0,0,0,0,0,2026-05-06 21:29:43.598301+00
09e495cd-74ff-46b0-9d97-3a3eb4ba0791,14af6932-9941-440e-a812-928673e43d0c,bcb284d7-96cc-4ce8-92d6-7fbbed64db3d,0,0,0,0,0,0,0,0,2026-05-06 21:29:43.598301+00
0012661c-2e22-4cde-b377-f5b7771018ef,14af6932-9941-440e-a812-928673e43d0c,dda52a2e-26d9-455d-abcb-142cbb3bdd34,0,0,0,0,0,0,0,0,2026-05-06 21:29:43.598301+00
d0b68ae1-5ccd-439f-acd7-4056c4883a6a,14af6932-9941-440e-a812-928673e43d0c,16031c62-5ea9-41d7-bf0a-5f9f765fc417,0,0,0,0,0,0,0,0,2026-05-06 21:29:43.598301+00
ad1f2ee2-9ed9-470c-85e4-74f31401c1af,14af6932-9941-440e-a812-928673e43d0c,134b7231-bc5b-4c07-afff-8c7208614ae6,0,0,0,0,0,0,0,0,2026-05-06 21:29:43.598301+00
6777e002-af04-4dab-89ef-d0fffb733fe7,14af6932-9941-440e-a812-928673e43d0c,cdc8b1aa-81a9-4898-83b6-06bdd6f69acd,0,0,0,0,0,0,0,0,2026-05-06 21:29:43.598301+00
6c7cbee9-d4f0-4ee6-a256-d26dff0fab79,14af6932-9941-440e-a812-928673e43d0c,df4198cb-654a-4dda-91fe-4ccdd4c8eb8e,0,0,0,0,0,0,0,0,2026-05-06 21:29:43.598301+00
ef4db1f8-3619-45c7-8e2a-be93d7bcd761,14af6932-9941-440e-a812-928673e43d0c,f1a10d9f-0833-4017-a547-2c7a48542db7,0,0,0,0,0,0,0,0,2026-05-06 21:29:43.598301+00
51da376c-7464-4ba8-9070-ccb1d0e4046e,14af6932-9941-440e-a812-928673e43d0c,f6c6b296-e387-49a4-b74b-b4e536f958fc,0,0,0,0,0,0,0,0,2026-05-06 21:29:43.598301+00
a0fff54c-44eb-45ad-8931-7bf44ef0beca,14af6932-9941-440e-a812-928673e43d0c,1cd657b5-e33c-4bee-a602-b91ac1e2713f,0,0,0,0,0,0,0,0,2026-05-06 21:29:43.598301+00
9b4364dc-f11a-4643-a83d-ba9ff140088b,14af6932-9941-440e-a812-928673e43d0c,22083ba7-301a-4b51-80a2-be1c03310e44,0,0,0,0,0,0,0,0,2026-05-06 21:29:43.598301+00
507af522-1e72-4b76-a5ac-4c473c6c20d9,14af6932-9941-440e-a812-928673e43d0c,5c8a3491-c7c4-4cb2-891c-f6e9c1a32d2e,0,0,0,0,0,0,0,0,2026-05-06 21:29:43.598301+00
e5f05317-0ea1-4c0b-bdaf-cbf93a601ebb,14af6932-9941-440e-a812-928673e43d0c,da76c259-aa28-4489-91ec-e14961d14943,0,0,0,0,0,0,0,0,2026-05-06 21:29:43.598301+00
e57d51a5-cfad-4360-9193-709c0a176ccb,14af6932-9941-440e-a812-928673e43d0c,17bae5c0-8cd6-452d-926c-c0f260277508,0,0,0,0,0,0,0,0,2026-05-06 21:29:43.598301+00
f7a85be3-85f3-42b6-aebe-885727b8ebe1,954f33ea-13c6-4f2a-9843-8bef6247fd16,d6f301ca-ac16-4488-81b9-febfd921d24e,0,0,0,0,0,0,0,0,2026-05-06 21:29:43.598301+00
52c52a79-a285-4aad-99bb-e3fdebc88fb9,954f33ea-13c6-4f2a-9843-8bef6247fd16,3cd6d6f2-afe0-4283-8002-f2f64a9f5f32,0,0,0,0,0,0,0,0,2026-05-06 21:29:43.598301+00
19d68747-bfb2-4182-b425-85fbdf01c6b3,954f33ea-13c6-4f2a-9843-8bef6247fd16,c898eb69-13a5-4649-9044-c1985864f983,0,0,0,0,0,0,0,0,2026-05-06 21:29:43.598301+00
9c49282a-4116-49a5-9366-1b05b09c219e,954f33ea-13c6-4f2a-9843-8bef6247fd16,fdff20a0-1195-47ff-b884-79fc03820f32,0,0,0,0,0,0,0,0,2026-05-06 21:29:43.598301+00
b8773db8-f1a7-4dbc-8867-2837f79c4269,954f33ea-13c6-4f2a-9843-8bef6247fd16,9e9877d2-92ac-44f6-b74b-bf0750da1f10,0,0,0,0,0,0,0,0,2026-05-06 21:29:43.598301+00
d37f2914-a38a-4556-8ccc-c1bf7f5de64b,954f33ea-13c6-4f2a-9843-8bef6247fd16,43b8731d-bb0b-4bab-abc0-e8ac5e92a60b,0,0,0,0,0,0,0,0,2026-05-06 21:29:43.598301+00
a0a6fbe5-651f-4234-9658-5a7f02019672,954f33ea-13c6-4f2a-9843-8bef6247fd16,a4cedbc3-155c-465f-89db-7d5facea4831,0,0,0,0,0,0,0,0,2026-05-06 21:29:43.598301+00
6cdeda2b-26ff-4a72-a31d-565f4627e793,954f33ea-13c6-4f2a-9843-8bef6247fd16,edff1d30-de66-4ea5-82f7-d5412f8a83d4,0,0,0,0,0,0,0,0,2026-05-06 21:29:43.598301+00
29b55399-34a6-4725-8ac8-385e347b1cbe,954f33ea-13c6-4f2a-9843-8bef6247fd16,65c7738f-7a27-4527-ab53-946c7d868d0c,0,0,0,0,0,0,0,0,2026-05-06 21:29:43.598301+00
f06357ba-9ef2-4f46-be81-920d41c6069d,954f33ea-13c6-4f2a-9843-8bef6247fd16,50c210d8-909d-4311-819d-af3bd713dcdc,0,0,0,0,0,0,0,0,2026-05-06 21:29:43.598301+00
ca10a1ba-b955-4b09-950b-588b0922ef31,954f33ea-13c6-4f2a-9843-8bef6247fd16,0d161e58-34c3-4aa2-b408-e0a9d4df5078,0,0,0,0,0,0,0,0,2026-05-06 21:29:43.598301+00
8a62f74d-fb92-4b04-9933-e9bcafbaf5e5,954f33ea-13c6-4f2a-9843-8bef6247fd16,99445f7f-a395-4c8f-8935-58335692a3ee,0,0,0,0,0,0,0,0,2026-05-06 21:29:43.598301+00
7e11f79d-0f2a-497a-9960-aed64fe7ded9,954f33ea-13c6-4f2a-9843-8bef6247fd16,6ce4b24a-85a2-416a-a50c-385f9120d594,0,0,0,0,0,0,0,0,2026-05-06 21:29:43.598301+00
5851ee96-a6f7-4338-a4ee-9f9e6320c910,954f33ea-13c6-4f2a-9843-8bef6247fd16,37946d2e-6084-447c-8c74-22b7865512d5,0,0,0,0,0,0,0,0,2026-05-06 21:29:43.598301+00
4fe0198a-a0b5-4b44-8c53-b11ffb18e3c8,954f33ea-13c6-4f2a-9843-8bef6247fd16,33e43786-5b34-419c-96d0-01d87b83a5ea,0,0,0,0,0,0,0,0,2026-05-06 21:29:43.598301+00
0dcedd3c-93c3-44bd-9f08-a4042b3a6e9b,954f33ea-13c6-4f2a-9843-8bef6247fd16,744deaf2-1778-47d8-b481-04be302a407e,0,0,0,0,0,0,0,0,2026-05-06 21:29:43.598301+00
805bc48f-41f7-451c-9fd4-11538d3d8b84,b1f61572-1a1a-4ba6-903f-2594b5f7818b,f1ddbdb2-f9c1-41f5-8b1d-7b9d45a05ddd,0,0,0,0,0,0,0,0,2026-05-06 21:29:43.598301+00
8b3c2ba2-1d4d-44bc-9e48-8cb9aaf0e50c,b1f61572-1a1a-4ba6-903f-2594b5f7818b,68240433-ee54-4ba3-a0cc-744df80b02e4,0,0,0,0,0,0,0,0,2026-05-06 21:29:43.598301+00
97c1c053-afa5-4109-a899-779baf189ea3,b1f61572-1a1a-4ba6-903f-2594b5f7818b,e233a64c-9150-48a9-835f-7e23d9e30223,0,0,0,0,0,0,0,0,2026-05-06 21:29:43.598301+00
752850c0-7089-419b-92e3-d9bb41307b67,b1f61572-1a1a-4ba6-903f-2594b5f7818b,048cbd6d-d774-40bb-b4c0-aba4815a5a9b,0,0,0,0,0,0,0,0,2026-05-06 21:29:43.598301+00
5f363a50-9b73-4f34-8a1d-3af0631e85b5,b1f61572-1a1a-4ba6-903f-2594b5f7818b,8550914c-853e-42c6-8408-8420659f04bd,0,0,0,0,0,0,0,0,2026-05-06 21:29:43.598301+00
12c98752-211f-4487-b066-5663c16b3c76,b1f61572-1a1a-4ba6-903f-2594b5f7818b,6c93b3dd-714c-4bf9-9113-bc6cfda99837,0,0,0,0,0,0,0,0,2026-05-06 21:29:43.598301+00
d84b59f7-2df0-4767-a578-adcd8d5c43e2,b1f61572-1a1a-4ba6-903f-2594b5f7818b,05bad22c-6ff6-4e0f-a509-45a92f5ea1a9,0,0,0,0,0,0,0,0,2026-05-06 21:29:43.598301+00
39ca8cc4-11db-4e6c-b4f7-365b69ce12c7,b1f61572-1a1a-4ba6-903f-2594b5f7818b,504c5893-0172-4309-9be9-20f6dff6a2c8,0,0,0,0,0,0,0,0,2026-05-06 21:29:43.598301+00
79120b62-8903-434e-b6d5-87af5eb1d995,b1f61572-1a1a-4ba6-903f-2594b5f7818b,d417cbbb-0c42-4f5a-8caa-42cbb4804741,0,0,0,0,0,0,0,0,2026-05-06 21:29:43.598301+00
4ed8272e-cefd-4bb4-92f3-47fd045688fd,b1f61572-1a1a-4ba6-903f-2594b5f7818b,ac1b1ce8-59bf-44b2-b4d4-d4613ea2968d,0,0,0,0,0,0,0,0,2026-05-06 21:29:43.598301+00
ee44a5f9-7db7-4de0-834e-81c24cf25b28,b1f61572-1a1a-4ba6-903f-2594b5f7818b,92676152-30f7-4140-8260-4a685af0ae55,0,0,0,0,0,0,0,0,2026-05-06 21:29:43.598301+00
1a565dc1-10a1-4081-8253-ca821ef567a1,b1f61572-1a1a-4ba6-903f-2594b5f7818b,7f7a2e35-522f-4546-a93a-f8e8b768625a,0,0,0,0,0,0,0,0,2026-05-06 21:29:43.598301+00
632df3d3-9bb9-41a2-8f1e-d3caa533a0e8,b1f61572-1a1a-4ba6-903f-2594b5f7818b,c7b27eb6-1b82-4dd7-b85b-29b624d48f3e,0,0,0,0,0,0,0,0,2026-05-06 21:29:43.598301+00
d9a27bdd-f7dc-4cfb-985d-62626b0ed450,b1f61572-1a1a-4ba6-903f-2594b5f7818b,3b13b800-9e96-4de1-a804-70e9636410b5,0,0,0,0,0,0,0,0,2026-05-06 21:29:43.598301+00
285fb39a-e5f4-4a9e-9838-ffda80675281,b1f61572-1a1a-4ba6-903f-2594b5f7818b,9fcd654b-8d94-44d8-aa97-42482e37cc4c,0,0,0,0,0,0,0,0,2026-05-06 21:29:43.598301+00
3328b712-04d9-47ca-819a-2a9341013ab2,b1f61572-1a1a-4ba6-903f-2594b5f7818b,a954bc99-5e99-4507-801c-f722856df6c8,0,0,0,0,0,0,0,0,2026-05-06 21:29:43.598301+00
